date,Open,High,Low,Close,Volume
2022-03-30,14.88,15.1,14.35,14.79,375129
2022-03-31,14.72,14.73,14.04,14.04,290938
2022-04-01,14.35,14.61,14.02,14.61,413314
2022-04-04,14.7,15.33,14.58,15.33,169876
2022-04-05,15.14,15.23,14.01,14.01,246326
2022-04-06,13.58,13.83,12.94,13.71,523007
2022-04-07,13.74,14.2,13.37,14.12,358771
2022-04-08,13.94,14.46,13.76,14.09,229826
2022-04-11,13.83,13.95,13.3,13.3,300742
2022-04-12,13.63,13.91,13.14,13.15,310624
2022-04-13,13.14,14.13,13.1,14.04,553931
2022-04-14,14.26,14.5,13.74,13.79,656440
2022-04-18,13.64,14.05,13.6,13.89,216283
2022-04-19,13.95,14.74,13.89,14.59,360494
2022-04-20,14.84,15.03,14.55,14.95,435305
2022-04-21,15.23,15.23,13.55,13.4,706911
2022-04-22,13.78,13.86,12.01,12.14,1413954
2022-04-25,11.9,12.43,11.39,11.98,1529835
2022-04-26,12.16,12.16,11.02,11.07,997109
2022-04-27,11.05,11.53,10.84,10.85,659234
2022-04-28,11.46,11.9,11.13,11.51,833479
2022-04-29,11.27,11.6,10.5,10.54,940905
2022-05-02,10.66,10.78,10.0,10.74,3398225
2022-05-03,10.86,11.38,10.76,11.33,654408
2022-05-04,11.5,12.46,11.33,12.41,1187609
2022-05-05,12.07,12.16,9.9,10.36,2220847
2022-05-06,10.02,10.32,9.46,10.31,2981812
2022-05-09,9.81,9.94,9.39,9.53,4124871
2022-05-10,9.92,9.96,9.42,9.77,2048535
2022-05-11,9.75,10.26,9.64,9.83,2062233
2022-05-12,9.69,10.08,9.49,10.06,1603311
2022-05-13,10.39,10.66,10.28,10.66,1599369
2022-05-16,10.64,11.11,10.64,11.11,1325656
2022-05-17,11.41,11.53,11.16,11.37,1294539
2022-05-18,11.12,11.2,9.71,9.79,2464780
2022-05-19,9.59,10.42,9.53,10.35,3793260
2022-05-20,10.73,10.74,9.56,10.33,9190582
2022-05-23,10.6,10.64,10.16,10.49,4148910
2022-05-24,10.29,10.48,9.94,10.45,1620022
2022-05-25,10.24,10.77,10.24,10.61,1905313
2022-05-26,10.76,10.89,10.72,10.73,1789664
2022-05-27,10.99,11.18,10.93,11.18,969149
2022-05-31,10.95,11.42,10.7,11.35,2538243
2022-06-01,11.51,11.62,10.85,11.45,2144697
2022-06-02,11.39,11.87,11.33,11.65,1302973
2022-06-03,11.43,11.63,11.29,11.54,1084128
2022-06-06,11.78,11.84,11.53,11.69,1517254
2022-06-07,11.42,12.03,11.38,12.0,1506599
2022-06-08,11.86,12.08,11.74,12.03,1464252
2022-06-09,11.82,12.01,11.39,11.44,2172377
2022-06-10,10.98,11.1,10.49,10.72,2872806
2022-06-13,9.88,10.0,9.14,9.29,3667867
2022-06-14,9.37,9.65,9.23,9.55,2320160
2022-06-15,9.79,10.41,9.74,10.09,2839611
2022-06-16,9.58,9.7,9.2,9.5,3327869
2022-06-17,9.52,9.84,9.35,9.74,2630162
2022-06-21,10.12,10.28,9.91,9.93,1861201
2022-06-22,9.78,10.34,9.73,10.32,2331618
2022-06-23,10.39,10.42,10.07,10.34,2957422
2022-06-24,10.5,10.67,10.49,10.5,1639521
2022-06-27,10.59,10.88,10.48,10.84,2010111
2022-06-28,11.0,11.07,10.43,10.53,3465748
2022-06-29,10.45,10.63,10.26,10.5,1399372
2022-06-30,10.29,10.48,9.98,10.4,1999992
2022-07-01,10.3,10.71,10.1,10.66,1860568
2022-07-05,10.28,10.7,10.06,10.67,2145193
2022-07-06,10.62,10.9,10.48,10.83,1722079
2022-07-07,10.9,11.11,10.89,10.98,1387969
2022-07-08,10.93,11.27,10.92,11.17,1902388
2022-07-11,11.0,11.08,10.79,10.88,1795023
2022-07-12,10.86,11.1,10.64,10.79,2108214
2022-07-13,10.48,11.03,10.46,10.93,1809243
2022-07-14,10.56,10.94,10.41,10.91,1857721
2022-07-15,11.15,11.47,11.06,11.45,1999847
2022-07-18,11.5,11.61,11.02,11.12,2139354
2022-07-19,11.33,11.49,11.27,11.28,1674172
2022-07-20,11.35,11.6,11.29,11.54,2305943
2022-07-21,11.57,11.83,11.39,11.81,2257948
2022-07-22,11.85,11.95,11.53,11.89,1689446
2022-07-25,11.91,12.12,11.82,12.0,2162486
2022-07-26,11.9,11.92,11.54,11.72,1809384
2022-07-27,12.02,12.34,11.98,12.12,2271849
2022-07-28,12.27,12.74,12.08,12.7,1866276
2022-07-29,12.78,12.93,12.64,12.81,1812848
2022-08-01,12.61,12.81,12.35,12.4,1821240
2022-08-02,12.23,12.67,12.0,12.26,1735343
2022-08-03,12.5,12.95,12.47,12.9,1516204
2022-08-04,12.73,12.86,12.55,12.83,1442604
2022-08-05,12.58,13.15,12.54,13.13,1666085
2022-08-08,13.15,13.46,12.85,13.08,1122580
2022-08-09,12.93,13.11,12.78,12.99,717107
2022-08-10,13.46,13.78,13.38,13.74,1615535
2022-08-11,13.76,13.86,13.34,13.61,1468505
2022-08-12,13.72,14.08,13.64,13.77,832843
2022-08-15,13.57,14.08,13.57,13.98,1101246
2022-08-16,13.98,14.05,13.74,13.89,1293111
2022-08-17,13.76,14.1,13.58,13.94,1833429
2022-08-18,13.91,14.17,13.8,14.13,1482869
2022-08-19,13.87,13.9,13.19,13.46,1270255
2022-08-22,12.82,13.03,12.51,12.58,2356028
2022-08-23,12.61,12.99,12.57,12.78,1376668
2022-08-24,12.88,13.29,12.83,13.26,941070
2022-08-25,13.34,13.69,13.21,13.64,1133796
2022-08-26,13.56,13.68,12.23,12.28,2222671
2022-08-29,12.11,12.51,12.06,12.38,1449868
2022-08-30,12.49,12.52,11.96,12.14,1777940
2022-08-31,12.4,12.59,12.23,12.41,919398
2022-09-01,12.18,12.56,11.86,12.5,1343035
2022-09-02,12.94,13.1,12.19,12.37,1660340
2022-09-06,12.66,12.68,12.06,12.1,1418304
2022-09-07,12.08,12.81,12.07,12.75,1315185
2022-09-08,12.56,13.01,12.47,12.97,1454838
2022-09-09,13.18,13.32,13.1,13.1,1427478
2022-09-12,13.36,13.45,12.99,13.16,1816857
2022-09-13,12.59,12.77,11.79,12.0,3266104
2022-09-14,12.0,12.15,11.81,12.01,1747273
2022-09-15,11.98,12.34,11.94,12.08,1962896
2022-09-16,11.73,12.13,11.45,12.07,1810829
2022-09-19,11.82,12.52,11.82,12.42,1949255
2022-09-20,12.15,12.26,11.84,12.0,1637387
2022-09-21,12.17,12.41,11.62,11.62,2249911
2022-09-22,11.71,11.9,11.44,11.69,2639276
2022-09-23,11.41,11.43,10.48,10.84,3827467
2022-09-26,10.74,11.16,10.48,10.57,2401613
2022-09-27,10.85,10.92,10.16,10.41,3716916
2022-09-28,10.52,10.98,10.32,10.85,3440716
2022-09-29,10.53,10.57,10.06,10.52,3818551
2022-09-30,10.45,10.86,10.28,10.31,3082802
2022-10-03,10.61,10.96,10.52,10.77,2079076
2022-10-04,11.2,11.26,11.02,11.16,2569412
2022-10-05,10.98,11.17,10.72,11.08,2033632
2022-10-06,11.17,11.23,10.7,10.75,1972183
2022-10-07,10.6,10.64,10.24,10.32,3824288
2022-10-10,10.26,10.27,9.82,10.07,3380795
2022-10-11,10.01,10.25,9.78,9.9,3598715
2022-10-12,9.94,10.12,9.89,10.03,3791404
2022-10-13,9.83,10.38,9.83,10.29,4935403
2022-10-14,10.49,10.54,9.88,10.09,2792577
2022-10-17,10.38,10.54,10.3,10.33,2256803
2022-10-18,10.54,10.57,10.26,10.54,2960734
2022-10-19,10.46,10.59,10.28,10.46,3170834
2022-10-20,10.51,10.79,10.42,10.59,4479986
2022-10-21,10.64,10.84,10.58,10.62,3034266
2022-10-24,10.73,10.82,10.47,10.81,3240095
2022-10-25,10.78,11.24,10.76,11.22,2333332
2022-10-26,11.11,11.52,11.1,11.46,3474420
2022-10-27,11.53,11.75,11.46,11.68,3742119
2022-10-28,11.68,12.06,11.68,11.95,3085491
2022-10-31,11.89,12.16,11.86,12.14,3608737
2022-11-01,12.26,12.3,12.09,12.27,3409797
2022-11-02,12.16,12.37,11.88,11.92,3021569
2022-11-03,11.78,12.29,11.64,12.21,3070169
2022-11-04,12.47,12.71,12.08,12.34,3493140
2022-11-07,12.41,12.61,12.3,12.49,2510342
2022-11-08,12.56,12.6,11.98,12.12,3727895
2022-11-09,12.1,12.1,11.64,11.73,2689199
2022-11-10,12.4,12.63,12.28,12.36,3250500
2022-11-11,12.24,12.55,12.18,12.52,2822534
2022-11-14,12.5,12.86,12.49,12.53,3484581
2022-11-15,12.8,12.84,11.99,12.37,4372981
2022-11-16,12.5,12.72,12.46,12.68,2774500
2022-11-17,12.35,12.85,12.35,12.8,2418873
2022-11-18,12.92,12.98,12.67,12.95,3222287
2022-11-21,12.89,13.34,12.89,13.32,3104462
2022-11-22,13.44,13.79,13.41,13.77,2196726
2022-11-23,13.74,14.09,13.67,14.08,2595532
2022-11-25,13.93,14.05,13.86,13.99,878537
2022-11-28,13.68,13.85,13.34,13.46,2074206
2022-11-29,13.52,13.7,13.37,13.65,1567026
2022-11-30,13.65,14.26,13.41,14.16,2422677
2022-12-01,14.2,14.44,13.9,14.44,2116543
2022-12-02,14.08,14.71,14.08,14.68,2445510
2022-12-05,14.47,14.72,14.13,14.42,2103379
2022-12-06,14.48,14.62,13.86,13.99,3665934
2022-12-07,13.92,14.03,13.67,13.81,2252157
2022-12-08,13.83,14.16,13.67,14.09,1869060
2022-12-09,13.99,14.1,13.71,13.75,1810011
2022-12-12,13.76,13.98,13.68,13.82,3017070
2022-12-13,14.59,14.64,13.9,14.4,2702239
2022-12-14,14.42,14.98,14.26,14.91,2723183
2022-12-15,14.58,14.71,13.62,13.93,3903542
2022-12-16,13.65,14.08,13.47,13.86,3523885
2022-12-19,13.95,14.47,13.95,14.25,3480245
2022-12-20,14.19,14.51,13.98,14.33,2809682
2022-12-21,14.67,14.96,14.62,14.85,3239338
2022-12-22,14.76,14.82,13.37,14.05,5571194
2022-12-23,14.07,14.55,13.95,14.42,2829642
2022-12-27,14.42,14.55,14.15,14.49,2562998
2022-12-28,14.56,14.84,14.41,14.44,2983508
2022-12-29,14.67,14.84,14.62,14.67,1724452
2022-12-30,14.45,14.67,14.32,14.66,3435439
2023-01-03,14.79,14.88,14.26,14.76,2795357
2023-01-04,14.91,15.21,14.8,15.21,2301065
2023-01-05,14.99,15.13,14.81,15.07,2412252
2023-01-06,15.33,15.63,15.16,15.41,1928212
2023-01-09,15.46,15.64,15.16,15.34,2431662
2023-01-10,15.22,16.0,15.22,15.93,2051210
2023-01-11,16.06,16.06,15.8,15.86,1779406
2023-01-12,16.16,16.69,15.96,16.67,2825662
2023-01-13,16.6,17.23,16.56,17.06,2403570
2023-01-17,16.79,17.08,16.64,16.91,3348304
2023-01-18,17.09,17.18,16.23,16.38,3564658
2023-01-19,15.94,16.5,15.72,16.3,2814139
2023-01-20,16.4,16.92,16.21,16.82,2657702
2023-01-23,16.97,17.07,16.74,17.0,3334622
2023-01-24,16.87,17.67,16.85,17.61,2523506
2023-01-25,17.07,17.63,16.55,17.57,3309151
2023-01-26,17.75,17.89,17.41,17.82,2431314
2023-01-27,17.78,18.41,17.75,18.07,2054410
2023-01-30,17.59,17.76,17.27,17.6,1986085
2023-01-31,17.54,18.13,17.49,17.98,972946
2023-02-01,18.01,18.75,17.59,18.56,2665939
2023-02-02,18.98,19.08,17.6,18.12,2214114
2023-02-03,17.63,18.15,17.33,17.97,1754558
2023-02-06,17.68,17.86,17.41,17.52,1663901
2023-02-07,17.34,18.21,17.34,18.06,2828528
2023-02-08,17.82,18.1,17.02,17.31,2571152
2023-02-09,17.6,17.81,16.74,16.83,2880220
2023-02-10,16.35,16.75,16.17,16.65,2617759
2023-02-13,16.88,17.29,16.81,17.19,2111411
2023-02-14,17.45,18.06,17.25,17.91,2340406
2023-02-15,17.8,18.22,17.74,18.22,2235867
2023-02-16,17.68,18.08,17.28,17.25,2721931
2023-02-17,16.97,17.31,16.62,17.25,2916929
2023-02-21,16.47,16.71,15.87,16.01,3067803
2023-02-22,15.98,16.56,15.76,16.47,3423501
2023-02-23,16.79,17.1,16.3,16.99,2544887
2023-02-24,16.45,16.52,15.97,16.4,3922575
2023-02-27,16.79,17.15,16.79,16.98,1930659
2023-02-28,17.02,17.54,17.0,17.38,1287042
2023-03-01,17.28,17.53,16.8,17.17,3100276
2023-03-02,16.89,17.83,16.87,17.81,2039742
2023-03-03,18.02,18.42,17.91,18.38,2050198
2023-03-06,18.47,18.7,18.4,18.63,1245400
2023-03-07,18.59,18.9,18.07,18.14,1777773
2023-03-08,18.11,18.59,18.03,18.49,948732
2023-03-09,18.66,18.8,16.46,16.51,1876897
2023-03-10,16.4,16.46,13.07,14.93,6435656
2023-03-13,13.22,14.59,12.88,14.29,5096606
2023-03-14,15.24,15.81,14.57,15.06,5350083
2023-03-15,13.72,14.22,12.47,13.95,7915180
2023-03-16,13.41,15.14,13.35,15.07,4848001
2023-03-17,14.68,14.91,13.26,13.48,5150766
2023-03-20,13.48,14.16,13.26,14.09,6136555
2023-03-21,14.74,15.38,14.74,15.33,5325145
2023-03-22,15.45,15.92,14.76,14.76,5751852
2023-03-23,15.29,15.79,14.13,14.38,5396429
2023-03-24,13.96,14.99,13.37,14.93,4951410
2023-03-27,15.29,15.62,15.06,15.55,4760418
2023-03-28,15.47,15.96,15.4,15.91,4026704
2023-03-29,16.33,16.54,16.17,16.47,2655963
2023-03-30,16.5,16.58,15.89,16.46,1913654
2023-03-31,16.56,16.75,16.44,16.51,1864250
2023-04-03,16.48,16.96,16.21,16.93,2078059
2023-04-04,16.81,16.85,16.11,16.6,4122229
2023-04-05,16.51,16.77,16.18,16.71,2622772
2023-04-06,16.61,17.17,16.45,17.02,2393496
2023-04-10,16.82,17.3,16.74,17.2,2049015
2023-04-11,17.37,17.61,17.25,17.34,1778904
2023-04-12,17.67,17.76,17.13,17.27,2980244
2023-04-13,17.55,17.95,17.55,17.9,2238655
2023-04-14,17.79,18.18,17.64,18.11,3697960
2023-04-17,18.27,18.78,18.25,18.72,2590028
2023-04-18,18.79,18.98,18.52,18.79,2221689
2023-04-19,18.68,19.06,18.59,18.83,1807050
2023-04-20,18.48,18.92,18.28,18.42,1915427
2023-04-21,18.6,18.83,18.24,18.77,1891694
2023-04-24,18.78,18.9,18.52,18.83,1622351
2023-04-25,18.59,18.76,17.17,17.26,3189747
2023-04-26,17.6,18.22,17.42,17.71,2155666
2023-04-27,18.37,18.72,18.31,18.49,1772526
2023-04-28,18.6,19.26,18.6,19.25,1812003
2023-05-01,19.44,19.99,19.36,19.59,1884537
2023-05-02,19.2,19.21,17.31,18.67,4008565
2023-05-03,18.54,19.07,18.04,18.03,2469922
2023-05-04,17.75,17.89,16.68,17.26,4477408
2023-05-05,17.92,18.65,17.84,18.53,2846516
2023-05-08,18.66,18.9,18.4,18.84,1732153
2023-05-09,18.52,18.67,18.34,18.46,1625440
2023-05-10,19.0,19.21,18.15,18.92,3148122
2023-05-11,18.68,19.2,18.29,19.14,1918080
2023-05-12,19.32,19.46,18.66,19.1,2101466
2023-05-15,19.34,19.64,19.07,19.64,1862997
2023-05-16,19.41,19.64,19.02,19.07,1912291
2023-05-17,19.52,19.79,19.28,19.69,1848348
2023-05-18,19.76,20.54,19.67,20.48,1390738
2023-05-19,20.66,20.74,19.5,19.91,2519192
2023-05-22,19.95,20.25,19.48,19.9,1530563
2023-05-23,19.62,20.15,19.25,19.48,2096231
2023-05-24,19.06,19.09,18.56,18.79,2291516
2023-05-25,19.28,19.4,18.88,19.19,1543012
2023-05-26,19.64,20.43,19.6,19.98,1442592
2023-05-30,20.66,20.8,19.83,20.45,1375300
2023-05-31,20.34,20.8,20.0,20.61,1481413
2023-06-01,20.9,21.83,20.83,21.81,975569
2023-06-02,22.38,22.88,22.2,22.65,1324847
2023-06-05,22.7,23.13,22.54,23.13,1092946
2023-06-06,23.27,24.52,23.14,24.46,919020
2023-06-07,24.39,24.5,23.93,24.31,1145478
2023-06-08,24.34,25.2,24.18,24.97,1215071
2023-06-09,25.03,25.13,24.45,24.78,743253
2023-06-12,24.7,24.85,24.33,24.71,491637
2023-06-13,24.97,25.17,24.62,24.73,625595
2023-06-14,24.84,25.5,24.78,25.47,1197656
2023-06-15,25.73,25.77,24.8,24.82,709866
2023-06-16,24.79,25.72,24.67,25.74,609933
2023-06-20,25.48,25.68,25.05,25.65,807785
2023-06-21,25.97,26.3,25.75,26.21,872281
2023-06-22,25.94,26.98,25.88,26.8,778358
2023-06-23,26.19,26.83,25.9,26.46,1221903
2023-06-26,26.43,27.09,26.38,26.49,890485
2023-06-27,26.78,27.72,26.75,27.25,930526
2023-06-28,27.43,28.28,27.35,28.2,695653
2023-06-29,28.02,28.07,27.44,27.62,880269
2023-06-30,27.99,28.28,27.78,28.07,707929
2023-07-03,28.15,28.27,27.81,28.19,431358
2023-07-05,27.74,28.12,27.65,27.72,516692
2023-07-06,26.46,26.51,23.66,26.25,2788465
2023-07-07,26.03,27.26,25.95,26.78,1474040
2023-07-10,26.83,27.19,26.47,27.07,927077
2023-07-11,27.61,27.76,26.86,27.31,1048541
2023-07-12,28.21,28.9,28.18,28.88,878526
2023-07-13,29.38,29.58,28.6,28.67,953642
2023-07-14,28.58,29.17,28.26,28.95,1665444
2023-07-17,28.86,29.59,28.85,29.09,578670
2023-07-18,29.16,29.63,29.03,29.41,439475
2023-07-19,29.82,29.83,28.65,28.82,1060474
2023-07-20,28.62,29.23,28.35,28.9,1861178
2023-07-21,29.26,29.73,29.03,29.19,1028303
2023-07-24,29.27,29.94,29.23,29.72,539608
2023-07-25,29.7,30.3,29.58,29.59,810981
2023-07-26,29.43,30.57,29.37,30.42,1014038
2023-07-27,31.02,31.07,28.38,29.08,1426090
2023-07-28,30.07,30.41,29.36,30.15,926344
2023-07-31,30.26,30.41,29.84,30.4,816355
2023-08-01,29.71,30.04,29.4,29.93,671494
2023-08-02,28.0,28.22,26.47,27.17,3379170
2023-08-03,26.31,27.74,25.91,27.38,1797497
2023-08-04,28.33,28.82,26.1,26.48,2068985
2023-08-07,27.0,27.82,26.77,27.74,1141560
2023-08-08,26.66,27.31,24.72,27.34,3235263
2023-08-09,27.53,28.09,26.38,27.48,2574765
2023-08-10,28.42,29.0,26.58,27.4,3640429
2023-08-11,26.9,28.54,26.71,28.42,2243112
2023-08-14,28.02,29.02,27.58,28.93,2812462
2023-08-15,28.47,28.5,27.0,27.16,2914370
2023-08-16,27.25,28.05,26.75,26.75,1936596
2023-08-17,27.09,27.29,25.53,25.52,2508071
2023-08-18,24.78,26.39,24.61,26.13,3196343
2023-08-21,26.5,26.99,25.99,26.78,2098256
2023-08-22,27.4,27.44,26.28,26.72,2522622
2023-08-23,27.12,27.7,27.01,27.6,1878829
2023-08-24,28.0,28.17,26.4,26.46,2362452
2023-08-25,26.81,27.95,26.18,27.69,2152451
2023-08-28,28.21,28.8,28.1,28.74,1219522
2023-08-29,28.9,29.73,28.78,29.42,1977542
2023-08-30,29.85,30.5,29.53,30.44,1492047
2023-08-31,30.51,31.18,30.38,31.04,1213914
2023-09-01,31.58,31.76,31.19,31.45,680442
2023-09-05,31.29,31.73,30.81,31.24,848429
2023-09-06,31.05,31.22,29.96,30.65,1548119
2023-09-07,29.7,30.88,29.33,30.66,1564342
2023-09-08,30.84,31.77,30.78,31.29,1522365
2023-09-11,31.95,32.19,31.43,32.01,696436
2023-09-12,31.73,32.42,31.58,31.88,1157848
2023-09-13,32.05,32.65,32.0,32.46,1580873
2023-09-14,32.93,33.46,32.79,33.32,982788
2023-09-15,33.24,33.53,31.98,32.08,2051045
2023-09-18,31.79,32.84,31.47,32.34,1238075
2023-09-19,32.29,32.71,31.55,32.42,1552088
2023-09-20,33.05,33.25,31.21,31.26,1458712
2023-09-21,29.85,30.5,28.75,28.76,4063280
2023-09-22,28.87,29.82,28.64,28.73,3173169
2023-09-25,28.03,28.93,27.65,28.73,2181160
2023-09-26,28.1,28.42,25.92,26.13,3870852
2023-09-27,26.84,27.19,25.65,27.14,3469624
2023-09-28,27.18,28.64,26.82,28.39,2563838
2023-09-29,29.57,29.69,27.82,27.88,2108116
2023-10-02,27.77,28.59,27.21,27.83,3605272
2023-10-03,27.0,27.52,24.79,25.35,3997804
2023-10-04,25.62,26.6,25.29,26.36,2558354
2023-10-05,26.43,26.84,25.29,26.81,2606611
2023-10-06,26.02,27.74,25.36,27.19,2267910
2023-10-09,26.26,27.57,25.88,27.56,1790577
2023-10-10,27.86,28.83,27.83,28.52,1717433
2023-10-11,28.86,29.15,27.51,28.96,1969333
2023-10-12,29.26,29.91,27.16,28.32,3435530
2023-10-13,28.44,28.61,24.24,24.95,5874853
2023-10-16,25.89,27.36,25.84,26.96,2347975
2023-10-17,26.28,27.73,25.98,26.52,2807458
2023-10-18,25.93,26.14,24.51,24.86,5144704
2023-10-19,25.23,25.58,23.53,23.64,4532252
2023-10-20,23.64,24.15,23.04,23.43,3623438
2023-10-23,23.03,25.03,22.66,24.23,3306252
2023-10-24,24.9,25.46,24.26,25.35,3278205
2023-10-25,25.24,25.24,23.11,23.72,3945154
2023-10-26,23.69,24.06,22.79,23.49,3996476
2023-10-27,23.96,24.25,22.58,22.74,3920393
2023-10-30,23.59,24.44,23.53,24.41,2601225
2023-10-31,24.56,25.98,24.3,25.91,2346648
2023-11-01,26.17,27.22,26.17,27.09,3048088
2023-11-02,27.77,28.07,27.27,28.03,2336613
2023-11-03,28.56,28.85,28.31,28.61,1885485
2023-11-06,29.09,29.64,28.79,29.61,1814602
2023-11-07,29.68,29.96,29.38,29.74,1734392
2023-11-08,30.12,30.42,29.39,30.29,1593125
2023-11-09,30.69,30.69,28.82,29.02,3050183
2023-11-10,29.66,30.56,29.57,30.32,2077017
2023-11-13,30.07,30.92,29.88,30.61,2181474
2023-11-14,31.52,31.73,30.78,30.75,1038708
2023-11-15,31.23,31.53,31.02,31.47,1030420
2023-11-16,31.48,31.94,31.3,31.78,1433287
2023-11-17,32.09,32.48,31.76,32.4,980046
2023-11-20,32.58,32.95,32.5,32.58,974164
2023-11-21,32.35,33.28,32.23,33.09,1201684
2023-11-22,33.53,33.62,32.6,32.83,939457
2023-11-24,33.16,34.4,33.05,34.3,780936
2023-11-27,34.08,34.33,34.03,34.16,459710
2023-11-28,34.29,34.85,33.98,34.5,649233
2023-11-29,34.91,34.98,33.93,34.02,1183494
2023-11-30,34.33,34.61,33.81,34.58,930146
2023-12-01,34.78,35.09,34.61,34.66,847660
2023-12-04,34.1,34.58,33.51,34.48,1090586
2023-12-05,34.49,34.8,34.3,34.62,662250
2023-12-06,35.06,35.27,34.44,34.51,501515
2023-12-07,34.73,34.78,34.41,34.66,477765
2023-12-08,34.75,35.46,34.75,35.26,544642
2023-12-11,35.66,36.31,35.48,36.31,305509
2023-12-12,36.69,37.44,36.57,37.2,450591
2023-12-13,37.46,37.91,36.88,37.7,704490
2023-12-14,38.16,38.18,36.7,37.94,1023124
2023-12-15,37.71,37.94,36.62,36.84,744655
2023-12-18,36.93,36.93,36.51,36.6,741783
2023-12-19,36.35,36.56,35.99,36.07,548718
2023-12-20,36.25,36.47,33.42,33.99,1220962
2023-12-21,34.42,35.03,33.67,34.61,1473730
2023-12-22,34.69,35.47,34.04,35.41,1537948
2023-12-26,35.6,36.39,35.34,36.39,405598
2023-12-27,36.98,37.72,36.64,37.64,550431
2023-12-28,37.99,38.04,37.29,37.75,894077
2023-12-29,38.01,38.04,36.88,37.73,972560
2024-01-02,36.81,37.97,36.19,37.81,1219266
2024-01-03,37.23,37.66,35.95,36.46,1176009
2024-01-04,36.46,37.16,36.27,36.51,602274
2024-01-05,36.69,37.82,36.69,37.49,1003776
2024-01-08,37.59,38.79,37.43,38.38,601973
2024-01-09,38.02,39.34,38.01,39.28,441700
2024-01-10,39.68,39.95,39.45,39.62,413218
2024-01-11,40.23,40.3,38.35,39.76,850251
2024-01-12,40.0,40.15,39.05,39.19,819492
2024-01-16,38.47,38.82,37.07,37.84,988748
2024-01-17,36.73,37.58,35.56,36.51,1503293
2024-01-18,37.09,37.88,36.57,37.59,800794
2024-01-19,38.5,38.8,38.15,38.52,705422
2024-01-22,39.18,39.94,38.74,39.93,559435
2024-01-23,40.19,41.04,40.14,41.0,498683
2024-01-24,41.48,41.48,39.82,39.85,753350
2024-01-25,39.91,40.12,39.28,39.74,559571
2024-01-26,39.88,40.15,39.47,39.64,734671
2024-01-29,39.86,39.86,38.72,39.44,618887
2024-01-30,39.82,40.1,39.5,40.08,318065
2024-01-31,40.0,40.0,37.8,37.67,1491411
2024-02-01,38.65,38.98,37.67,38.31,841414
2024-02-02,38.39,39.02,38.03,38.33,815874
2024-02-05,38.69,39.84,37.75,39.84,1174025
2024-02-06,40.01,40.83,39.6,40.75,887124
2024-02-07,40.95,41.14,40.53,40.86,504985
2024-02-08,40.76,41.24,40.36,41.04,627216
2024-02-09,41.06,41.46,40.64,40.61,474061
2024-02-12,40.98,41.0,39.48,39.87,759845
2024-02-13,39.0,39.0,34.79,37.1,2346200
2024-02-14,38.16,38.9,37.62,38.75,1300288
2024-02-15,39.01,39.46,38.43,39.05,913435
2024-02-16,38.98,39.92,38.43,38.95,1368713
2024-02-20,38.73,38.81,37.0,37.88,1403531
2024-02-21,37.51,38.28,37.32,38.17,791099
2024-02-22,39.39,39.98,38.95,38.99,1174605
2024-02-23,39.4,40.45,39.28,40.26,792203
2024-02-26,40.6,40.94,40.51,40.81,527245
2024-02-27,41.0,41.5,41.0,41.45,394014
2024-02-28,41.23,41.32,40.45,40.83,658366
2024-02-29,41.32,41.56,40.34,41.32,665331
2024-03-01,41.62,41.91,40.84,41.12,832092
2024-03-04,41.48,41.5,41.02,41.28,595843
2024-03-05,40.71,40.96,38.58,39.9,1344411
2024-03-06,40.57,40.75,39.18,39.52,767606
2024-03-07,40.18,40.3,39.2,39.51,915884
2024-03-08,40.22,40.39,37.36,38.67,2009385
2024-03-11,38.28,39.34,37.66,38.93,886815
2024-03-12,39.69,41.0,39.33,40.82,1225126
2024-03-13,40.82,41.22,40.74,41.18,391732
2024-03-14,41.28,41.52,38.62,39.7,1067055
2024-03-15,39.62,39.95,38.02,39.2,950732
2024-03-18,39.83,40.35,39.76,40.2,700587
2024-03-19,39.91,41.05,39.74,40.91,569128
2024-03-20,41.09,42.05,40.81,41.82,743954
2024-03-21,42.4,42.67,41.74,42.32,814672
2024-03-22,42.2,42.72,41.85,41.97,407574
2024-03-25,42.07,42.66,41.97,42.27,342058
2024-03-26,42.61,43.13,42.41,42.5,297743
2024-03-27,43.1,43.29,42.22,43.28,245615
2024-03-28,43.11,43.38,42.38,42.36,394533
2024-04-01,42.8,42.8,41.44,42.11,466160
2024-04-02,40.6,41.0,39.58,41.0,786863
2024-04-03,40.28,41.64,40.17,41.17,574524
2024-04-04,41.7,42.16,38.11,38.52,1471680
2024-04-05,38.8,39.84,38.19,38.55,1022137
2024-04-08,39.36,40.37,39.04,40.1,714139
2024-04-09,40.11,40.5,38.63,40.37,925864
2024-04-10,39.2,39.78,38.16,39.56,1604944
2024-04-11,39.5,40.8,38.09,40.48,1467367
2024-04-12,38.61,38.66,35.11,36.94,4599492
2024-04-15,38.01,38.35,34.8,35.14,2550736
2024-04-16,35.3,36.64,34.89,36.02,1394613
2024-04-17,36.22,36.94,34.85,36.24,1676073
2024-04-18,36.83,37.28,35.6,36.06,1184556
2024-04-19,36.08,36.7,34.61,35.16,1350479
2024-04-22,36.37,38.15,36.36,37.75,1268786
2024-04-23,38.52,39.46,38.42,39.13,1389204
2024-04-24,39.34,39.6,38.51,39.54,1073699
2024-04-25,37.43,38.88,36.85,38.63,1261797
2024-04-26,39.6,40.05,39.38,39.85,1089425
2024-04-29,40.12,40.8,39.7,40.44,536550
2024-04-30,40.49,40.9,39.25,39.29,765271
2024-05-01,38.99,40.88,38.65,39.05,1766116
2024-05-02,40.08,40.52,38.9,40.4,557071
2024-05-03,41.72,41.9,40.95,41.77,982431
2024-05-06,42.3,42.8,42.3,42.76,574521
2024-05-07,43.0,43.0,42.6,42.97,396432
2024-05-08,42.97,43.35,42.8,43.29,387236
2024-05-09,43.26,43.5,42.8,43.5,424188
2024-05-10,43.46,44.05,43.35,43.87,376813
2024-05-13,44.19,44.24,43.29,43.55,443320
2024-05-14,43.48,44.5,43.22,44.26,851646
2024-05-15,45.2,46.2,44.7,46.09,409792
2024-05-16,46.07,46.13,45.54,46.02,367554
2024-05-17,46.05,46.65,45.87,46.55,320745
2024-05-20,46.7,47.09,46.22,46.57,354351
2024-05-21,46.59,47.47,46.43,47.3,281749
2024-05-22,47.15,47.6,45.68,46.16,740684
2024-05-23,47.24,47.53,45.15,45.72,1059842
2024-05-24,45.79,47.15,45.79,46.95,548934
2024-05-28,47.24,47.24,45.2,45.91,816309
2024-05-29,44.05,45.0,43.84,44.24,957772
2024-05-30,44.11,45.05,43.49,44.18,705581
2024-05-31,45.12,45.7,43.16,45.52,1032915
2024-06-03,46.06,46.24,44.11,45.65,858888
2024-06-04,45.0,45.79,44.28,45.57,670449
2024-06-05,46.02,46.47,45.2,46.34,537352
2024-06-06,46.61,46.77,46.08,46.65,909806
2024-06-07,46.74,47.44,46.46,47.02,426817
2024-06-10,46.28,47.36,46.06,47.16,717073
2024-06-11,46.54,47.37,45.98,47.17,677263
2024-06-12,48.06,48.33,47.59,47.94,699255
2024-06-13,47.95,48.29,46.75,48.1,798632
2024-06-14,46.8,47.29,45.66,46.62,1152110
2024-06-17,46.51,47.35,46.02,46.9,636596
2024-06-18,47.18,47.4,46.55,46.91,456686
2024-06-20,47.05,47.05,45.07,45.37,771242
2024-06-21,45.04,46.58,44.61,46.21,655490
2024-06-24,46.06,47.0,45.86,46.44,383711
2024-06-25,46.63,47.52,46.29,47.42,462597
2024-06-26,47.24,47.94,47.1,47.82,434817
2024-06-27,48.0,48.25,47.77,48.3,475458
2024-06-28,48.18,48.42,47.47,47.67,593243
2024-07-01,48.06,49.39,47.87,49.29,492713
2024-07-02,49.04,50.01,49.0,49.89,244620
2024-07-03,49.86,50.09,49.51,49.57,194883
2024-07-05,49.77,49.89,49.08,49.51,398013
2024-07-08,49.97,50.58,49.96,50.26,414217
2024-07-09,50.29,50.55,49.86,50.13,351747
2024-07-10,50.18,50.93,50.12,50.36,224519
2024-07-11,50.79,50.88,49.34,50.13,662391
2024-07-12,50.69,51.59,50.69,50.73,449176
2024-07-15,51.17,51.3,49.81,50.03,654194
2024-07-16,50.26,50.4,49.63,49.67,407432
2024-07-17,48.33,49.0,47.27,48.01,1670102
2024-07-18,49.09,49.33,45.98,46.73,1532990
2024-07-19,46.0,46.61,44.3,44.81,1390251
2024-07-22,45.75,47.3,45.41,47.16,1183394
2024-07-23,47.05,48.04,46.8,47.3,647724
2024-07-24,46.06,46.1,40.85,41.33,2619787
2024-07-25,41.65,43.22,39.81,40.63,2099035
2024-07-26,42.07,43.13,41.79,43.03,1127290
2024-07-29,43.4,44.04,42.61,43.63,1044070
2024-07-30,43.92,44.0,40.9,42.41,1342616
2024-07-31,43.52,44.9,43.18,43.53,1398791
2024-08-01,43.67,43.91,38.29,39.78,2885779
2024-08-02,36.74,37.23,29.76,31.1,11648532
2024-08-05,18.77,26.34,17.5,19.0,23158787
2024-08-06,21.01,23.68,20.26,21.8,14307645
2024-08-07,24.35,24.43,21.05,22.0,9995729
2024-08-08,23.12,23.86,22.37,23.65,5979514
2024-08-09,23.89,26.74,23.4,26.63,5996158
2024-08-12,26.8,28.54,26.1,26.83,9648473
2024-08-13,27.47,28.93,27.47,28.87,3790797
2024-08-14,29.61,30.81,29.25,30.77,5485113
2024-08-15,31.61,32.38,31.11,31.93,5036497
2024-08-16,31.41,32.18,31.18,31.94,2924341
2024-08-19,31.9,32.85,31.76,32.62,3719448
2024-08-20,32.33,32.51,31.09,31.3,4172484
2024-08-21,31.33,31.43,30.09,30.85,3254789
2024-08-22,31.18,31.27,29.39,29.6,2453924
2024-08-23,30.32,31.39,29.99,31.27,3193866
2024-08-26,31.4,31.49,30.46,31.18,2978820
2024-08-27,30.78,31.89,30.57,31.87,1417379
2024-08-28,31.87,31.91,29.64,30.18,2952900
2024-08-29,31.08,31.57,30.69,31.15,2992277
2024-08-30,31.62,32.14,31.05,31.95,3067361
2024-09-03,31.31,31.37,24.77,26.0,6163281
2024-09-04,25.18,26.81,24.57,25.21,4607078
2024-09-05,25.5,26.68,25.23,26.25,3841862
2024-09-06,26.84,27.12,23.34,24.36,6090117
2024-09-09,24.91,26.07,24.62,25.8,3468032
2024-09-10,26.2,26.35,24.68,26.29,2727355
2024-09-11,26.7,27.42,24.3,27.39,5295310
2024-09-12,27.2,27.62,26.49,27.59,2851506
2024-09-13,27.5,28.3,27.39,27.7,2311227
2024-09-16,27.6,27.63,26.79,27.41,2174660
2024-09-17,27.44,27.72,26.48,26.93,2171660
2024-09-18,27.01,28.29,26.55,27.12,3512244
2024-09-19,28.15,28.45,27.7,28.22,2125954
2024-09-20,28.08,28.7,27.92,28.31,1784515
2024-09-23,28.65,28.87,27.99,28.26,1264873
2024-09-24,28.35,28.55,27.28,28.16,1494099
2024-09-25,28.0,28.39,27.71,27.79,1234217
2024-09-26,27.9,28.04,27.51,27.75,964714
2024-09-27,27.74,27.83,26.51,26.54,1596499
2024-09-30,26.37,27.1,25.75,27.07,1839478
2024-10-01,27.07,27.1,24.71,25.06,4497766
2024-10-02,25.04,25.58,24.35,25.43,1908838
2024-10-03,24.86,25.31,24.18,24.31,2858062
2024-10-04,24.87,25.33,24.45,25.19,2197252
2024-10-07,24.82,24.82,22.83,23.07,3711092
2024-10-08,23.74,24.16,23.5,23.88,1548444
2024-10-09,24.0,24.6,23.9,24.48,1213076
2024-10-10,24.27,24.38,23.81,24.18,1091458
2024-10-11,24.06,24.61,24.06,24.41,856278
2024-10-14,24.79,25.53,24.67,25.3,1397302
2024-10-15,25.7,25.91,24.32,24.41,1674292
2024-10-16,24.48,24.85,24.13,24.72,1163063
2024-10-17,24.94,25.14,24.61,25.1,1121257
2024-10-18,25.24,25.68,25.1,25.63,986705
2024-10-21,25.49,25.72,24.93,25.57,1217358
2024-10-22,25.3,25.84,25.0,25.68,953630
2024-10-23,25.41,25.46,23.75,24.37,2004203
2024-10-24,24.85,24.96,23.73,24.78,1465119
2024-10-25,25.06,25.33,23.63,23.69,2059691
2024-10-28,24.65,25.07,24.48,24.75,1113555
2024-10-29,24.64,25.21,24.5,24.87,736325
2024-10-30,24.65,25.03,24.2,24.29,1125673
2024-10-31,23.7,23.72,22.38,22.48,3060856
2024-11-01,23.0,23.51,22.75,22.8,1447276
2024-11-04,23.07,23.95,22.87,23.83,3520340
2024-11-05,24.1,25.11,24.09,25.07,3097972
2024-11-06,27.52,27.65,26.43,27.45,3572098
2024-11-07,27.98,28.41,27.91,28.3,2156329
2024-11-08,28.27,28.59,27.93,28.41,1764063
2024-11-11,28.76,28.95,28.43,28.47,2196837
2024-11-12,28.34,28.68,27.82,28.56,1422902
2024-11-13,28.75,29.34,28.47,29.2,1379916
2024-11-14,29.36,29.73,29.02,29.27,1208492
2024-11-15,28.78,28.94,25.84,27.22,3383827
2024-11-18,27.4,28.56,27.16,28.13,1191735
2024-11-19,26.54,27.94,26.4,27.22,2411321
2024-11-20,27.25,27.36,25.21,26.31,3257319
2024-11-21,27.02,27.16,25.59,26.53,1964707
2024-11-22,26.6,27.57,26.53,27.53,1341283
2024-11-25,28.38,28.5,27.24,28.44,1336868
2024-11-26,28.51,29.0,28.51,28.73,885993
2024-11-27,28.66,29.0,28.01,28.87,748624
2024-11-29,29.13,29.58,29.11,29.36,1135215
2024-12-02,29.5,29.77,29.38,29.67,885063
2024-12-03,29.5,29.99,29.01,29.84,754665
2024-12-04,30.1,30.38,29.65,29.65,912448
2024-12-05,29.43,29.76,29.35,29.48,868428
2024-12-06,30.07,30.23,29.71,30.0,668993
2024-12-09,30.1,30.18,29.11,29.45,1176300
2024-12-10,29.58,29.81,29.21,29.35,781106
2024-12-11,30.03,30.25,29.58,29.68,441583
2024-12-12,29.6,29.94,29.2,29.53,723142
2024-12-13,29.83,30.0,29.12,29.46,746098
2024-12-16,29.56,29.65,28.72,28.89,861404
2024-12-17,28.57,28.96,28.13,28.28,975263
2024-12-18,28.44,28.85,23.55,23.58,3180390
2024-12-19,24.89,25.15,21.3,21.48,8676885
2024-12-20,21.79,24.71,21.66,24.67,6957187
2024-12-23,24.99,26.18,24.16,26.16,3458921
2024-12-24,26.62,27.54,26.54,27.47,3020431
2024-12-26,27.14,27.59,26.45,27.43,2368004
2024-12-27,26.92,27.04,24.62,26.11,4675100
2024-12-30,24.79,26.3,23.88,25.56,3142526
2024-12-31,25.93,26.17,25.07,25.37,4405597
2025-01-02,25.87,25.87,23.63,24.79,3870330
2025-01-03,25.21,26.17,25.08,26.06,1938525
2025-01-06,26.28,26.7,25.75,26.37,2809289
2025-01-07,26.55,26.65,24.28,24.74,3288827
2025-01-08,24.53,25.08,23.69,24.87,2661878
2025-01-10,24.07,24.24,22.8,23.25,3977030
2025-01-13,22.5,23.87,22.44,23.75,2971337
2025-01-14,24.1,24.65,23.4,24.15,2514005
2025-01-15,25.35,26.13,25.32,26.1,3073019
2025-01-16,26.12,26.34,25.92,26.06,1320793
2025-01-17,26.59,26.63,25.88,25.9,1157547
2025-01-21,26.44,27.03,26.22,27.02,2138477
2025-01-22,27.0,27.05,26.47,26.66,2682708
2025-01-23,26.65,27.26,26.65,27.03,1658050
2025-01-24,27.25,27.35,26.92,27.09,1205072
2025-01-27,24.12,25.75,24.0,25.55,4425886
2025-01-28,25.6,26.4,25.0,26.08,1555791
2025-01-29,26.23,26.36,25.25,26.32,1263780
2025-01-30,26.36,26.69,26.01,26.28,892257
2025-01-31,26.65,26.8,25.13,25.38,1617642
2025-02-03,23.9,25.8,23.21,24.93,4460860
2025-02-04,25.18,25.8,24.95,25.68,1529991
2025-02-05,25.53,26.23,25.27,26.09,1688905
2025-02-06,26.36,26.45,25.88,26.33,1319802
2025-02-07,26.5,26.57,25.39,25.49,1504087
2025-02-10,26.0,26.15,25.68,26.13,1204608
2025-02-11,25.79,26.29,25.79,26.03,654201
2025-02-12,25.44,26.22,25.27,26.08,1150332
2025-02-13,26.16,26.54,25.86,26.52,1293442
2025-02-14,26.54,26.7,26.31,26.64,1498544
2025-02-18,26.77,26.97,26.51,26.81,1427264
2025-02-19,26.51,27.05,26.51,27.0,916009
2025-02-20,26.98,27.23,26.42,26.91,1282269
2025-02-21,26.82,26.92,24.83,25.07,4345563
2025-02-24,25.43,25.74,24.35,24.89,2941877
2025-02-25,24.69,25.19,23.66,24.69,6032449
2025-02-26,24.92,25.78,24.48,25.23,4230061
2025-02-27,25.44,25.62,23.75,23.86,3940826
2025-02-28,23.69,24.43,23.08,24.29,4432222
2025-03-03,24.56,24.73,21.77,22.41,4611014
2025-03-04,21.43,22.78,20.17,21.8,11308249
2025-03-05,21.84,22.8,21.29,22.68,6040431
2025-03-06,21.36,21.88,20.2,20.27,9541616
2025-03-07,20.47,21.26,19.68,20.94,8254340
2025-03-10,20.0,20.29,18.66,18.94,10790611
2025-03-11,18.85,19.22,17.81,18.9,8584857
2025-03-12,19.65,19.95,18.72,19.84,5957427
2025-03-13,19.78,20.13,18.55,19.0,5997113
2025-03-14,19.67,20.62,19.47,20.55,5444898
2025-03-17,20.77,21.49,20.76,21.36,4192000
2025-03-18,21.46,21.46,20.47,20.78,3408457
2025-03-19,21.0,21.97,20.83,21.48,3906422
2025-03-20,21.01,22.1,20.94,21.84,5335832
2025-03-21,21.36,21.93,21.1,21.8,2778526
2025-03-24,22.57,23.21,22.55,23.07,4019557
2025-03-25,23.32,23.42,22.96,23.06,2729475
2025-03-26,23.28,23.34,21.84,22.29,2951675
2025-03-27,22.13,22.53,21.68,22.22,1662290
2025-03-28,21.96,22.14,20.16,20.18,3880177
2025-03-31,19.25,20.46,18.81,20.34,4709065
2025-04-01,19.97,20.54,19.27,20.26,3696523
2025-04-02,19.49,21.12,19.42,20.78,3513110
2025-04-03,18.12,18.68,15.81,15.82,24221549
2025-04-04,13.92,14.71,12.34,12.63,42661134
2025-04-07,11.65,13.56,11.11,13.23,50237405
2025-04-08,13.89,13.95,10.0,10.91,41966504
2025-04-09,10.6,13.34,10.34,12.99,38093808
2025-04-10,11.97,12.43,9.3,10.5,46861617
2025-04-11,10.16,10.73,9.71,10.63,23193473
2025-04-14,11.59,11.95,10.92,11.86,16235811
2025-04-15,11.96,12.42,11.77,11.98,10528272
2025-04-16,11.58,11.97,10.8,11.07,12073163
2025-04-17,11.36,11.45,11.15,11.37,6212247
2025-04-21,11.2,11.27,10.4,10.68,8071685
2025-04-22,11.02,11.39,11.0,11.32,7488491
2025-04-23,11.96,12.09,11.39,11.76,13445647
2025-04-24,11.85,12.22,11.82,12.17,5469005
2025-04-25,12.19,12.68,11.93,12.64,5807665
2025-04-28,12.81,12.84,12.11,12.59,5167316
2025-04-29,12.45,12.77,12.39,12.72,3732132
2025-04-30,12.27,12.5,11.63,12.39,7535985
2025-05-01,12.75,12.78,12.41,12.6,5252057
2025-05-02,12.85,13.14,12.76,13.1,5844780
2025-05-05,12.88,13.11,12.75,12.79,4082774
2025-05-06,12.48,12.74,12.31,12.36,3237850
2025-05-07,12.48,12.76,12.28,12.7,2979058
2025-05-08,12.93,13.28,12.81,13.17,4503174
2025-05-09,13.22,13.43,13.14,13.23,4219204
2025-05-12,14.29,15.0,14.22,14.98,8566237
2025-05-13,15.22,15.52,15.05,15.07,7533496
2025-05-14,15.06,15.1,14.69,14.75,4714875
2025-05-15,14.64,15.02,14.47,15.02,3006955
2025-05-16,15.12,15.25,14.93,15.09,3115709
2025-05-19,14.39,15.01,14.38,14.89,3752222
2025-05-20,14.9,15.06,14.65,14.98,3233980
2025-05-21,14.67,14.97,13.77,13.99,7185989
2025-05-22,13.89,14.35,13.79,14.11,5245908
2025-05-23,13.13,13.65,13.03,13.18,9973353
2025-05-27,13.96,14.49,13.84,14.48,6196772
2025-05-28,14.5,14.53,14.21,14.33,3370935
2025-05-29,14.66,14.67,14.09,14.3,4893454
2025-05-30,14.13,14.37,13.67,14.22,5784979
2025-06-02,14.08,14.39,13.97,14.37,3370404
2025-06-03,14.4,14.72,14.36,14.69,3547359
2025-06-04,14.7,14.77,14.58,14.65,2367155
2025-06-05,14.86,15.12,14.27,14.44,4930168
2025-06-06,14.83,15.06,14.77,14.99,3398289
2025-06-09,15.08,15.3,15.03,15.16,1974432
2025-06-10,15.16,15.33,15.11,15.24,2573610
2025-06-11,15.47,15.66,14.87,15.15,4590657
2025-06-12,14.89,15.17,14.81,14.93,3797043
2025-06-13,14.17,14.62,13.54,13.75,9894887
2025-06-16,14.3,14.81,14.27,14.69,4850472
2025-06-17,14.41,14.52,13.6,13.89,8258988
2025-06-18,13.89,14.48,13.72,14.2,5673797
2025-06-20,14.38,14.42,13.86,14.04,5342580
2025-06-23,14.07,14.28,13.51,14.24,5272641
2025-06-24,14.94,15.19,14.92,15.11,2919683
2025-06-25,15.3,15.39,15.11,15.35,2195788
2025-06-26,15.37,15.54,15.36,15.4,2214811
2025-06-27,15.54,15.58,15.14,15.43,3018517
2025-06-30,15.63,15.66,15.39,15.51,2436934
2025-07-01,15.44,15.69,15.41,15.54,2146839
2025-07-02,15.51,15.72,15.44,15.59,1678655
2025-07-03,15.81,15.91,15.66,15.66,2224849
2025-07-07,15.47,15.59,15.22,15.51,2618183
2025-07-08,15.77,15.98,15.76,15.87,1867248
2025-07-09,16.25,16.43,16.1,16.37,2837169
2025-07-10,16.46,16.59,16.36,16.52,1485125
2025-07-11,16.2,16.61,16.14,16.45,1759301
2025-07-14,16.27,16.37,16.15,16.21,1938685
2025-07-15,16.48,16.54,16.24,16.27,3005605
2025-07-16,16.31,16.41,15.4,16.17,4626423
2025-07-17,16.23,16.33,16.15,16.2,1418934
2025-07-18,16.39,16.46,16.26,16.46,1175740
2025-07-21,16.56,16.88,16.5,16.52,2408690
2025-07-22,16.58,16.66,16.2,16.59,1757198
2025-07-23,16.83,17.3,16.7,17.28,2018612
2025-07-24,17.37,17.52,17.26,17.35,1623472
2025-07-25,17.3,17.52,17.26,17.49,1537369
2025-07-28,17.83,17.95,17.71,17.95,1279874
2025-07-29,18.15,18.23,17.42,17.54,2668758
2025-07-30,17.59,17.76,17.18,17.45,2083044
2025-07-31,17.86,17.95,17.23,17.4,2872634
2025-08-01,16.61,16.61,15.62,16.0,10446309
2025-08-04,16.42,17.02,16.41,16.98,4089498
2025-08-05,17.04,17.09,16.37,16.84,4667004
2025-08-06,16.89,17.38,16.78,17.37,1674021
2025-08-07,17.58,17.65,16.97,17.25,2687342
2025-08-08,17.53,17.82,17.46,17.82,2591950
2025-08-11,17.85,17.99,17.62,17.73,2325666
2025-08-12,18.02,18.48,18.01,18.42,2491830
2025-08-13,18.69,18.72,18.45,18.58,1736014
2025-08-14,18.23,18.61,18.19,18.5,1958304
2025-08-15,18.65,18.67,18.4,18.58,2775104
2025-08-18,18.62,19.1,18.59,19.0,1814343
2025-08-19,19.39,19.39,18.55,18.67,2911226
2025-08-20,18.6,18.78,18.05,18.7,2978833
2025-08-21,18.46,18.63,18.18,18.47,2571085
2025-08-22,18.57,19.95,18.53,19.97,3351752
2025-08-25,19.74,20.0,19.59,19.85,1240846
2025-08-26,19.82,20.02,19.7,20.02,1285301
2025-08-27,19.9,20.04,19.67,19.93,1024036
2025-08-28,20.19,20.26,19.9,20.2,1379074
2025-08-29,20.21,20.31,19.57,19.73,2249581
2025-09-02,18.75,19.17,18.34,19.14,3907172
2025-09-03,19.25,19.64,19.24,19.63,2401819
2025-09-04,19.71,20.2,19.69,20.19,2080705
2025-09-05,20.59,20.66,19.57,20.13,2808368
2025-09-08,20.29,20.55,20.28,20.48,1446220
2025-09-09,20.41,20.63,20.15,20.62,1451676
2025-09-10,20.84,20.92,20.52,20.69,1620214
2025-09-11,21.03,21.18,20.91,21.15,1319208
2025-09-12,21.15,21.43,21.11,21.19,1897502
2025-09-15,21.42,21.43,20.93,21.0,1459093
2025-09-16,20.92,20.97,20.59,20.63,1780099
2025-09-17,20.79,21.66,20.76,21.34,2930519
2025-09-18,21.68,21.76,21.33,21.42,1994319
2025-09-19,21.54,21.63,21.08,21.38,1871038
2025-09-22,21.19,21.4,21.01,21.04,1515865
2025-09-23,21.08,21.14,20.43,20.72,2331127
2025-09-24,20.91,21.02,20.39,21.03,3051777
2025-09-25,20.54,21.17,20.36,20.71,2080469
2025-09-26,20.88,21.56,20.61,21.53,2488061
2025-09-29,21.62,21.69,21.12,21.24,1336322
2025-09-30,21.23,21.43,21.06,21.38,1162756
2025-10-01,21.11,21.52,21.11,21.47,1029664
2025-10-02,21.54,21.58,21.12,21.15,1391862
2025-10-03,21.33,21.37,20.99,21.28,1146561
2025-10-06,21.39,21.43,21.09,21.4,1556171
2025-10-07,21.41,21.52,20.76,20.94,2299265
2025-10-08,21.06,21.34,20.91,21.25,1072758
2025-10-09,21.35,21.43,20.89,21.23,1463129
2025-10-10,21.23,21.39,18.35,18.55,12179380
2025-10-13,19.6,20.09,19.47,19.98,4059366
2025-10-14,18.86,19.78,18.18,19.08,6757347
2025-10-15,19.64,19.7,18.43,18.92,3989322
2025-10-16,19.03,19.12,17.04,17.16,10001801
2025-10-17,17.48,18.48,16.82,18.49,8017209
2025-10-20,18.98,19.9,18.95,19.84,5332588
2025-10-21,19.66,20.15,19.35,19.96,2727408
2025-10-22,19.88,19.99,18.65,19.72,5520294
2025-10-23,19.59,20.15,19.51,20.08,1775238
2025-10-24,20.6,20.67,20.26,20.38,1621922
2025-10-27,21.05,21.11,20.78,20.99,1974643
2025-10-28,20.98,21.03,20.4,20.42,2422025
2025-10-29,20.59,20.8,20.02,20.08,2648221
2025-10-30,20.18,20.5,19.81,19.86,1918161
2025-10-31,20.28,20.33,19.39,19.76,3325483
2025-11-03,20.0,20.08,19.36,19.96,2223317
2025-11-04,19.19,19.73,19.0,19.23,3215940
2025-11-05,19.2,20.16,19.16,19.92,2738441
2025-11-06,19.79,19.88,18.82,19.13,5070526
2025-11-07,18.61,19.26,18.0,19.23,8247960
2025-11-10,19.94,20.3,19.86,20.25,3118651
2025-11-11,20.2,20.43,20.2,20.35,1519751
2025-11-12,20.47,20.49,19.97,20.22,1836053
2025-11-13,19.99,20.14,18.51,18.87,6019521
2025-11-14,18.32,19.46,18.02,19.16,6523397
2025-11-17,18.83,19.3,17.91,18.21,5150093
2025-11-18,17.73,18.2,17.1,17.53,7397896
2025-11-19,17.58,18.38,17.4,17.94,4015902
2025-11-20,19.11,19.26,16.58,16.66,13498367
2025-11-21,17.2,17.74,16.27,17.58,7895830
2025-11-24,17.81,18.85,17.78,18.85,3587892
2025-11-25,18.79,19.36,18.08,19.24,3580966
2025-11-26,19.54,19.96,19.47,19.81,3307532
2025-11-28,19.94,20.26,19.91,20.24,1608121
2025-12-01,19.8,20.56,19.8,20.26,2059399
2025-12-02,20.5,20.63,20.29,20.57,1422995
2025-12-03,20.37,20.76,20.29,20.68,1191612
2025-12-04,20.81,20.93,20.53,20.9,1551063
2025-12-05,20.97,21.17,20.84,21.14,1703331
2025-12-08,21.16,21.19,20.59,20.9,1665551
2025-12-09,20.77,21.09,20.77,20.81,1432157
2025-12-10,20.72,21.69,20.59,21.62,2625490
2025-12-11,21.38,21.96,20.99,21.95,1625808
2025-12-12,22.04,22.22,20.92,21.91,3200877
2025-12-15,22.12,22.21,21.41,21.93,1869433
2025-12-16,21.8,22.12,21.43,21.92,2299549
2025-12-17,22.01,22.28,21.52,21.56,1973472
2025-12-18,22.13,22.43,21.79,22.32,1794287
2025-12-19,22.49,23.18,22.49,23.11,1451028
2025-12-22,23.52,23.92,23.46,23.87,2060315
2025-12-23,23.71,23.95,23.71,23.78,863481
2025-12-24,23.82,23.97,23.75,23.83,711439
2025-12-26,23.9,23.94,23.57,23.83,1059179
2025-12-29,23.62,24.32,23.62,24.16,1297861
2025-12-30,24.22,24.58,24.22,24.45,805126
2025-12-31,24.45,24.65,24.13,24.23,1434292
2026-01-02,24.65,24.78,24.26,24.67,1608583
2026-01-05,24.81,24.95,24.39,24.41,1332919
2026-01-06,24.43,24.77,24.4,24.68,905061
2026-01-07,24.62,24.62,24.14,24.29,1525141
2026-01-08,24.23,24.68,24.14,24.52,1695925
2026-01-09,24.57,25.05,24.31,24.9,2059146
2026-01-12,24.46,24.93,24.41,24.88,1133167
2026-01-13,24.97,25.0,24.02,24.25,1884593
2026-01-14,23.69,23.88,23.01,23.68,3334069
2026-01-15,24.36,24.6,24.19,24.31,1659951
2026-01-16,24.43,24.58,24.03,24.22,1925999
2026-01-20,22.22,23.09,21.14,21.61,7409921
2026-01-21,22.38,23.66,22.12,23.34,5457195
2026-01-22,23.76,24.0,23.43,23.97,2662525
2026-01-23,23.73,24.17,23.51,23.52,1830944
2026-01-26,23.57,23.89,23.51,23.57,1546606
2026-01-27,23.59,23.79,23.18,23.19,1332189
2026-01-28,23.26,23.51,22.87,23.17,2214718
2026-01-29,22.89,23.03,21.64,22.92,4900169
2026-01-30,22.71,23.3,22.4,22.7,3734683
2026-02-02,22.92,23.91,22.89,23.81,2444003
2026-02-03,23.68,23.75,21.76,22.84,6425453
2026-02-04,22.93,23.09,21.52,22.47,7133213
2026-02-05,21.6,22.15,20.8,21.08,7765923
2026-02-06,21.7,22.5,21.64,22.32,5265261
2026-02-09,22.41,23.16,22.27,23.08,2817486
2026-02-10,23.06,23.16,22.58,22.63,1451042
2026-02-11,23.16,23.17,22.14,22.66,3902529
2026-02-12,22.89,23.03,21.21,21.32,7438520
2026-02-13,21.31,22.0,20.6,20.99,7969747
2026-02-17,20.83,21.76,20.29,21.63,4944912
2026-02-18,21.55,22.12,21.33,21.63,3110780
2026-02-19,21.12,21.27,20.67,21.11,3829927
2026-02-20,20.85,21.77,20.64,21.58,6275793
2026-02-23,21.49,21.76,20.59,20.74,6136545
2026-02-24,20.8,21.47,20.54,21.34,4439209
2026-02-25,21.74,22.23,21.67,22.19,2293290
2026-02-26,22.32,22.32,21.06,21.87,4593883
2026-02-27,20.85,21.43,20.55,21.09,4745831
2026-03-02,19.82,21.12,19.74,20.72,4623485
2026-03-03,19.26,20.38,17.67,19.75,10890020
2026-03-04,19.98,20.81,19.84,20.48,4020490
2026-03-05,19.93,20.22,18.26,19.24,11306364
2026-03-06,17.83,18.29,16.57,16.62,12457341
2026-03-09,16.48,18.46,15.83,18.21,12199052
2026-03-10,18.13,19.02,17.28,17.34,9632579
2026-03-11,17.66,18.14,17.33,18.12,5295413
2026-03-12,17.3,17.55,16.85,16.93,8321247
2026-03-13,17.36,17.63,16.59,16.62,7094180
2026-03-16,17.25,17.9,17.22,17.9,7199549
2026-03-17,18.1,18.42,17.92,18.1,4136566
2026-03-18,17.58,17.64,16.53,16.59,7510971
2026-03-19,15.92,17.39,15.72,17.04,8403932
2026-03-20,16.93,16.98,15.62,15.88,12668436
2026-03-23,16.9,17.28,16.24,16.65,11001368
2026-03-24,16.18,16.89,16.0,16.26,5810479
2026-03-25,16.66,16.84,16.18,16.62,4368177
2026-03-26,16.27,16.48,15.42,15.43,9761824
2026-03-27,15.19,15.26,14.18,14.27,14613932
2026-03-30,14.83,14.86,14.13,14.39,6975026
2026-03-31,15.03,15.77,14.77,15.71,10883218
2026-04-01,15.96,16.27,15.61,16.05,5755924
2026-04-02,15.1,16.18,14.92,16.06,5520468
2026-04-06,16.03,16.55,16.03,16.47,3024041
2026-04-07,16.07,16.14,15.29,15.88,5974395
2026-04-08,17.46,17.68,16.88,17.42,7468606
2026-04-09,17.33,18.12,17.25,18.08,4599881
2026-04-10,18.2,18.29,17.7,17.87,2695943
2026-04-13,17.68,18.6,17.59,18.56,3821192
2026-04-14,19.0,19.08,18.7,18.84,2629134
2026-04-15,18.95,18.99,18.55,18.73,2916674
2026-04-16,18.72,18.9,18.3,18.74,3148634
2026-04-17,19.18,19.34,18.95,18.97,3162315
2026-04-20,18.75,18.82,18.38,18.72,2104769
2026-04-21,18.71,18.77,18.05,18.37,3581489
2026-04-22,18.78,18.83,18.38,18.56,1677134
2026-04-23,18.49,18.64,17.7,18.57,3321442
2026-04-24,18.68,18.85,18.37,18.43,3666154
2026-04-27,18.53,19.04,18.5,19.0,1993222
2026-04-28,18.68,19.32,18.58,19.28,1970735
2026-04-29,19.27,19.37,18.68,18.84,2226166
2026-04-30,19.08,19.49,18.83,19.41,2395733
2026-05-01,19.66,19.68,19.27,19.24,1712782
2026-05-04,19.31,19.74,18.68,19.03,2326727
2026-05-05,19.36,19.48,19.0,19.08,2057659
2026-05-06,19.6,19.63,19.33,19.42,1873409
2026-05-07,19.58,19.67,19.3,19.56,2821913
2026-05-08,19.67,19.81,19.42,19.49,1668958
2026-05-11,19.5,19.62,19.15,19.23,1842602
2026-05-12,19.03,19.74,18.91,19.59,4014092
2026-05-13,19.55,19.67,19.18,19.26,1932383
2026-05-14,19.37,19.84,19.17,19.68,3600278
2026-05-15,19.12,19.71,19.08,19.55,3798765
2026-05-18,19.9,19.99,19.56,19.95,4792221
2026-05-19,19.82,20.02,19.64,19.73,2479816
2026-05-20,19.89,20.2,19.77,20.2,2986694
2026-05-21,19.99,20.87,19.93,20.74,4496266
2026-05-22,20.64,20.85,20.46,20.59,2025489
2026-05-26,21.11,21.4,21.1,21.16,2675937
2026-05-27,21.37,21.72,21.15,21.76,1614066
2026-05-28,21.54,22.16,21.54,22.11,2037094
2026-05-29,22.33,22.73,22.21,22.42,1834681
2026-06-01,22.25,22.53,21.89,21.9,2392405
2026-06-02,22.14,22.33,21.98,22.27,1489734
2026-06-03,22.14,22.35,21.98,22.25,1371483
2026-06-04,22.17,23.11,22.14,22.97,1668115
2026-06-05,22.78,22.83,20.94,21.42,3471497
2026-06-08,21.95,22.09,21.53,21.71,2700848
2026-06-09,22.01,22.22,20.0,21.38,3980369
2026-06-10,20.93,21.09,19.95,20.13,4248321
2026-06-11,20.28,21.27,19.79,21.1,2924568
2026-06-12,21.4,22.08,21.13,22.06,2575918
2026-06-15,23.05,23.6,23.01,23.53,2776949
2026-06-16,23.55,23.73,23.36,23.58,1283540
2026-06-17,23.66,23.76,22.22,22.51,2742815
2026-06-18,23.27,23.38,22.91,23.2,1953209
2026-06-22,23.69,24.06,23.27,23.34,1804841
2026-06-23,22.28,22.6,21.9,22.22,2827318
2026-06-24,22.3,22.76,21.87,22.19,2273141
2026-06-25,22.98,23.04,22.23,22.64,2876014
2026-06-26,21.91,22.71,21.66,22.5,2395834
2026-06-29,23.03,23.39,22.45,23.3,2286480
2026-06-30,23.35,23.96,23.23,23.78,1250150
2026-07-01,23.55,23.91,23.36,23.61,1454202
2026-07-02,23.8,24.18,23.3,23.76,2187276
2026-07-06,24.27,24.57,24.23,24.48,1235434
2026-07-07,24.46,24.66,23.94,24.29,1986468
2026-07-08,23.76,24.19,23.01,23.87,2349859
2026-07-09,24.05,24.36,23.77,24.33,952087
2026-07-10,24.39,24.92,23.86,24.87,1824557
2026-07-13,24.51,24.85,23.89,24.06,2182491
2026-07-14,24.4,24.68,24.27,24.41,1907706
2026-07-15,24.66,25.17,24.42,25.09,1823381
2026-07-16,24.88,25.01,24.18,24.49,1443000
2026-07-17,22.99,23.73,22.84,23.26,2917165
2026-07-20,24.06,24.31,23.47,23.62,2810378
2026-07-21,24.15,24.5,23.82,24.39,1423368
2026-07-22,24.15,24.36,23.93,24.23,1248758
2026-07-23,22.95,23.23,22.4,23.05,3406317
2026-07-24,23.1,23.82,23.01,23.33,2424507
2026-07-27,23.85,23.89,22.96,23.34,2752657
2026-07-28,23.4,23.83,23.05,23.53,1773808
2026-07-29,23.24,23.86,22.07,22.14,4555029
2026-07-30,22.98,23.53,22.71,23.5,2298633
2026-07-31,23.75,24.3,22.87,24.21,1893532
