date,spot,open_rungs,premium_at_risk,book_delta,shares,cash,opt_mv,equity,costs_cum
2024-01-02,28.01,1,14960.0,329.7,-330,144245.49,14820.0,149822.19,37.41
2024-01-03,26.21,1,14960.0,-215.3,215,129955.59,14495.0,150085.74,42.86
2024-01-04,25.51,1,14960.0,-430.0,430,124468.79,14664.0,150102.09,45.01
2024-01-05,25.94,1,14960.0,-352.8,353,126464.71,14053.0,149674.53,46.47
2024-01-08,28.47,1,14960.0,425.1,-425,148605.84,13663.0,150169.09,55.0
2024-01-09,28.46,1,14960.0,420.9,-421,148490.98,13754.0,150263.32,56.02
2024-01-10,28.17,1,14960.0,339.6,-340,146207.81,13299.0,149929.01,57.42
2024-01-11,28.46,1,14960.0,428.5,-428,148710.76,13052.0,149581.88,58.95
2024-01-12,28.07,1,14960.0,308.4,-308,145340.76,12753.0,149448.2,60.55
2024-01-16,29.23,1,14960.0,653.6,-654,155450.54,13182.0,149516.12,64.35
2024-01-17,28.42,1,14960.0,410.3,-410,148513.62,12909.0,149770.42,66.79
2024-01-18,31.19,1,14960.0,1203.0,-1203,173238.54,15262.0,150978.97,75.54
2024-01-19,34.9,1,14960.0,1870.2,-1870,196509.41,21476.0,152722.41,82.97
2024-01-22,35.25,1,14960.0,1942.5,-1942,199045.96,22048.0,152638.46,84.42
2024-01-23,35.91,1,14960.0,2112.0,-2112,205148.61,22737.0,152043.69,86.47
2024-01-24,37.49,1,14960.0,2184.8,-2185,207883.93,26520.0,152488.28,87.92
2024-01-25,37.13,1,14960.0,2162.2,-2162,207028.83,25792.0,152545.77,89.03
2024-01-26,34.01,1,14960.0,1836.4,-1836,195938.31,18928.0,152423.95,92.29
2024-01-29,35.09,1,14960.0,2068.6,-2069,204111.68,20358.0,151868.47,94.89
2024-01-30,33.51,1,14960.0,1826.2,-1826,195966.32,17407.0,152184.06,97.32
2024-01-31,32.06,1,14960.0,1596.4,-1596,188590.22,14313.0,151735.46,99.62
2024-02-01,32.45,1,14960.0,1728.7,-1729,192904.26,14534.0,151332.21,101.43
2024-02-02,33.68,1,14960.0,2064.4,-2064,204183.34,16302.0,150969.82,105.15
2024-02-05,35.11,1,14960.0,2089.1,-2089,205059.93,20527.0,152242.14,106.31
2024-02-06,33.83,1,14960.0,2059.5,-2059,204043.88,16822.0,151209.91,107.46
2024-02-07,35.38,1,14960.0,2474.9,-2475,218757.32,19071.0,150262.82,112.1
2024-02-08,37.16,1,14960.0,2355.3,-2355,214296.52,24713.0,151497.72,113.7
2024-02-09,39.35,1,14960.0,2566.5,-2566,222597.0,27911.0,149535.9,116.07
2024-02-12,39.15,1,14960.0,2566.2,-2566,222597.0,28873.0,151011.1,116.07
2024-02-13,36.76,1,14960.0,2557.9,-2558,222301.88,22828.0,151097.8,117.11
2024-02-14,39.21,1,14960.0,2507.2,-2507,220300.91,29224.0,151225.44,118.37
2024-02-15,39.05,1,14960.0,2586.5,-2586,223384.37,28496.0,150897.07,119.86
2024-02-16,38.32,0,0.0,0.0,0,151094.99,0.0,151094.99,145.72
2024-02-20,36.4,0,0.0,0.0,0,151094.99,0.0,151094.99,145.72
2024-02-21,36.14,0,0.0,0.0,0,151094.99,0.0,151094.99,145.72
2024-02-22,41.46,0,0.0,0.0,0,151094.99,0.0,151094.99,145.72
2024-02-23,40.05,0,0.0,0.0,0,151094.99,0.0,151094.99,145.72
2024-02-26,41.23,0,0.0,0.0,0,151094.99,0.0,151094.99,145.72
2024-02-27,41.08,0,0.0,0.0,0,151094.99,0.0,151094.99,145.72
2024-02-28,39.77,0,0.0,0.0,0,151094.99,0.0,151094.99,145.72
2024-02-29,42.8,1,14787.0,173.9,-174,143733.58,13567.5,149853.88,167.33
2024-03-01,48.34,1,14787.0,644.1,-644,166447.96,17400.0,152717.0,172.75
2024-03-04,49.76,1,14787.0,733.9,-734,170924.77,18720.0,153120.93,174.34
2024-03-05,46.84,1,14787.0,529.2,-529,161320.52,16650.0,153192.16,176.39
2024-03-06,50.21,1,14787.0,739.5,-740,171912.39,19972.5,154729.49,178.83
2024-03-07,55.32,1,14787.0,941.7,-942,183084.67,26235.0,157208.23,181.19
2024-03-08,48.83,1,14787.0,645.1,-645,168579.19,20062.5,157146.34,184.16
2024-03-11,46.71,1,14787.0,508.7,-509,162224.95,18000.0,156449.56,185.84
2024-03-12,49.66,1,14787.0,735.8,-736,173495.14,18000.0,154945.38,188.47
2024-03-13,45.95,1,14787.0,460.5,-460,160810.18,17062.5,156735.68,191.23
2024-03-14,43.53,2,29027.0,408.8,-409,144335.9,29862.5,156394.63,205.48
2024-03-15,42.67,2,29027.0,302.9,-303,139811.35,29637.5,156519.84,207.01
2024-03-18,42.48,2,29027.0,248.4,-248,137473.67,27825.0,154763.63,208.29
2024-03-19,41.34,2,29027.0,33.3,-33,128583.42,25487.5,152706.7,210.44
2024-03-20,43.45,2,29027.0,348.1,-348,142266.59,25475.0,152620.99,214.02
2024-03-21,46.29,2,29027.0,788.5,-788,162629.14,26222.5,152375.12,219.07
2024-03-22,46.41,2,29027.0,801.9,-802,163277.79,26465.0,152521.97,220.16
2024-03-25,45.87,2,29027.0,731.2,-731,160019.67,25150.0,151638.7,221.51
2024-03-26,44.93,2,29027.0,597.2,-597,153997.38,23480.0,150654.17,223.18
2024-03-27,46.53,2,29027.0,849.4,-849,165720.05,23750.0,149966.08,226.07
2024-03-28,46.53,3,42971.0,1012.1,-1012,159342.78,36640.0,148894.42,243.73
2024-04-01,48.04,3,42971.0,1347.1,-1347,175432.33,37682.5,148404.95,247.58
2024-04-02,45.84,3,42971.0,868.0,-868,153470.18,35210.0,148891.06,252.37
2024-04-03,46.2,3,42971.0,941.0,-941,156841.31,35042.5,148409.61,253.84
2024-04-04,42.24,3,42971.0,-114.2,114,112267.56,32860.0,149942.92,264.39
2024-04-05,43.71,3,42971.0,236.2,-236,127562.07,31370.0,148616.51,268.38
2024-04-08,44.01,3,42971.0,343.8,-344,132313.46,30007.5,147181.52,270.07
2024-04-09,45.42,3,42971.0,778.5,-779,152066.18,30182.5,146866.5,275.05
2024-04-10,43.02,3,42971.0,45.5,-45,120482.16,29507.5,148053.76,282.39
2024-04-11,45.81,3,42971.0,957.5,-958,162296.24,28185.0,146595.26,292.84
2024-04-12,41.36,4,57180.0,-442.0,442,90152.34,42167.5,150600.96,323.74
2024-04-15,39.75,4,57180.0,-1251.4,1251,57986.5,44249.5,151963.25,331.83
2024-04-16,40.53,4,57180.0,-1068.8,1069,65360.81,41688.5,150375.88,333.98
2024-04-17,36.84,4,57180.0,-2305.2,2305,19814.21,49726.5,154456.91,346.34
2024-04-18,34.85,4,57180.0,-3176.8,3177,-10583.71,54225.5,154360.24,355.06
2024-04-19,30.69,3,42393.0,-2279.0,2279,35431.01,52928.5,158302.02,364.96
2024-04-22,32.17,3,42393.0,-2566.6,2567,26163.17,45813.0,154556.56,367.84
2024-04-23,34.16,3,42393.0,-2505.4,2505,28279.71,39056.5,152907.01,369.22
2024-04-24,35.51,3,42393.0,-1837.4,1837,51992.94,38631.5,155856.31,376.67
2024-04-25,37.46,3,42393.0,-1412.9,1413,67871.22,35922.5,156724.7,381.43
2024-04-26,39.75,4,56901.0,-718.2,718,80964.73,45171.0,154676.23,406.17
2024-04-29,40.65,4,56901.0,-469.7,470,91043.13,44274.5,154423.13,408.97
2024-04-30,38.12,4,56901.0,-1308.4,1308,59090.19,47246.5,156197.65,417.35
2024-05-01,34.27,4,56901.0,-2685.8,2686,11852.35,52820.0,156721.57,431.13
2024-05-02,36.55,4,56901.0,-2011.8,2012,36479.51,48032.5,158050.61,438.67
2024-05-03,38.97,4,56901.0,-1332.2,1332,62971.45,42111.0,156990.49,446.33
2024-05-06,41.38,4,56901.0,-662.7,663,90647.1,36438.5,154520.54,453.9
2024-05-07,40.3,4,56901.0,-1119.2,1119,72265.74,36033.0,153394.44,458.46
2024-05-08,40.4,4,56901.0,-1293.6,1294,65193.86,33899.5,151370.96,460.34
2024-05-09,39.93,4,56901.0,-1519.3,1519,56207.36,34225.5,151086.53,462.59
2024-05-10,41.02,5,71493.0,-831.8,832,69767.53,45076.0,148972.17,491.16
2024-05-13,41.3,5,71493.0,-1004.8,1005,62620.77,43853.5,147980.77,493.02
2024-05-14,43.31,5,71493.0,223.6,-224,115834.77,44492.5,150625.83,507.01
2024-05-15,47.01,5,71493.0,3058.9,-3059,249075.57,45828.5,151100.48,539.56
2024-05-16,46.25,5,71493.0,2567.6,-2568,226361.91,42900.0,150491.91,544.47
2024-05-17,45.43,3,43309.0,1841.9,-1842,196686.47,37565.5,150569.91,551.73
2024-05-20,48.42,3,43309.0,2512.5,-2512,229120.15,45249.0,152738.11,559.45
2024-05-21,47.92,3,43309.0,2555.1,-2555,231179.43,41565.0,150308.83,560.73
2024-05-22,49.56,3,43309.0,2723.2,-2723,239503.41,47372.0,151923.53,562.83
2024-05-23,48.82,3,43309.0,2858.0,-2858,246092.23,42062.0,148626.67,564.71
2024-05-24,51.54,4,57529.0,3495.7,-3496,264731.74,63053.5,147601.4,587.72
2024-05-28,54.17,4,57529.0,3755.2,-3755,278758.74,76264.0,151614.39,590.75
2024-05-29,50.85,4,57529.0,3736.9,-3737,277842.35,61026.0,148841.9,591.84
2024-05-30,49.78,4,57529.0,3230.6,-3231,252648.61,59572.5,151381.93,596.9
2024-05-31,48.55,3,43320.0,1931.3,-1931,198035.61,44827.5,149113.06,609.9
2024-06-03,48.68,3,43320.0,1912.5,-1912,197109.6,43277.5,147310.94,610.99
2024-06-04,47.58,3,43320.0,1787.3,-1787,191160.47,40175.0,146310.01,612.62
2024-06-05,53.78,3,43320.0,2644.4,-2644,237239.93,55145.0,150190.61,622.62
2024-06-06,52.46,3,43320.0,2605.5,-2606,235245.26,52338.5,150873.0,623.81
2024-06-07,51.91,3,43320.0,2677.2,-2677,238929.4,48586.0,148552.33,625.28
2024-06-10,54.12,4,58050.0,3143.5,-3143,249400.88,67007.0,146308.72,643.72
2024-06-11,54.23,4,58050.0,3035.2,-3035,243542.5,69381.5,148335.95,645.26
2024-06-12,58.75,4,58050.0,3751.9,-3752,285657.78,82749.0,147976.78,653.73
2024-06-13,60.74,4,58050.0,3973.4,-3973,299078.7,91903.5,149662.18,656.35
2024-06-14,60.03,4,58050.0,3896.1,-3896,294455.0,89457.5,150035.62,657.74
2024-06-17,62.8,4,58050.0,3956.7,-3957,298284.38,101797.0,151581.78,659.16
2024-06-18,65.19,4,58050.0,4253.7,-4254,317642.25,111079.0,151402.99,662.72
2024-06-20,59.93,4,58050.0,3954.6,-3955,299720.19,87684.5,150381.54,665.71
2024-06-21,58.02,3,43542.0,2460.0,-2460,236391.34,57239.0,150901.14,680.66
2024-06-24,53.11,3,43542.0,1954.5,-1955,209565.74,43273.0,149008.69,685.71
2024-06-25,55.32,4,58491.0,2310.9,-2311,214292.19,62577.0,149024.67,704.18
2024-06-26,54.71,4,58491.0,2323.0,-2323,214947.63,62985.0,150841.3,705.26
2024-06-27,53.86,4,58491.0,2164.6,-2165,206435.96,57883.5,147712.56,707.05
2024-06-28,55.35,3,43899.0,895.3,-895,159088.76,37562.0,147112.51,719.75
2024-07-01,55.42,3,43899.0,895.4,-895,159088.76,36845.5,146333.36,719.75
2024-07-02,57.69,3,43899.0,1289.7,-1290,181871.65,37640.5,145092.05,724.41
2024-07-03,60.7,3,43899.0,1733.0,-1733,208756.5,41610.0,145173.4,729.66
2024-07-05,60.81,3,43899.0,1828.5,-1828,214531.79,41293.5,144664.61,731.32
2024-07-08,64.34,3,43899.0,2367.1,-2367,249204.6,46152.0,143063.82,737.77
2024-07-09,64.16,3,43899.0,2212.0,-2212,239258.03,48131.0,145467.11,739.54
2024-07-10,68.64,3,43899.0,2671.3,-2671,270758.24,57321.5,144742.3,745.09
2024-07-11,61.78,3,43899.0,2108.8,-2109,236032.26,41062.0,146800.24,750.71
2024-07-12,64.08,3,43899.0,2332.4,-2332,250319.43,45449.5,146334.37,753.38
2024-07-15,64.21,3,43899.0,2357.8,-2358,251987.71,45016.0,145596.53,754.56
2024-07-16,65.34,3,43899.0,2504.5,-2504,261525.33,47289.5,145203.47,756.58
2024-07-17,51.41,3,43899.0,75.0,-75,136626.15,29763.0,162533.4,780.87
2024-07-18,51.78,3,43899.0,133.5,-134,139679.78,26716.5,159457.76,782.26
2024-07-19,47.0,2,29679.0,-680.1,680,106213.64,25505.5,163679.14,790.4
2024-07-22,52.85,2,29679.0,18.2,-18,143094.81,21650.0,163793.51,798.53
2024-07-23,50.44,2,29679.0,-318.9,319,126093.16,21590.0,163773.52,801.9
2024-07-24,42.51,3,43609.0,-988.6,989,83661.76,43083.5,168787.65,821.6
2024-07-25,39.59,3,43609.0,-1378.1,1378,68257.36,47683.5,170495.88,825.49
2024-07-26,41.99,3,43609.0,-1100.3,1100,79927.43,44661.5,170777.93,828.64
2024-07-29,41.73,3,43609.0,-1376.0,1376,68407.19,41951.0,167778.67,831.4
2024-07-30,37.13,3,43609.0,-1763.1,1763,54034.01,51467.0,170961.2,835.27
2024-07-31,44.6,3,43609.0,-1069.9,1070,84933.9,37909.0,170564.9,843.18
2024-08-01,34.99,3,43609.0,-1702.2,1702,62813.9,59147.5,181514.38,849.5
2024-08-02,29.32,3,43609.0,-2295.4,2295,45421.21,70987.0,183697.61,855.43
2024-08-05,27.89,3,43609.0,-2412.8,2413,42128.6,74541.0,183968.17,857.02
2024-08-06,28.61,3,43609.0,-2506.0,2506,39466.4,71818.5,182981.56,858.49
2024-08-07,26.08,3,43609.0,-2532.0,2532,38787.19,78855.0,183676.75,859.62
2024-08-08,31.53,3,43609.0,-2432.9,2433,41907.06,63175.0,181794.55,861.22
2024-08-09,30.96,3,43609.0,-2433.2,2433,41907.06,64802.5,182035.24,861.22
2024-08-12,31.47,3,43609.0,-2590.7,2591,36933.01,62011.5,180483.28,863.01
2024-08-13,35.33,3,43609.0,-2394.3,2394,43890.81,51879.0,180349.83,865.22
2024-08-14,34.97,3,43609.0,-2401.3,2401,43644.99,52893.0,180500.96,866.25
2024-08-15,40.09,3,43609.0,-2147.0,2147,53824.98,40918.0,180816.21,869.12
2024-08-16,39.72,1,13930.0,-64.5,64,167626.25,10525.0,180693.33,892.61
2024-08-19,41.73,1,13930.0,36.0,-36,171797.61,9750.0,180045.33,894.25
2024-08-20,40.04,1,13930.0,-62.4,62,167872.2,9875.0,180229.68,895.74
2024-08-21,41.77,2,27911.0,213.0,-213,165360.54,23515.0,179978.53,913.15
2024-08-22,37.51,2,27911.0,-263.3,263,147501.02,25362.5,182728.65,917.91
2024-08-23,40.39,2,27911.0,41.6,-42,159816.52,23177.5,181297.64,921.36
2024-08-26,37.34,2,27911.0,-331.1,331,145884.97,24155.0,182399.51,925.09
2024-08-27,38.57,2,27911.0,-203.6,204,150781.57,23535.0,182184.85,926.88
2024-08-28,36.5,2,27911.0,-387.0,387,144100.15,25482.5,183708.15,928.8
2024-08-29,36.17,2,27911.0,-674.6,675,133680.31,21992.5,180087.56,931.68
2024-08-30,38.92,2,27911.0,-340.9,341,146675.83,19667.5,179615.05,935.44
2024-09-03,30.05,2,27911.0,-1308.2,1308,117607.81,29683.0,186596.21,945.11
2024-09-04,30.26,2,27911.0,-1245.2,1245,119512.81,29733.0,186919.51,946.49
2024-09-05,29.77,3,42521.0,-1071.4,1071,110061.25,44121.5,186066.42,968.03
2024-09-06,25.95,3,42521.0,-1888.3,1888,88851.93,50045.5,187891.03,976.2
2024-09-09,27.47,3,42521.0,-1849.5,1850,89894.57,44868.0,185582.07,977.42
2024-09-10,28.31,3,42521.0,-1586.9,1587,97337.21,44847.5,187112.68,980.31
2024-09-11,32.23,3,42521.0,-779.8,780,123337.89,38932.5,187409.79,989.24
2024-09-12,31.81,3,42521.0,-1008.2,1008,116082.93,38748.5,186895.91,991.52
2024-09-13,33.44,3,42521.0,-838.2,838,121765.69,36139.5,185927.91,993.56
2024-09-16,32.13,3,42521.0,-1071.1,1071,114277.07,36400.5,185088.8,995.89
2024-09-17,32.21,3,42521.0,-1058.6,1059,114662.52,37581.5,186354.41,996.96
2024-09-18,31.13,3,42521.0,-1307.2,1307,106939.8,37487.5,185114.21,999.44
2024-09-19,35.13,4,57042.0,-421.7,422,123482.08,46829.0,185135.94,1026.21
2024-09-20,33.55,3,43112.0,70.2,-70,149433.22,37666.0,184750.72,1031.67
2024-09-23,33.92,3,43112.0,178.7,-179,153128.83,36306.0,183363.15,1033.34
2024-09-24,35.1,3,43112.0,457.9,-458,162918.62,36390.0,183232.82,1036.45
2024-09-25,35.77,3,43112.0,597.6,-598,167924.56,37320.5,183854.6,1038.31
2024-09-26,39.6,3,43112.0,1518.0,-1518,204346.19,40883.0,185116.39,1048.68
2024-09-27,37.64,3,43112.0,1071.3,-1071,187516.64,38010.0,185214.2,1053.15
2024-09-30,36.63,3,43112.0,778.4,-778,176781.12,35039.0,183321.98,1056.08
2024-10-01,33.55,3,43112.0,180.4,-180,156712.24,35094.5,185767.74,1062.06
2024-10-02,34.95,3,43112.0,406.3,-406,164608.42,33742.0,184160.72,1064.58
2024-10-03,35.25,4,57008.0,679.7,-680,160352.26,45476.5,181858.76,1083.24
2024-10-04,36.71,4,57008.0,993.7,-994,171875.69,44641.0,180026.95,1086.75
2024-10-07,36.36,4,57008.0,911.9,-912,168892.76,45237.0,180969.44,1088.16
2024-10-08,37.47,4,57008.0,1326.7,-1327,184438.15,45512.5,180227.96,1092.82
2024-10-09,38.6,4,57008.0,1580.7,-1581,194239.7,45151.0,178364.1,1095.67
2024-10-10,37.76,4,57008.0,1410.5,-1411,187818.65,41541.0,176080.29,1097.52
2024-10-11,38.65,4,57008.0,1563.4,-1563,193691.5,43728.5,177010.05,1099.47
2024-10-14,40.82,4,57008.0,2330.3,-2330,224991.76,46707.0,176588.16,1108.15
2024-10-15,34.47,4,57008.0,132.6,-133,149239.2,39713.0,184367.69,1130.12
2024-10-16,34.45,4,57008.0,235.2,-235,152751.48,39388.5,184044.23,1131.74
2024-10-17,35.23,5,71228.0,638.8,-639,152744.29,52565.0,182797.32,1151.85
2024-10-18,35.28,4,57247.0,1797.8,-1798,201012.88,42610.0,180189.44,1164.78
2024-10-21,35.11,4,57247.0,1817.9,-1818,201713.96,41080.0,178963.98,1165.9
2024-10-22,34.68,4,57247.0,1838.1,-1838,202406.44,38825.0,177489.6,1167.02
2024-10-23,33.77,4,57247.0,1536.5,-1537,192238.66,36300.0,176634.17,1170.03
2024-10-24,34.28,4,57247.0,1746.4,-1746,199400.85,36650.0,176197.97,1172.36
2024-10-25,35.31,3,42637.0,561.9,-562,165546.97,30827.5,176530.25,1184.2
2024-10-28,35.37,3,42637.0,560.9,-561,165511.24,28910.0,174578.67,1184.56
2024-10-29,37.95,3,42637.0,1298.5,-1298,193472.12,31753.5,175966.52,1192.83
2024-10-30,33.95,3,42637.0,116.6,-117,153365.36,27812.5,177205.71,1204.64
2024-10-31,30.01,4,56812.0,-788.7,789,111972.74,46289.5,181940.13,1233.2
2024-11-01,30.89,4,56812.0,-637.0,637,116666.1,43503.0,179846.03,1235.12
2024-11-04,30.36,4,56812.0,-1021.2,1021,105004.02,41623.0,177624.58,1238.96
2024-11-05,31.44,4,56812.0,-635.1,635,117135.6,39519.5,176619.5,1243.22
2024-11-06,34.11,4,56812.0,626.6,-627,160168.38,34702.5,173483.91,1257.26
2024-11-07,36.29,4,56812.0,1730.6,-1731,200220.2,35818.0,173220.21,1269.6
2024-11-08,35.42,4,56812.0,1312.8,-1313,185410.46,32561.0,171465.0,1273.78
2024-11-11,32.77,4,56812.0,-447.1,447,127717.66,31138.0,173503.85,1291.38
2024-11-12,31.67,4,56812.0,-1211.2,1211,103514.14,31786.0,173652.51,1299.02
2024-11-13,29.62,4,56812.0,-2172.7,2173,75010.08,35274.0,174648.34,1308.64
2024-11-14,29.61,5,71388.0,-2229.3,2229,58753.84,48640.0,173394.53,1330.72
2024-11-15,26.66,4,56867.0,-2165.2,2165,71300.7,47320.0,176339.6,1332.1
2024-11-18,27.71,4,56867.0,-1802.5,1803,81327.76,43914.0,175202.89,1336.06
2024-11-19,27.83,4,56867.0,-1854.2,1854,79907.17,42805.5,174309.49,1337.32
2024-11-20,27.16,4,56867.0,-2111.4,2111,72924.48,45045.0,175304.24,1339.89
2024-11-21,28.46,4,56867.0,-1811.0,1811,81459.19,39015.0,172015.25,1343.18
2024-11-22,28.48,3,42971.0,-856.7,857,116442.66,29290.0,170140.02,1353.63
2024-11-25,29.34,3,42971.0,-492.9,493,127118.42,28131.5,169714.54,1357.63
2024-11-26,28.12,3,42971.0,-1032.1,1032,111956.35,28793.0,169769.19,1363.02
2024-11-27,26.97,3,42971.0,-1543.8,1544,98142.59,29878.0,169662.27,1368.14
2024-11-29,28.08,4,57503.0,-844.6,845,103203.55,42390.0,169321.15,1403.1
2024-12-02,30.27,4,57503.0,474.0,-474,143115.15,40831.0,169598.17,1417.63
2024-12-03,29.69,4,57503.0,237.2,-237,136076.25,41053.0,170092.72,1420.0
2024-12-04,30.9,4,57503.0,892.3,-892,156308.53,39386.5,168132.23,1427.22
2024-12-05,29.13,4,57503.0,-364.1,364,119708.69,38298.0,168610.01,1439.78
2024-12-06,29.65,4,57503.0,-80.5,81,128096.53,36576.5,167074.68,1442.89
2024-12-09,29.21,4,57503.0,-401.5,401,118746.13,35983.5,166442.84,1446.09
2024-12-10,27.1,4,57503.0,-2057.7,2058,73824.86,38349.5,167946.16,1462.66
2024-12-11,29.14,4,57503.0,-553.3,553,117664.03,35095.0,168873.45,1479.19
2024-12-12,28.39,4,57503.0,-960.8,961,106076.83,35960.0,169319.62,1483.27
2024-12-13,30.79,5,72479.0,784.9,-785,144820.11,48240.0,168889.96,1523.33
2024-12-16,32.5,5,72479.0,2416.6,-2417,197842.04,49952.5,169242.04,1541.4
2024-12-17,31.12,5,72479.0,1052.9,-1053,155380.72,48581.0,171192.36,1555.04
2024-12-18,27.76,5,72479.0,-1642.5,1642,80540.57,53359.0,179481.49,1581.99
2024-12-19,26.25,5,72479.0,-2984.1,2984,45299.65,58648.0,182277.65,1595.41
2024-12-20,27.35,3,44084.0,-337.7,338,130793.82,37411.0,177449.12,1624.34
2024-12-23,29.69,3,44084.0,767.2,-767,163589.12,33012.5,173829.39,1636.49
2024-12-24,30.57,3,44084.0,1308.7,-1309,180152.09,30873.0,171008.96,1642.46
2024-12-26,30.51,3,44084.0,1435.5,-1436,184025.09,30743.5,170956.23,1644.23
2024-12-27,29.72,3,44084.0,821.1,-821,165741.14,30368.5,171709.52,1650.38
2024-12-30,27.94,4,58543.0,-60.8,61,126605.54,43776.0,172085.88,1683.9
2024-12-31,27.3,4,58543.0,-661.2,661,110219.54,43113.0,171377.84,1689.9
2025-01-02,27.71,4,58543.0,-429.0,429,116645.72,41219.5,169752.81,1692.44
2025-01-03,29.88,4,58543.0,1486.1,-1486,173844.85,40584.5,170027.67,1713.51
2025-01-06,32.53,4,58543.0,3452.0,-3452,237777.06,48582.0,174065.5,1735.28
2025-01-07,31.13,4,58543.0,2617.6,-2618,211806.3,42938.0,173245.96,1743.62
2025-01-08,30.2,4,58543.0,1802.9,-1803,187185.15,40472.5,173207.05,1751.77
2025-01-10,28.0,4,58543.0,-299.7,300,128280.12,37267.0,173947.12,1772.8
2025-01-13,27.75,4,58543.0,-679.2,679,117759.08,35480.5,172081.83,1776.59
2025-01-14,28.23,4,58543.0,-487.8,488,123148.87,34487.5,171412.61,1778.73
2025-01-15,29.94,4,58543.0,2045.4,-2045,198959.01,30694.0,168425.71,1806.61
2025-01-16,30.02,4,58543.0,2258.8,-2259,205380.94,29132.5,166698.26,1808.96
2025-01-17,32.51,2,29435.0,1412.5,-1413,191356.02,23894.5,169313.89,1817.42
2025-01-21,33.68,2,29435.0,1770.3,-1770,203375.81,25306.5,169068.71,1821.39
2025-01-22,35.09,2,29435.0,2121.4,-2121,215688.49,28144.5,169407.1,1825.3
2025-01-23,34.87,2,29435.0,2090.0,-2090,214606.36,27348.5,169076.56,1826.46
2025-01-24,32.73,2,29435.0,1536.4,-1536,196468.4,22366.5,168561.62,1832.0
2025-01-27,25.05,2,29435.0,-1610.2,1610,117629.64,22114.0,180074.14,1863.46
2025-01-28,25.36,2,29435.0,-1312.6,1313,125158.33,21395.5,179851.51,1866.69
2025-01-29,25.66,2,29435.0,-1102.2,1102,130570.3,21793.5,180641.12,1868.98
2025-01-30,27.22,3,44255.0,-357.4,357,135996.36,32714.5,178428.4,1901.82
2025-01-31,26.97,3,44255.0,-585.0,585,129844.92,32391.5,178013.87,1904.1
2025-02-03,25.5,3,44255.0,-1263.3,1263,112549.14,33891.0,178646.64,1910.88
2025-02-04,26.27,3,44255.0,-1102.9,1103,116750.39,31619.5,177345.7,1912.83
2025-02-05,27.76,3,44255.0,-254.3,254,140309.34,27824.5,175184.88,1922.12
2025-02-06,27.65,3,44255.0,-432.4,432,135385.75,25712.5,173043.05,1924.01
2025-02-07,26.33,3,44255.0,-1550.0,1550,105937.63,26877.5,173626.63,1935.19
2025-02-10,27.35,3,44255.0,-1199.0,1199,115533.64,23276.0,171602.29,1939.03
2025-02-11,27.41,3,44255.0,-890.8,891,123972.56,23439.0,171833.87,1942.39
2025-02-12,27.5,3,44255.0,-870.3,870,124548.93,22098.0,170571.93,1943.52
2025-02-13,28.49,4,59145.0,247.6,-248,141470.29,33964.5,168369.27,1984.38
2025-02-14,28.54,4,59145.0,315.0,-315,143381.07,34177.0,168567.97,1985.78
2025-02-18,29.97,4,59145.0,2229.5,-2230,200752.55,34312.5,168231.95,2006.85
2025-02-19,31.45,4,59145.0,4132.8,-4133,260580.88,37993.0,168591.03,2027.87
2025-02-20,31.67,4,59145.0,4853.6,-4854,283406.98,35426.0,165106.8,2035.84
2025-02-21,28.75,2,29710.0,1028.8,-1029,178424.98,24815.0,173656.23,2074.09
2025-02-24,26.71,2,29710.0,142.6,-143,154751.06,23736.0,174667.53,2082.95
2025-02-25,25.04,2,29710.0,-552.7,553,137316.26,25698.0,176861.38,2089.91
2025-02-26,26.35,2,29710.0,-50.4,50,150564.82,24783.5,176665.82,2095.4
2025-02-27,21.74,2,29710.0,-1962.1,1962,108978.82,30614.5,182247.2,2114.52
2025-02-28,22.73,3,44627.0,-2397.3,2397,84139.22,36901.5,175524.53,2148.77
2025-03-03,20.51,3,44627.0,-2752.2,2752,76854.62,47879.5,181177.64,2152.32
2025-03-04,20.63,3,44627.0,-2676.4,2676,78421.07,47572.0,181198.95,2153.75
2025-03-05,21.96,3,44627.0,-2193.1,2193,89022.54,42691.5,179872.32,2158.96
2025-03-06,19.23,3,44627.0,-3779.7,3780,58488.66,51779.5,182957.56,2174.83
2025-03-07,20.89,3,44627.0,-3046.0,3046,73814.03,44393.5,181838.47,2182.72
2025-03-10,17.99,3,44627.0,-3941.4,3941,57704.03,58055.5,186658.12,2191.67
2025-03-11,17.33,3,44627.0,-4722.4,4722,44161.49,58331.0,184324.75,2199.48
2025-03-12,18.39,3,44627.0,-4383.1,4383,50392.08,54327.0,185322.45,2203.1
2025-03-13,18.12,3,44627.0,-4883.2,4883,41327.08,53236.5,183043.54,2208.1
2025-03-14,19.79,4,59577.0,-3613.6,3614,51447.08,60763.5,183731.64,2251.61
2025-03-17,20.75,4,59577.0,-3442.7,3443,54993.35,54395.0,180830.6,2253.59
2025-03-18,19.92,4,59577.0,-3951.5,3951,44868.91,58429.5,182002.33,2258.67
2025-03-19,20.4,4,59577.0,-3823.9,3824,47457.98,54817.0,180284.58,2260.4
2025-03-20,19.9,4,59577.0,-4308.0,4308,37821.54,55497.5,179048.24,2265.24
2025-03-21,19.24,3,44757.0,-2844.5,2844,80717.23,43524.0,178959.79,2280.91
2025-03-24,20.96,3,44757.0,-2089.3,2089,96533.91,37355.5,177674.85,2289.03
2025-03-25,20.55,3,44757.0,-2303.8,2304,92113.51,38603.5,178064.21,2291.18
2025-03-26,18.78,3,44757.0,-3479.9,3480,70016.47,44299.0,179669.87,2302.94
2025-03-27,17.7,3,44757.0,-3872.9,3873,63056.44,48540.5,180149.04,2306.87
2025-03-28,16.01,4,59559.0,-4509.3,4509,38026.72,70607.5,180823.31,2352.23
2025-03-31,15.93,4,59559.0,-4706.2,4706,34886.53,68887.5,178740.61,2354.21
2025-04-01,15.95,4,59559.0,-4395.4,4395,39843.68,70272.5,180216.43,2357.51
2025-04-02,16.25,4,59559.0,-4581.5,4582,36802.99,67146.0,178406.49,2359.45
2025-04-03,11.41,4,59559.0,-7462.4,7462,3913.39,100955.0,190009.81,2388.25
2025-04-04,8.72,3,44670.0,-5745.8,5746,61275.05,83654.0,195034.17,2406.11
2025-04-07,9.33,3,44670.0,-6092.2,6092,58043.41,79255.5,194137.27,2409.57
2025-04-08,8.24,3,44670.0,-6237.1,6237,56846.88,85967.0,194206.76,2411.3
2025-04-09,12.85,3,44670.0,-5182.8,5183,70379.69,53459.0,190440.24,2422.39
2025-04-10,9.63,3,44670.0,-6213.2,6213,60450.49,75303.5,195585.18,2432.69
2025-04-11,10.25,4,59474.0,-4870.9,4871,59345.26,86570.5,195843.51,2489.62
2025-04-14,10.45,4,59474.0,-5307.7,5308,54774.24,82147.0,192389.84,2493.99
2025-04-15,10.57,4,59474.0,-5983.8,5984,47622.16,79161.5,190034.54,2500.75
2025-04-16,9.35,4,59474.0,-5576.3,5576,51432.71,91180.5,194748.81,2505.0
2025-04-17,9.18,3,44556.0,-4896.1,4896,89454.02,53966.5,188365.8,2512.09
2025-04-21,8.68,3,44556.0,-5150.4,5150,87246.76,58057.0,190005.76,2514.63
2025-04-22,9.19,3,44556.0,-4716.3,4716,91230.7,56039.0,190609.74,2519.15
2025-04-23,10.23,3,44556.0,-3676.0,3676,101859.03,50679.0,190143.51,2530.02
2025-04-24,12.04,3,44556.0,-1888.7,1889,123355.74,46829.0,192928.3,2548.79
2025-04-25,12.33,3,44556.0,-1829.1,1829,124094.21,43915.5,190561.28,2550.12
2025-04-28,12.25,4,59337.0,-1126.4,1126,117870.17,57934.0,189597.67,2604.31
2025-04-29,11.87,4,59337.0,-2151.6,2152,105681.29,57690.5,188916.03,2614.57
2025-04-30,12.11,4,59337.0,-1384.5,1385,114961.6,57936.0,189669.95,2622.63
2025-05-01,12.06,4,59337.0,-1440.0,1440,114297.03,57263.5,188926.93,2623.9
2025-05-02,13.32,4,59337.0,-291.4,291,129589.6,53827.0,187292.72,2636.01
2025-05-05,13.01,4,59337.0,-669.1,669,124668.04,53284.0,186655.73,2639.79
2025-05-06,12.62,4,59337.0,-1029.8,1030,120108.61,54569.5,187676.71,2643.4
2025-05-07,13.27,4,59337.0,-577.3,577,126115.14,52771.0,186542.93,2648.18
2025-05-08,13.67,4,59337.0,-254.7,255,130513.49,51181.5,185180.84,2651.57
2025-05-09,14.09,4,59337.0,427.1,-427,140115.66,50443.5,184542.73,2658.78
2025-05-12,17.15,5,73929.0,5897.0,-5897,219234.33,72532.5,190633.28,2758.61
2025-05-13,18.59,5,73929.0,8615.5,-8616,269751.48,83921.0,193501.04,2787.67
2025-05-14,18.83,5,73929.0,8908.9,-8909,275265.54,84681.5,192190.57,2790.8
2025-05-15,18.48,5,73929.0,7874.4,-7874,256128.39,80948.5,191565.37,2801.15
2025-05-16,18.39,3,44177.0,7261.5,-7262,255740.59,68145.5,190337.91,2807.27
2025-05-19,18.07,3,44177.0,7095.3,-7095,252721.06,64883.5,189397.91,2809.11
2025-05-20,17.99,3,44177.0,7049.7,-7050,251910.29,64083.0,189163.79,2810.33
2025-05-21,16.96,3,44177.0,6890.7,-6891,249211.85,55640.0,187980.49,2812.13
2025-05-22,16.5,3,44177.0,6254.5,-6255,238711.49,52999.5,188503.49,2818.49
2025-05-23,15.72,3,44177.0,5480.4,-5480,226520.74,49255.5,189630.64,2826.24
2025-05-27,17.31,4,58846.0,7332.2,-7332,243853.24,72495.0,189431.32,2883.66
2025-05-28,17.03,4,58846.0,7119.2,-7119,240223.72,70894.5,189881.65,2885.79
2025-05-29,17.19,4,58846.0,7277.5,-7277,242937.85,70214.0,188060.22,2887.68
2025-05-30,16.15,3,44042.0,2775.8,-2776,190496.69,41384.5,187048.79,2932.69
2025-06-02,16.91,3,44042.0,3693.6,-3694,206010.3,41544.5,185089.26,2942.46
2025-06-03,18.3,3,44042.0,5277.8,-5278,234980.59,48007.5,186400.69,2959.37
2025-06-04,19.08,3,44042.0,5945.6,-5946,247718.88,53320.0,187589.2,2966.52
2025-06-05,18.83,3,44042.0,5492.9,-5493,239184.36,53382.5,189133.67,2971.05
2025-06-06,19.17,3,44042.0,6321.6,-6322,255067.41,50885.5,184760.17,2979.93
2025-06-09,20.56,3,44042.0,7183.6,-7184,272780.88,62259.0,187336.84,2989.18
2025-06-10,21.9,4,58694.0,8259.7,-8260,281653.08,86786.0,187545.08,3029.38
2025-06-11,21.64,4,58694.0,8064.4,-8064,277409.66,85221.0,188125.7,3031.36
2025-06-12,21.73,4,58694.0,8188.0,-8188,280102.46,85096.0,187273.22,3033.08
2025-06-13,20.03,4,58694.0,6943.7,-6944,255172.7,71921.5,188005.88,3045.52
2025-06-16,21.94,4,58694.0,8484.7,-8485,288965.63,85271.5,188076.23,3062.13
2025-06-17,21.39,4,58694.0,8194.9,-8195,282759.63,81793.5,189262.08,3065.03
2025-06-18,21.61,4,58694.0,8527.3,-8527,289930.57,82272.5,187934.6,3068.61
2025-06-20,21.21,3,43912.0,4642.2,-4642,240646.87,45295.5,187485.55,3107.46
2025-06-23,21.56,3,43912.0,5278.3,-5278,254352.18,44329.5,184888.0,3114.31
2025-06-24,23.99,3,43912.0,6115.3,-6115,274422.74,59193.0,186916.89,3123.38
2025-06-25,24.6,4,58540.0,6740.9,-6741,275157.65,76687.0,186016.05,3160.07
2025-06-26,25.19,4,58540.0,7148.3,-7148,285405.55,80389.5,185736.93,3164.5
2025-06-27,25.09,3,43948.0,3936.7,-3937,230697.45,53889.5,185807.62,3196.61
2025-06-30,25.02,3,43948.0,4011.1,-4011,232547.5,52402.0,184594.28,3198.04
2025-07-01,24.68,3,43948.0,3771.1,-3771,226621.9,50736.0,184289.62,3200.44
2025-07-02,26.08,3,43948.0,4348.9,-4349,241689.84,56710.5,184978.42,3206.74
2025-07-03,26.45,3,43948.0,4603.4,-4603,248405.37,57649.5,184305.52,3209.51
2025-07-07,24.94,3,43948.0,4023.4,-4023,233934.37,50675.0,184275.75,3215.31
2025-07-08,26.38,3,43948.0,4577.4,-4577,248542.85,57151.5,184953.09,3221.35
2025-07-09,26.62,3,43948.0,4772.2,-4772,253731.6,57715.5,184416.46,3223.5
2025-07-10,27.42,4,58288.0,5306.5,-5306,254002.04,74581.5,183093.02,3255.34
2025-07-11,27.25,4,58288.0,5388.7,-5389,256262.3,73531.0,182943.05,3256.83
2025-07-14,26.48,4,58288.0,4945.2,-4945,244500.74,67955.0,181512.14,3261.27
2025-07-15,27.26,4,58288.0,5446.2,-5446,258152.52,73184.0,182878.56,3266.75
2025-07-16,27.02,4,58288.0,5282.3,-5282,253719.42,71630.5,182630.28,3268.57
2025-07-17,27.32,4,58288.0,5497.3,-5497,259590.87,71704.0,181116.83,3270.92
2025-07-18,27.35,3,43620.0,2614.7,-2615,210754.35,41560.5,180794.6,3299.74
2025-07-21,27.45,3,43620.0,2766.6,-2767,214924.85,40438.5,179409.2,3301.64
2025-07-22,26.29,3,43620.0,2041.4,-2041,195831.05,36696.0,178869.16,3308.9
2025-07-23,25.8,3,43620.0,1721.2,-1721,187571.85,33490.0,176660.05,3312.1
2025-07-24,25.61,4,58096.0,1855.2,-1855,176497.2,46098.5,175089.15,3342.49
2025-07-25,25.58,4,58096.0,1843.5,-1844,176214.76,43526.5,172571.74,3343.55
2025-07-28,26.97,4,58096.0,3090.3,-3090,209805.78,47100.0,173568.48,3357.15
2025-07-29,27.07,4,58096.0,3196.2,-3196,212673.57,48357.5,174515.35,3358.78
2025-07-30,27.64,4,58096.0,3714.0,-3714,226985.42,51192.5,175522.96,3364.45
2025-07-31,24.97,4,58096.0,1126.1,-1126,162337.18,43190.0,177410.96,3390.33
2025-08-01,24.07,4,58096.0,145.3,-145,138714.7,43605.5,178830.05,3400.14
2025-08-04,25.06,4,58096.0,1115.7,-1116,163037.41,38786.5,173856.95,3410.69
2025-08-05,24.5,4,58096.0,571.1,-571,149679.46,38541.0,174230.96,3416.14
2025-08-06,23.95,4,58096.0,-259.4,259,129792.66,35612.0,171607.71,3424.44
2025-08-07,25.14,5,72691.0,1453.6,-1454,158215.46,48855.0,170516.9,3471.66
2025-08-08,25.72,5,72691.0,2824.5,-2824,193436.94,46206.0,167009.66,3486.58
2025-08-11,25.61,5,72691.0,2649.4,-2649,188953.32,45469.0,166581.43,3488.45
2025-08-12,28.05,5,72691.0,6068.2,-6068,284818.83,55479.0,170090.43,3525.89
2025-08-13,29.25,5,72691.0,7223.6,-7224,318619.13,65291.0,172608.13,3538.59
2025-08-14,29.35,5,72691.0,7518.0,-7518,327244.8,65525.5,172117.0,3541.82
2025-08-15,27.31,3,43411.0,1687.6,-1688,184964.2,32423.0,171287.92,3600.12
2025-08-18,27.52,3,43411.0,1847.2,-1847,189337.93,30837.0,169345.49,3602.07
2025-08-19,26.25,3,43411.0,666.6,-667,158351.13,29241.0,170083.38,3613.87
2025-08-20,25.76,3,43411.0,194.7,-195,146187.69,28304.0,169468.49,3618.59
2025-08-21,25.33,4,57754.0,127.8,-128,130118.95,42791.0,169667.71,3647.22
2025-08-22,27.43,4,57754.0,2575.0,-2575,197213.4,43826.0,170407.15,3673.98
2025-08-25,27.23,4,57754.0,2401.6,-2402,192500.75,44841.0,171935.29,3675.84
2025-08-26,27.97,4,57754.0,3255.0,-3255,216349.82,43022.5,168329.97,3685.18
2025-08-27,28.13,4,57754.0,3520.2,-3520,223801.37,43630.0,168413.77,3688.08
2025-08-28,28.5,4,57754.0,4823.4,-4823,260922.58,39946.0,163413.08,3702.37
2025-08-29,26.04,3,43414.0,1237.0,-1237,169427.28,31523.5,168739.3,3738.23
2025-09-02,25.24,3,43414.0,503.8,-504,150919.03,29591.0,167789.07,3745.56
2025-09-03,24.88,3,43414.0,121.1,-121,141386.16,28315.0,166690.68,3749.39
2025-09-04,25.63,3,43414.0,829.9,-830,159550.11,27483.0,165760.21,3757.11
2025-09-05,26.52,4,58150.0,2066.2,-2066,177548.15,39897.0,162654.83,3801.79
2025-09-08,27.1,4,58150.0,2842.0,-2842,198569.27,42787.0,164338.07,3810.27
2025-09-09,27.18,4,58150.0,3133.5,-3133,206475.47,36406.0,157726.53,3813.45
2025-09-10,28.58,4,58150.0,4601.7,-4602,248443.38,47640.0,164558.22,3829.56
2025-09-11,29.15,4,58150.0,5354.5,-5354,270355.93,48548.5,162835.33,3837.81
2025-09-12,29.26,4,58150.0,5673.2,-5673,279686.36,48463.5,162157.88,3841.32
2025-09-15,30.03,4,58150.0,6464.2,-6464,303431.38,51274.0,160591.46,3850.03
2025-09-16,30.49,4,58150.0,6228.9,-6229,296263.88,57078.5,163420.17,3852.38
2025-09-17,30.46,4,58150.0,6232.1,-6232,296354.33,56747.0,163274.61,3853.31
2025-09-18,33.63,4,58150.0,7493.6,-7494,338781.37,79844.5,166602.65,3867.33
2025-09-19,32.97,4,58282.0,6097.1,-6097,293413.51,67862.5,160257.92,3902.1
2025-09-22,34.43,4,58282.0,6161.3,-6161,295615.64,79051.0,162543.41,3903.49
2025-09-23,34.32,4,58282.0,5882.2,-5882,286037.57,83082.0,167249.33,3906.28
2025-09-24,34.16,4,58282.0,6241.0,-6241,298297.02,77877.5,162981.96,3910.27
2025-09-25,33.82,4,58282.0,6381.4,-6381,303029.96,75155.5,162380.04,3912.13
2025-09-26,33.99,3,43687.0,4085.0,-4085,244743.96,56266.0,162160.81,3935.09
2025-09-29,34.0,3,43687.0,4174.2,-4174,247768.42,55738.5,161590.92,3936.63
2025-09-30,34.86,3,43687.0,4405.3,-4405,255818.51,57826.0,160086.21,3939.2
2025-10-01,36.87,3,43687.0,4498.8,-4499,259282.7,70778.0,164182.57,3940.79
2025-10-02,39.04,3,43687.0,4869.0,-4869,273723.34,81059.0,164696.58,3944.95
2025-10-03,38.23,4,58079.0,4838.1,-4838,258126.85,91539.0,164709.11,3964.31
2025-10-06,41.68,4,58079.0,5741.4,-5741,295753.66,109731.0,166199.78,3974.54
2025-10-07,38.84,4,58079.0,5383.6,-5384,281884.21,92283.5,165053.15,3978.11
2025-10-08,42.83,4,58079.0,5833.8,-5834,301152.59,117246.5,168528.87,3983.23
2025-10-09,42.25,4,58079.0,5920.8,-5921,304826.79,111887.5,166552.04,3984.78
2025-10-10,34.21,4,58079.0,3686.2,-3686,228345.09,77915.5,180162.53,4007.13
2025-10-13,39.14,4,58079.0,5328.4,-5328,292594.48,96130.0,180186.56,4025.62
2025-10-14,36.63,4,58079.0,4670.2,-4670,268485.36,84571.0,181994.26,4032.2
2025-10-15,40.02,4,58079.0,5628.5,-5628,306813.71,99412.0,180993.15,4043.01
2025-10-16,40.59,4,58079.0,5693.4,-5693,309450.65,102243.0,180614.78,4044.42
2025-10-17,40.18,4,58596.0,3802.0,-3802,250456.36,81504.0,179196.0,4076.33
2025-10-20,42.16,4,58596.0,4103.7,-4104,263185.25,90215.0,180375.61,4079.76
2025-10-21,41.46,4,58596.0,4095.6,-4096,262852.53,83090.0,176122.37,4080.8
2025-10-22,38.38,4,58596.0,3462.1,-3462,238513.27,72775.0,178416.71,4087.14
2025-10-23,41.17,4,58596.0,4056.5,-4057,263002.69,82041.0,178017.0,4093.87
2025-10-24,43.16,3,43860.0,2021.0,-2021,216292.57,49249.0,178315.21,4114.23
2025-10-27,46.82,3,43860.0,2570.4,-2570,241990.44,57517.0,179180.04,4120.54
2025-10-28,46.9,3,43860.0,2585.7,-2586,242739.74,57908.0,179364.34,4121.64
2025-10-29,49.44,3,43860.0,2830.1,-2830,254800.28,65642.0,180527.08,4124.46
2025-10-30,47.31,3,43860.0,2652.1,-2652,246377.21,58186.0,179097.09,4126.35
2025-10-31,47.71,4,57684.0,2845.6,-2846,241794.99,72167.0,178179.33,4140.31
2025-11-03,48.55,4,57684.0,3111.0,-3111,254657.69,71894.0,175512.64,4143.36
2025-11-04,42.79,4,57684.0,1950.0,-1950,204966.89,57458.0,178984.39,4154.97
2025-11-05,46.76,4,57684.0,2868.4,-2868,247882.03,66887.0,180661.35,4165.51
2025-11-06,43.06,4,57684.0,2024.4,-2024,211530.95,57228.0,181605.51,4173.95
2025-11-07,41.73,4,57684.0,1814.3,-1814,202765.55,53100.0,180167.33,4176.05
2025-11-10,44.97,4,57684.0,2651.7,-2652,240440.84,57570.0,178750.4,4185.62
2025-11-11,41.84,4,57684.0,1864.2,-1864,207463.04,50899.0,180372.28,4193.5
2025-11-12,43.76,4,57684.0,2509.9,-2510,235724.64,51427.0,177314.04,4200.86
2025-11-13,39.22,4,57684.0,1204.5,-1205,184529.49,43314.5,180583.89,4213.91
2025-11-14,38.86,5,71624.0,1314.3,-1314,174810.55,54029.0,177777.51,4228.59
2025-11-17,36.84,5,71624.0,338.4,-338,138844.95,52033.0,178426.03,4238.35
2025-11-18,34.34,5,71624.0,-984.9,985,93399.9,52658.0,179882.8,4251.58
2025-11-19,35.95,5,71624.0,-112.8,113,124738.56,50277.0,179077.91,4261.32
2025-11-20,30.81,5,71624.0,-3526.4,3526,19549.9,57681.5,185867.46,4295.45
2025-11-21,31.7,3,42624.0,-1355.4,1355,99246.6,39723.0,181923.1,4319.45
2025-11-24,35.83,3,42624.0,-745.1,745,121096.09,34090.0,181879.44,4326.26
2025-11-25,36.16,3,42624.0,-723.8,724,121854.32,33017.5,181051.66,4327.39
2025-11-26,39.12,3,42624.0,-283.6,284,139062.16,29309.0,179481.24,4332.35
2025-11-28,41.3,3,42624.0,132.9,-133,156279.54,28461.5,179248.14,4337.07
2025-12-01,41.33,4,57444.0,299.9,-300,148342.69,41547.5,177491.19,4356.03
2025-12-02,43.78,4,57444.0,950.6,-951,176836.06,43425.0,178626.28,4363.44
2025-12-03,46.58,4,57444.0,1633.3,-1633,208595.79,45262.5,177793.15,4371.27
2025-12-04,45.21,4,57444.0,1292.2,-1292,193175.77,43427.0,178191.45,4374.68
2025-12-05,46.51,4,57444.0,1628.3,-1628,208799.28,43800.5,176881.5,4378.53
2025-12-08,47.99,4,57444.0,1998.0,-1998,226551.32,46070.0,176737.3,4382.79
2025-12-09,47.77,4,57444.0,1952.3,-1952,224352.67,45210.0,176315.63,4384.02
2025-12-10,49.62,4,57444.0,2425.8,-2426,247867.07,47663.5,175152.45,4389.5
2025-12-11,48.79,4,57444.0,2286.3,-2286,241034.77,44490.0,173990.83,4391.2
2025-12-12,41.7,4,57444.0,207.8,-208,154361.39,33443.0,179130.79,4411.98
2025-12-15,41.17,5,71554.0,185.1,-185,139290.37,45003.0,176676.92,4426.09
2025-12-16,40.44,5,71554.0,-245.5,245,121896.87,42925.5,174730.17,4430.39
2025-12-17,36.01,5,71554.0,-2280.0,2280,48596.17,47022.5,177721.47,4450.74
2025-12-18,38.58,5,71554.0,-1284.3,1284,87010.65,41821.0,178368.37,4461.94
2025-12-19,41.79,3,42870.0,730.8,-731,178573.66,32140.0,180165.17,4484.78
2025-12-22,43.27,3,42870.0,1061.4,-1061,192849.0,31527.5,178467.03,4488.54
2025-12-23,43.7,3,42870.0,1198.0,-1198,198834.03,30062.0,176543.43,4490.41
2025-12-24,44.2,3,42870.0,1321.2,-1321,204268.84,30250.5,176131.14,4492.2
2025-12-26,44.19,3,42870.0,1369.3,-1369,206388.65,29342.0,175234.54,4493.51
2025-12-29,43.86,3,42870.0,1287.6,-1288,202834.59,27595.0,173937.91,4494.91
2025-12-30,43.68,4,57066.0,1420.7,-1421,194430.58,41567.5,173928.8,4512.36
2025-12-31,42.03,4,57066.0,879.8,-880,171686.94,38675.0,173375.54,4517.77
2026-01-02,47.27,4,57066.0,2345.1,-2345,240920.65,49660.0,179732.5,4534.61
2026-01-05,49.24,4,57066.0,2801.9,-2802,263418.06,53798.0,179245.58,4539.88
2026-01-06,53.97,4,57066.0,3359.7,-3360,293526.8,69705.0,181892.6,4546.4
2026-01-07,52.25,4,57066.0,3213.6,-3214,285896.57,62922.0,180887.07,4548.13
2026-01-08,49.65,4,57066.0,2886.2,-2886,269608.09,53838.5,180156.69,4551.41
2026-01-09,53.91,4,57066.0,3528.4,-3528,304210.82,67210.0,181226.34,4558.9
2026-01-12,54.65,4,57066.0,3645.3,-3645,310603.08,68614.0,180017.83,4560.69
2026-01-13,56.08,4,57066.0,3727.7,-3728,315256.16,74598.0,180787.92,4562.25
2026-01-14,55.41,4,57066.0,3718.4,-3718,314701.01,71588.0,180274.63,4563.3
2026-01-15,58.12,4,57066.0,3681.1,-3681,312549.39,85045.0,183654.67,4564.48
2026-01-16,60.72,2,28306.0,1718.1,-1718,240692.4,45719.0,182094.44,4584.11
2026-01-20,58.0,2,28306.0,1582.0,-1582,232802.72,41239.0,182285.72,4585.79
2026-01-21,63.5,2,28306.0,1807.8,-1808,247151.02,50707.0,183050.02,4588.49
2026-01-22,63.75,2,28306.0,1936.2,-1936,255309.13,49156.0,181045.13,4590.38
2026-01-23,61.55,2,28306.0,1882.4,-1882,251984.16,44884.0,181031.06,4591.65
2026-01-26,60.68,2,28306.0,1758.1,-1758,244458.22,44618.0,182400.78,4593.27
2026-01-27,64.98,2,28306.0,1812.2,-1812,247965.76,54303.0,184525.0,4594.65
2026-01-28,70.1,2,28306.0,1957.4,-1957,258128.23,63603.0,184545.53,4596.68
2026-01-29,70.46,3,42610.0,2182.9,-2183,259737.65,76587.0,182510.47,4607.22
2026-01-30,61.79,3,42610.0,1733.3,-1733,231927.65,59213.0,184058.58,4611.72
2026-02-02,65.21,3,42610.0,1924.7,-1925,244445.62,65771.0,184687.37,4614.07
2026-02-03,61.2,3,42610.0,1776.1,-1776,235325.08,58026.0,184659.88,4615.81
2026-02-04,53.19,3,42610.0,1139.1,-1139,201436.68,47466.0,188319.27,4622.18
2026-02-05,53.26,3,42610.0,1177.9,-1178,203512.56,45839.0,186611.28,4623.44
2026-02-06,61.76,3,42610.0,1829.6,-1830,243772.32,57304.0,188055.52,4631.2
2026-02-09,64.0,3,42610.0,1885.7,-1886,247354.93,61726.0,188376.93,4632.59
2026-02-10,63.32,3,42610.0,1919.4,-1919,249443.26,58667.0,186599.18,4633.82
2026-02-11,67.99,3,42610.0,2088.7,-2089,260999.36,68906.0,187874.25,4636.02
2026-02-12,63.03,4,57340.0,1885.2,-1885,233401.4,75450.0,190039.85,4645.86
2026-02-13,64.59,4,57340.0,2226.6,-2227,255487.09,73617.0,185262.16,4649.95
2026-02-17,64.34,4,57340.0,2162.3,-2162,251303.66,72124.0,184324.58,4651.28
2026-02-18,66.35,4,57340.0,2329.1,-2329,262381.94,74858.0,182710.79,4653.45
2026-02-19,65.22,4,57340.0,2311.6,-2312,261272.11,71257.0,181740.47,4654.54
2026-02-20,67.11,2,29034.0,192.8,-193,172886.83,23295.0,183229.6,4675.73
2026-02-23,65.81,2,29034.0,129.7,-130,168739.49,21525.0,181709.19,4677.04
2026-02-24,68.56,2,29034.0,238.8,-239,176210.76,22140.0,181964.92,4678.81
2026-02-25,71.84,2,29034.0,365.7,-366,185332.53,22860.0,181899.09,4680.72
2026-02-26,65.34,2,29034.0,84.4,-84,166903.83,19965.0,181380.27,4683.54
2026-02-27,62.77,3,42114.0,52.5,-53,151869.0,31365.0,179907.19,4692.5
2026-03-02,62.66,3,42114.0,60.8,-61,152369.23,32565.0,181111.97,4693.55
2026-03-03,53.42,3,42114.0,-611.5,612,116410.84,34011.0,183114.88,4700.28
2026-03-04,56.63,3,42114.0,-427.9,428,126828.51,31725.0,182791.15,4702.53
2026-03-05,54.7,3,42114.0,-554.7,555,119879.98,32298.0,182536.48,4704.16
2026-03-06,47.88,3,42114.0,-933.7,934,101729.67,39153.0,185602.59,4707.95
2026-03-09,53.43,3,42114.0,-742.7,743,111932.53,31773.0,183404.02,4710.22
2026-03-10,54.59,3,42114.0,-673.0,673,115752.36,30651.0,183142.43,4711.69
2026-03-11,56.1,3,42114.0,-614.5,615,119004.77,28680.0,182186.27,4713.08
2026-03-12,50.28,3,42114.0,-1016.0,1016,98838.48,33510.0,183432.96,4717.09
2026-03-13,50.73,4,56436.0,-923.3,923,89223.65,45801.0,181848.44,4727.81
2026-03-16,53.69,4,56436.0,-730.3,730,99583.54,42506.5,181283.74,4730.09
2026-03-17,54.92,4,56436.0,-677.4,677,102492.94,39500.0,179173.78,4731.45
2026-03-18,54.02,4,56436.0,-816.7,817,94928.44,40816.0,179878.78,4733.15
2026-03-19,54.86,4,56436.0,-767.3,767,97670.11,39683.0,179430.73,4734.48
2026-03-20,51.14,3,42132.0,-434.8,435,125960.74,31962.0,180168.64,4738.33
2026-03-23,52.96,3,42132.0,-372.4,372,129295.8,29791.5,178788.42,4739.75
2026-03-24,55.02,3,42132.0,-245.8,246,136226.47,28524.0,178285.39,4741.6
2026-03-25,57.08,3,42132.0,-88.4,88,145243.04,27404.5,177670.58,4743.67
2026-03-26,48.97,3,42132.0,-756.8,757,112475.42,31154.5,180700.21,4750.36
2026-03-27,46.6,4,56052.0,-733.9,734,99615.67,48078.0,181898.07,4761.91
2026-03-30,40.63,4,56052.0,-1268.8,1269,77873.27,52706.5,182139.24,4767.26
2026-03-31,47.94,4,56052.0,-738.7,739,103275.37,43415.0,182118.03,4773.36
2026-04-01,52.27,4,56052.0,-401.1,401,120938.7,41558.5,183457.47,4777.29
2026-04-02,52.74,3,41322.0,105.2,-105,153775.25,33924.5,182162.05,4783.18
2026-04-06,54.8,3,41322.0,305.7,-306,164787.7,33624.5,181643.4,4785.53
2026-04-07,56.54,3,41322.0,465.4,-465,173775.49,35214.5,182698.89,4787.6
2026-04-08,67.55,3,41322.0,1240.4,-1240,226117.39,42961.0,185316.39,4796.95
2026-04-09,71.98,3,41322.0,1487.9,-1488,243965.41,48865.5,185724.67,4799.97
2026-04-10,76.38,3,41322.0,1646.5,-1647,256107.67,56711.5,187021.31,4802.13
2026-04-13,80.5,4,53782.0,1862.7,-1863,261027.79,75088.5,186144.79,4810.01
2026-04-14,85.39,4,53782.0,2007.6,-2008,273407.24,83969.0,185913.12,4812.11
2026-04-15,85.88,4,53782.0,2061.8,-2062,278043.35,84293.5,185252.29,4813.52
2026-04-16,88.44,4,53782.0,2088.6,-2089,280430.03,90180.5,185859.37,4814.72
2026-04-17,94.72,3,40702.0,1592.3,-1592,252381.22,84318.5,185905.48,4819.69
2026-04-20,95.94,3,40702.0,1622.1,-1622,255258.18,85800.5,185444.0,4820.93
2026-04-21,98.08,3,40702.0,1537.5,-1537,246919.96,93286.0,189457.0,4822.35
2026-04-22,105.67,3,40702.0,1554.1,-1554,248715.21,109992.0,194496.03,4823.49
2026-04-23,112.69,3,40702.0,1627.0,-1627,256939.97,121078.5,194671.84,4825.1
2026-04-24,128.25,3,40702.0,1774.0,-1774,275790.43,143449.0,191723.93,4827.39
2026-04-27,123.37,4,54724.0,1828.5,-1829,268548.41,146725.0,189629.68,4832.76
2026-04-28,109.59,4,54724.0,1593.0,-1593,242682.81,128471.0,196576.94,4835.12
2026-04-29,118.06,4,54724.0,1799.9,-1800,267118.44,129575.0,184185.44,4837.91
2026-04-30,127.01,4,54724.0,1859.0,-1859,274610.52,152276.5,190775.43,4839.42
2026-05-01,130.33,4,54724.0,1888.0,-1888,278388.83,158403.0,190728.79,4840.68
2026-05-04,127.55,4,54724.0,1876.0,-1876,276857.17,151375.0,188948.37,4841.74
2026-05-05,144.28,4,54724.0,1926.1,-1926,284069.71,188060.0,194246.43,4843.2
2026-05-06,165.76,4,54724.0,2001.5,-2002,296665.73,232565.5,197379.71,4844.94
2026-05-07,152.05,4,54724.0,1981.9,-1982,293623.63,202604.0,194864.53,4846.04
2026-05-08,177.44,4,54724.0,2060.8,-2061,307639.58,253847.5,195783.24,4847.85
2026-05-11,190.4,5,62492.0,2119.4,-2119,310911.88,286781.5,194235.78,4850.75
2026-05-12,172.55,5,62492.0,2060.7,-2061,300902.69,249780.0,195057.14,4852.04
2026-05-13,184.38,5,62492.0,2089.3,-2089,306064.04,276717.5,197611.72,4853.33
2026-05-14,186.12,5,62492.0,2050.6,-2051,298990.29,284192.0,201450.17,4854.52
2026-05-15,164.23,3,34250.0,559.0,-559,226989.21,58695.5,193880.14,4869.44
2026-05-18,151.66,3,34250.0,491.4,-491,216674.99,51661.0,193870.93,4870.78
2026-05-19,151.93,3,34250.0,477.7,-478,214698.83,52105.5,194181.79,4871.85
2026-05-20,173.34,3,34250.0,582.6,-583,232897.48,63056.0,194896.26,4873.9
2026-05-21,178.23,3,34250.0,614.9,-615,238599.51,64847.0,193835.06,4875.23
2026-05-22,190.61,3,34250.0,644.1,-644,244125.9,73185.5,194558.56,4876.53
2026-05-26,225.75,3,34250.0,700.4,-700,256766.26,98690.5,197431.76,4878.17
2026-05-27,217.9,3,34250.0,692.6,-693,255239.92,92631.5,196866.72,4879.21
2026-05-28,224.67,3,34250.0,694.9,-695,255688.24,97892.5,197435.09,4880.23
2026-05-29,224.06,3,34250.0,708.2,-708,258599.87,96560.0,196525.39,4881.38
2026-06-01,226.92,3,34250.0,721.3,-721,261548.68,97134.5,195073.86,4882.53
2026-06-02,266.37,3,34250.0,745.1,-745,267940.26,128233.5,197728.11,4883.83
2026-06-03,280.0,3,34250.0,757.2,-757,271299.1,138586.5,197925.6,4884.99
2026-06-04,262.82,3,34250.0,753.7,-754,270509.63,123246.5,195589.85,4886.0
2026-06-05,182.11,3,34250.0,661.6,-662,253754.05,64231.5,197428.73,4887.46
2026-06-08,211.18,3,34250.0,689.8,-690,259665.78,86756.5,200708.08,4888.77
2026-06-09,201.78,3,34250.0,665.0,-665,254620.15,80620.0,201056.45,4889.9
2026-06-10,180.03,3,34250.0,636.2,-636,249398.14,64686.0,199585.06,4891.04
2026-06-11,224.01,3,34250.0,711.7,-712,266421.03,95899.0,202824.91,4892.91
2026-06-12,234.48,3,34250.0,726.0,-726,269702.58,103174.5,202644.6,4894.08
2026-06-15,272.83,3,34250.0,775.2,-775,283069.62,130180.0,201806.37,4895.71
2026-06-16,226.01,3,34250.0,723.2,-723,271315.84,95899.5,203810.11,4896.97
2026-06-17,233.67,3,34250.0,724.2,-724,271548.5,102669.0,205040.42,4897.98
2026-06-18,279.47,1,7768.0,83.9,-84,218410.3,9670.0,204604.82,4904.38
2026-06-22,300.89,1,7768.0,92.9,-93,221117.19,11350.0,204484.42,4905.5
2026-06-23,230.81,1,7768.0,61.7,-62,213960.93,5647.5,205298.21,4906.65
2026-06-24,229.59,1,7768.0,60.0,-60,213500.74,6242.5,205967.84,4907.66
2026-06-25,253.56,1,7768.0,87.0,-87,220345.52,6629.0,204914.8,4909.0
2026-06-26,215.1,0,0.0,0.0,0,204140.39,0.0,204140.39,4910.43
2026-06-29,236.51,0,0.0,0.0,0,204140.39,0.0,204140.39,4910.43
2026-06-30,266.8,0,0.0,0.0,0,204140.39,0.0,204140.39,4910.43
2026-07-01,217.57,0,0.0,0.0,0,204140.39,0.0,204140.39,4910.43
2026-07-02,181.03,0,0.0,0.0,0,204140.39,0.0,204140.39,4910.43
