week_start,week_end,begin_cash,begin_equity,begin_sweep,spot_monday,anchor_action,anchor_strike,anchor_expiration,anchor_contracts,anchor_buy_price,anchor_cost,anchor_note,short_action,short_strike,short_expiration,short_contracts,short_credit_price,short_premium_received,short_note,short_realized_pnl,short_settle_price,short_settle_cost,short_outcome,spot_friday,week_realized,sweep_amount,end_cash,end_sweep,end_equity,end_total_wealth,anchor_realized_pnl,anchor_sell_price,anchor_proceeds,anchor_roll_reason
2024-01-02,2024-01-05,150000.0,150000.0,0.0,28.04,BUY,28.0,2024-05-17,41.0,4.98,20418.0,REAL QUOTE bid=4.90 ask=5.00 dte=136,SELL,27.0,2024-01-05,41.0,0.376,1541.6,REAL QUOTE bid=0.37 ask=0.40 delta=-0.287 dte=3,-2804.399999999995,25.94,4346.0,SETTLED_ITM(close 25.94),25.93,-2804.4,0.0,126724.3,0.0,150401.8,150401.8,,,,
2024-01-08,2024-01-12,126724.3,145481.8,0.0,28.43,HOLD,28.0,2024-05-17,41.0,,,,SELL,27.0,2024-01-12,41.0,0.334,1369.4,REAL QUOTE bid=0.33 ask=0.35 delta=-0.244 dte=4,1369.3999999999999,28.07,0.0,EXPIRED_WORTHLESS(close 28.07),28.1,1369.4,342.35,127724.7,342.35,146584.7,146927.05,,,,
2024-01-16,2024-01-19,127724.7,144842.2,342.35,29.19,HOLD,28.0,2024-05-17,41.0,,,,SELL,28.0,2024-01-19,41.0,0.308,1262.8,REAL QUOTE bid=0.30 ask=0.34 delta=-0.258 dte=3,1262.8,34.9,0.0,EXPIRED_WORTHLESS(close 34.90),34.86,1262.8,315.7,128645.15,658.05,139612.65,140270.7,,,,
2024-01-22,2024-01-26,128645.15,139243.65,658.05,35.26,ROLL_DRIFT(+25.7%),35.0,2024-05-17,31.0,5.53,17143.0,REAL QUOTE bid=5.45 ask=5.55 dte=116,SELL,33.0,2024-01-26,31.0,0.492,1525.2,REAL QUOTE bid=0.48 ask=0.54 delta=-0.236 dte=4,1525.2,34.01,0.0,EXPIRED_WORTHLESS(close 34.01),34.01,-8355.8,0.0,123497.4,658.05,142562.4,143220.45,-9881.000000000002,2.57,10537.0,ROLL_DRIFT(+25.7%)
2024-01-29,2024-02-02,123497.4,141167.4,658.05,35.04,HOLD,35.0,2024-05-17,31.0,,,,SELL,32.0,2024-02-02,31.0,0.416,1289.6,REAL QUOTE bid=0.41 ask=0.44 delta=-0.188 dte=4,1289.6000000000001,33.68,0.0,EXPIRED_WORTHLESS(close 33.68),33.65,1289.6,322.4,124444.45,980.45,143354.45,144334.9,,,,
2024-02-05,2024-02-09,124444.45,141494.45,980.45,35.1,HOLD,35.0,2024-05-17,31.0,,,,SELL,33.0,2024-02-09,31.0,0.446,1382.6,REAL QUOTE bid=0.44 ask=0.47 delta=-0.232 dte=4,1382.6000000000001,39.35,0.0,EXPIRED_WORTHLESS(close 39.35),39.32,1382.6,345.65,125461.25,1326.1,138403.75,139729.85,,,,
2024-02-12,2024-02-16,125461.25,138481.25,1326.1,39.15,ROLL_DRIFT(+11.0%),39.0,2024-08-16,28.0,8.57,23996.0,REAL QUOTE bid=8.45 ask=8.60 dte=186,SELL,36.0,2024-02-16,28.0,0.454,1271.2,REAL QUOTE bid=0.45 ask=0.47 delta=-0.194 dte=4,1271.2,38.32,0.0,EXPIRED_WORTHLESS(close 38.32),38.33,-2944.8,0.0,115606.9,1326.1,140316.9,141643.0,-4216.000000000001,4.17,12927.0,ROLL_DRIFT(+11.0%)
2024-02-20,2024-02-23,115606.9,142416.9,1326.1,36.42,HOLD,39.0,2024-08-16,28.0,,,,SELL,33.0,2024-02-23,28.0,0.774,2167.2,REAL QUOTE bid=0.77 ask=0.79 delta=-0.230 dte=3,2167.2000000000003,40.05,0.0,EXPIRED_WORTHLESS(close 40.05),40.17,2167.2,541.8,117214.1,1867.9,139544.1,141412.0,,,,
2024-02-26,2024-03-01,117214.1,138074.1,1867.9,41.21,HOLD,39.0,2024-08-16,28.0,,,,SELL,39.0,2024-03-01,28.0,0.624,1747.2,REAL QUOTE bid=0.62 ask=0.64 delta=-0.259 dte=4,1747.2,48.34,0.0,EXPIRED_WORTHLESS(close 48.34),48.33,1747.2,436.8,118506.3,2304.7,133626.3,135931.0,,,,
2024-03-04,2024-03-08,118506.3,133206.3,2304.7,49.77,ROLL_DRIFT(+27.1%),50.0,2024-08-16,21.0,10.770000000000001,22617.0,REAL QUOTE bid=10.65 ask=10.80 dte=165,SELL,46.0,2024-03-08,21.0,0.726,1524.6,REAL QUOTE bid=0.72 ask=0.75 delta=-0.219 dte=4,1524.6,48.83,0.0,EXPIRED_WORTHLESS(close 48.83),48.95,-7939.4,0.0,111900.4,2304.7,137152.9,139457.6,-9464.0,5.19,14532.0,ROLL_DRIFT(+27.1%)
2024-03-11,2024-03-15,111900.4,138937.9,2304.7,46.77,HOLD,50.0,2024-08-16,21.0,,,,SELL,43.0,2024-03-15,21.0,0.976,2049.6,REAL QUOTE bid=0.97 ask=1.00 delta=-0.244 dte=4,1356.6000000000035,42.67,693.0,SETTLED_ITM(close 42.67),42.74,1356.6,339.15,112904.2,2643.85,144561.7,147205.55,,,,
2024-03-18,2024-03-22,112904.2,143826.7,2643.85,42.54,ROLL_DRIFT(-14.5%),43.0,2024-08-16,27.0,10.28,27756.0,REAL QUOTE bid=10.00 ask=10.35 dte=151,SELL,39.0,2024-03-22,27.0,0.8180000000000001,2208.6,REAL QUOTE bid=0.81 ask=0.85 delta=-0.234 dte=4,2208.6000000000004,46.41,0.0,EXPIRED_WORTHLESS(close 46.41),46.43,10356.6,2589.15,115483.9,5233.0,137151.4,142384.4,8147.999999999997,14.65,30765.0,ROLL_DRIFT(-14.5%)
2024-03-25,2024-03-28,115483.9,136948.9,5233.0,45.89,HOLD,43.0,2024-08-16,27.0,,,,SELL,43.0,2024-03-28,27.0,0.464,1252.8,REAL QUOTE bid=0.46 ask=0.48 delta=-0.207 dte=3,1252.8000000000002,46.53,0.0,EXPIRED_WORTHLESS(close 46.53),46.53,1252.8,313.2,116405.95,5546.2,136453.45,141999.65,,,,
2024-04-01,2024-04-05,116405.95,136925.95,5546.2,47.99,ROLL_DRIFT(+12.8%),48.0,2024-08-16,22.0,9.959999999999999,21912.0,REAL QUOTE bid=9.40 ask=10.10 dte=137,SELL,45.0,2024-04-05,22.0,0.59,1298.0,REAL QUOTE bid=0.58 ask=0.63 delta=-0.226 dte=4,-1539.9999999999982,43.71,2838.0,SETTLED_ITM(close 43.71),43.62,-10153.0,0.0,112050.8,5546.2,136745.8,142292.0,-8612.999999999998,7.09,19143.0,ROLL_DRIFT(+12.8%)
2024-04-08,2024-04-12,112050.8,135810.8,5546.2,44.0,HOLD,48.0,2024-08-16,22.0,,,,SELL,41.0,2024-04-12,22.0,0.56,1232.0,REAL QUOTE bid=0.55 ask=0.60 delta=-0.219 dte=4,1232.0000000000002,41.36,0.0,EXPIRED_WORTHLESS(close 41.36),41.51,1232.0,308.0,112960.5,5854.2,140240.5,146094.7,,,,
2024-04-15,2024-04-19,112960.5,142495.5,5854.2,39.78,ROLL_DRIFT(-17.1%),40.0,2024-08-16,28.0,8.030000000000001,22484.0,REAL QUOTE bid=7.95 ask=8.05 dte=123,SELL,37.0,2024-04-19,28.0,0.774,2167.2,REAL QUOTE bid=0.77 ask=0.79 delta=-0.254 dte=4,-15500.799999999997,30.69,17668.0,SETTLED_ITM(close 30.69),30.79,-8306.8,0.0,104031.0,5854.2,138611.0,144465.2,7194.000000000003,13.23,29106.0,ROLL_DRIFT(-17.1%)
2024-04-22,2024-04-26,104031.0,135251.0,5854.2,32.07,ROLL_DRIFT(-19.4%),32.0,2024-08-16,33.0,6.16,20328.0,REAL QUOTE bid=6.00 ask=6.20 dte=116,SELL,30.0,2024-04-26,33.0,0.53,1749.0,REAL QUOTE bid=0.51 ask=0.61 delta=-0.252 dte=4,1749.0,39.75,0.0,EXPIRED_WORTHLESS(close 39.75),39.8,9981.0,2495.25,113611.65,8349.45,125656.65,134006.1,8231.999999999993,10.969999999999999,30716.0,ROLL_DRIFT(-19.4%)
2024-04-29,2024-05-03,113611.65,124996.65,8349.45,40.61,ROLL_DRIFT(+26.6%),41.0,2024-08-16,25.0,7.390000000000001,18475.0,REAL QUOTE bid=6.15 ask=7.70 dte=109,SELL,37.0,2024-05-03,25.0,0.614,1535.0,REAL QUOTE bid=0.61 ask=0.63 delta=-0.206 dte=4,1535.0,38.97,0.0,EXPIRED_WORTHLESS(close 38.97),38.97,-7507.0,0.0,107903.7,8349.45,127903.7,136253.15,-9042.0,3.42,11286.0,ROLL_DRIFT(+26.6%)
2024-05-06,2024-05-10,107903.7,124716.2,8349.45,41.3,HOLD,41.0,2024-08-16,25.0,,,,SELL,39.0,2024-05-10,25.0,0.492,1230.0,REAL QUOTE bid=0.47 ask=0.58 delta=-0.238 dte=4,1230.0,41.02,0.0,EXPIRED_WORTHLESS(close 41.02),41.03,1230.0,307.5,108809.95,8656.95,125309.95,133966.9,,,,
2024-05-13,2024-05-17,108809.95,124684.95,8656.95,41.27,HOLD,41.0,2024-08-16,25.0,,,,SELL,39.0,2024-05-17,25.0,0.636,1590.0,REAL QUOTE bid=0.63 ask=0.66 delta=-0.258 dte=4,1590.0,45.43,0.0,EXPIRED_WORTHLESS(close 45.43),45.4,1590.0,397.5,109986.2,9054.45,122048.7,131103.15,,,,
2024-05-20,2024-05-24,109986.2,119611.2,9054.45,48.25,ROLL_DRIFT(+18.8%),48.0,2024-11-15,19.0,10.91,20729.0,REAL QUOTE bid=9.95 ask=11.15 dte=179,SELL,45.0,2024-05-24,19.0,0.8160000000000001,1550.4,REAL QUOTE bid=0.80 ask=0.88 delta=-0.247 dte=4,1550.4,51.54,0.0,EXPIRED_WORTHLESS(close 51.54),51.44,-7524.6,0.0,100166.65,9054.45,116601.65,125656.1,-9075.000000000002,3.7600000000000002,9400.0,ROLL_DRIFT(+18.8%)
2024-05-28,2024-05-31,100166.65,114559.15,9054.45,54.04,ROLL_DRIFT(+12.0%),54.0,2024-11-15,16.0,11.19,17904.0,REAL QUOTE bid=10.55 ask=11.35 dte=171,SELL,51.0,2024-05-31,16.0,0.482,771.2,REAL QUOTE bid=0.47 ask=0.53 delta=-0.209 dte=3,-3148.8000000000047,48.55,3920.0,SETTLED_ITM(close 48.55),48.59,-10197.8,0.0,92760.7,9054.45,114080.7,123135.15,-7049.0,7.2,13680.0,ROLL_DRIFT(+12.0%)
2024-06-03,2024-06-07,92760.7,114280.7,9054.45,48.59,ROLL_DRIFT(-10.1%),49.0,2024-11-15,19.0,10.54,20026.0,REAL QUOTE bid=10.30 ask=10.60 dte=165,SELL,45.0,2024-06-07,19.0,0.5720000000000001,1086.8,REAL QUOTE bid=0.55 ask=0.66 delta=-0.207 dte=4,1086.8,51.91,0.0,EXPIRED_WORTHLESS(close 51.91),51.87,4510.8,1127.7,93986.7,10182.15,111656.7,121838.85,3424.000000000001,13.33,21328.0,ROLL_DRIFT(-10.1%)
2024-06-10,2024-06-14,93986.7,109994.2,10182.15,53.95,ROLL_DRIFT(+11.0%),54.0,2024-11-15,16.0,11.469999999999999,18352.0,REAL QUOTE bid=10.55 ask=11.70 dte=158,SELL,50.0,2024-06-14,16.0,0.628,1004.8,REAL QUOTE bid=0.62 ask=0.66 delta=-0.204 dte=4,1004.8,60.03,0.0,EXPIRED_WORTHLESS(close 60.03),60.1,-3099.2,0.0,92528.35,10182.15,107288.35,117470.5,-4104.0,8.379999999999999,15922.0,ROLL_DRIFT(+11.0%)
2024-06-17,2024-06-21,92528.35,105968.35,10182.15,62.67,ROLL_DRIFT(+16.2%),63.0,2024-11-15,13.0,14.1,18330.0,REAL QUOTE bid=12.90 ask=14.40 dte=151,SELL,59.0,2024-06-21,13.0,0.5680000000000001,738.4,REAL QUOTE bid=0.56 ask=0.60 delta=-0.205 dte=4,-535.5999999999959,58.02,1274.0,SETTLED_ITM(close 58.02),58.2,-5543.6,0.0,86979.45,10182.15,106381.95,116564.1,-5007.999999999998,8.34,13344.0,ROLL_DRIFT(+16.2%)
2024-06-24,2024-06-28,86979.45,110054.45,10182.15,53.22,ROLL_DRIFT(-15.1%),53.0,2024-11-15,16.0,11.25,18000.0,REAL QUOTE bid=10.05 ask=11.55 dte=144,SELL,49.0,2024-06-28,16.0,0.668,1068.8,REAL QUOTE bid=0.66 ask=0.70 delta=-0.203 dte=4,1068.8,55.35,0.0,EXPIRED_WORTHLESS(close 55.35),55.36,5228.8,1307.2,91201.8,11489.35,107481.8,118971.15,4160.000000000002,17.3,22490.0,ROLL_DRIFT(-15.1%)
2024-07-01,2024-07-05,91201.8,106601.8,11489.35,55.36,HOLD,53.0,2024-11-15,16.0,,,,SELL,53.0,2024-07-05,16.0,0.53,848.0,REAL QUOTE bid=0.51 ask=0.61 delta=-0.245 dte=4,848.0,60.81,0.0,EXPIRED_WORTHLESS(close 60.81),60.81,848.0,212.0,91827.4,11701.35,104107.4,115808.75,,,,
2024-07-08,2024-07-12,91827.4,102307.4,11701.35,64.31,ROLL_DRIFT(+20.8%),64.0,2024-11-15,12.0,11.98,14376.0,REAL QUOTE bid=11.90 ask=12.00 dte=130,SELL,61.0,2024-07-12,12.0,0.6920000000000001,830.4,REAL QUOTE bid=0.67 ask=0.78 delta=-0.235 dte=4,830.4000000000001,64.08,0.0,EXPIRED_WORTHLESS(close 64.08),63.94,-6737.6,0.0,88687.8,11701.35,102997.8,114699.15,-7567.999999999999,6.5200000000000005,10432.0,ROLL_DRIFT(+20.8%)
2024-07-15,2024-07-19,88687.8,102427.8,11701.35,64.14,HOLD,64.0,2024-11-15,12.0,,,,SELL,60.0,2024-07-19,12.0,0.7040000000000001,844.8,REAL QUOTE bid=0.67 ask=0.84 delta=-0.216 dte=4,-14755.199999999999,47.0,15600.0,SETTLED_ITM(close 47.00),47.0,-14755.2,0.0,73924.8,11701.35,98884.8,110586.15,,,,
2024-07-22,2024-07-26,73924.8,94354.8,11701.35,52.93,ROLL_DRIFT(-17.7%),53.0,2025-01-17,14.0,12.23,17122.0,REAL QUOTE bid=10.75 ask=12.60 dte=179,SELL,49.0,2024-07-26,14.0,0.746,1044.4,REAL QUOTE bid=0.73 ask=0.81 delta=-0.221 dte=4,-8769.599999999997,41.99,9814.0,SETTLED_ITM(close 41.99),41.92,-3057.6,0.0,68095.2,11701.35,93015.2,104716.55,5712.000000000002,16.740000000000002,20088.0,ROLL_DRIFT(-17.7%)
2024-07-29,2024-08-02,68095.2,93400.2,11701.35,41.81,ROLL_DRIFT(-21.0%),42.0,2025-01-17,18.0,10.729999999999999,19314.0,REAL QUOTE bid=9.85 ask=10.95 dte=172,SELL,38.0,2024-08-02,18.0,0.8480000000000001,1526.4,REAL QUOTE bid=0.81 ask=1.00 delta=-0.233 dte=4,-14097.599999999999,29.32,15624.0,SETTLED_ITM(close 29.32),29.34,-6187.6,0.0,59683.1,11701.35,91948.1,103649.45,7909.999999999998,17.88,25032.0,ROLL_DRIFT(-21.0%)
2024-08-05,2024-08-09,59683.1,94873.1,11701.35,27.89,ROLL_DRIFT(-33.3%),28.0,2025-01-17,29.0,10.24,29696.0,REAL QUOTE bid=8.40 ask=10.70 dte=165,SELL,24.0,2024-08-09,29.0,1.222,3543.8,REAL QUOTE bid=1.20 ask=1.31 delta=-0.244 dte=4,3543.8,30.96,0.0,EXPIRED_WORTHLESS(close 30.96),31.01,17853.8,4463.45,62642.05,16164.8,82579.55,98744.35,14310.000000000002,18.68,33624.0,ROLL_DRIFT(-33.3%)
2024-08-12,2024-08-16,62642.05,82362.05,16164.8,31.41,ROLL_DRIFT(+12.6%),31.0,2025-01-17,21.0,8.16,17136.0,REAL QUOTE bid=8.00 ask=8.20 dte=158,SELL,28.0,2024-08-16,21.0,0.634,1331.4,REAL QUOTE bid=0.63 ask=0.65 delta=-0.210 dte=4,1331.3999999999999,39.72,0.0,EXPIRED_WORTHLESS(close 39.72),39.73,-10123.6,0.0,65032.3,16164.8,75584.8,91749.6,-11455.0,6.29,18241.0,ROLL_DRIFT(+12.6%)
2024-08-19,2024-08-23,65032.3,74534.8,16164.8,41.6,ROLL_DRIFT(+32.4%),42.0,2025-01-17,14.0,10.07,14098.0,REAL QUOTE bid=9.75 ask=10.15 dte=151,SELL,38.0,2024-08-23,14.0,0.512,716.8,REAL QUOTE bid=0.50 ask=0.56 delta=-0.194 dte=4,716.8000000000001,40.39,0.0,EXPIRED_WORTHLESS(close 40.39),40.4,-7137.2,0.0,60901.25,16164.8,75356.25,91521.05,-7853.999999999999,4.420000000000001,9282.0,ROLL_DRIFT(+32.4%)
2024-08-26,2024-08-30,60901.25,76966.25,16164.8,37.37,ROLL_DRIFT(-10.2%),37.0,2025-01-17,17.0,8.69,14773.0,REAL QUOTE bid=8.05 ask=8.85 dte=144,SELL,33.0,2024-08-30,17.0,0.7240000000000001,1230.8,REAL QUOTE bid=0.70 ask=0.82 delta=-0.202 dte=4,1230.8000000000002,38.92,0.0,EXPIRED_WORTHLESS(close 38.92),38.79,2756.8,689.2,62262.65,16854.0,74970.15,91824.15,1525.9999999999998,11.16,15624.0,ROLL_DRIFT(-10.2%)
2024-09-03,2024-09-06,62262.65,82237.65,16854.0,30.07,ROLL_DRIFT(-19.5%),30.0,2025-01-17,22.0,7.390000000000001,16258.0,REAL QUOTE bid=7.15 ask=7.45 dte=136,SELL,27.0,2024-09-06,22.0,0.582,1280.4,REAL QUOTE bid=0.58 ask=0.59 delta=-0.212 dte=3,-1029.6000000000017,25.95,2310.0,SETTLED_ITM(close 25.95),25.96,4070.4,1017.6,63790.8,17871.6,83260.8,101132.4,5100.0,11.69,19873.0,ROLL_DRIFT(-19.5%)
2024-09-09,2024-09-13,63790.8,81390.8,17871.6,27.43,HOLD,30.0,2025-01-17,22.0,,,,SELL,25.0,2024-09-13,22.0,0.504,1108.8,REAL QUOTE bid=0.50 ask=0.52 delta=-0.224 dte=4,1108.8,33.44,0.0,EXPIRED_WORTHLESS(close 33.44),33.43,1108.8,277.2,64608.1,18148.8,77038.1,95186.9,,,,
2024-09-16,2024-09-20,64608.1,77643.1,18148.8,32.16,HOLD,30.0,2025-01-17,22.0,,,,SELL,29.0,2024-09-20,22.0,0.534,1174.8,REAL QUOTE bid=0.53 ask=0.55 delta=-0.204 dte=4,1174.8000000000002,33.55,0.0,EXPIRED_WORTHLESS(close 33.55),33.55,1174.8,293.7,65474.9,18442.5,76529.9,94972.4,,,,
2024-09-23,2024-09-27,65474.9,76474.9,18442.5,33.92,ROLL_DRIFT(+12.8%),34.0,2025-02-21,18.0,7.92,14256.0,REAL QUOTE bid=7.80 ask=7.95 dte=151,SELL,31.0,2024-09-27,18.0,0.406,730.8,REAL QUOTE bid=0.40 ask=0.43 delta=-0.190 dte=4,730.8000000000001,37.64,0.0,EXPIRED_WORTHLESS(close 37.64),37.66,-4593.2,0.0,62846.0,18442.5,74681.0,93123.5,-5324.000000000002,4.97,10934.0,ROLL_DRIFT(+12.8%)
2024-09-30,2024-10-04,62846.0,75131.0,18442.5,36.68,HOLD,34.0,2025-02-21,18.0,,,,SELL,34.0,2024-10-04,18.0,0.596,1072.8,REAL QUOTE bid=0.59 ask=0.62 delta=-0.233 dte=4,1072.8,36.71,0.0,EXPIRED_WORTHLESS(close 36.71),36.68,1072.8,268.2,63638.9,18710.7,75878.9,94589.6,,,,
2024-10-07,2024-10-11,63638.9,75923.9,18710.7,36.41,HOLD,34.0,2025-02-21,18.0,,,,SELL,34.0,2024-10-11,18.0,0.654,1177.2,REAL QUOTE bid=0.64 ask=0.71 delta=-0.254 dte=4,1177.2,38.65,0.0,EXPIRED_WORTHLESS(close 38.65),38.67,1177.2,294.3,64510.1,19005.0,75310.1,94315.1,,,,
2024-10-14,2024-10-18,64510.1,73555.1,19005.0,40.82,ROLL_DRIFT(+20.3%),41.0,2025-02-21,14.0,8.56,11984.0,REAL QUOTE bid=8.40 ask=8.60 dte=130,SELL,38.0,2024-10-18,14.0,0.464,649.6,REAL QUOTE bid=0.46 ask=0.48 delta=-0.208 dte=4,-3158.3999999999983,35.28,3808.0,SETTLED_ITM(close 35.28),35.27,-8450.4,0.0,58301.8,19005.0,73771.8,92776.8,-5291.999999999999,4.98,8964.0,ROLL_DRIFT(+20.3%)
2024-10-21,2024-10-25,58301.8,73771.8,19005.0,35.09,ROLL_DRIFT(-14.0%),35.0,2025-02-21,16.0,7.37,11792.0,REAL QUOTE bid=7.25 ask=7.40 dte=123,SELL,33.0,2024-10-25,16.0,0.548,876.8,REAL QUOTE bid=0.54 ask=0.58 delta=-0.252 dte=4,876.8000000000001,35.31,0.0,EXPIRED_WORTHLESS(close 35.31),35.28,4278.8,1069.7,61673.0,20074.7,72913.0,92987.7,3401.9999999999995,10.99,15386.0,ROLL_DRIFT(-14.0%)
2024-10-28,2024-11-01,61673.0,72673.0,20074.7,35.35,HOLD,35.0,2025-02-21,16.0,,,,SELL,33.0,2024-11-01,16.0,0.5840000000000001,934.4,REAL QUOTE bid=0.57 ask=0.64 delta=-0.246 dte=4,-2441.599999999999,30.89,3376.0,SETTLED_ITM(close 30.89),30.83,-2441.6,0.0,59221.0,20074.7,73901.0,93975.7,,,,
2024-11-04,2024-11-08,59221.0,73981.0,20074.7,30.35,ROLL_DRIFT(-13.5%),30.0,2025-02-21,19.0,6.17,11723.0,REAL QUOTE bid=6.05 ask=6.20 dte=109,SELL,28.0,2024-11-08,19.0,0.7040000000000001,1337.6,REAL QUOTE bid=0.70 ask=0.72 delta=-0.258 dte=4,1337.6000000000001,35.42,0.0,EXPIRED_WORTHLESS(close 35.42),35.41,4233.6,1058.4,62430.1,21133.1,69650.1,90783.2,2895.9999999999995,9.18,14688.0,ROLL_DRIFT(-13.5%)
2024-11-11,2024-11-15,62430.1,71455.1,21133.1,32.77,HOLD,30.0,2025-02-21,19.0,,,,SELL,30.0,2024-11-15,19.0,0.376,714.4,REAL QUOTE bid=0.37 ask=0.40 delta=-0.188 dte=4,-5631.599999999999,26.66,6346.0,SETTLED_ITM(close 26.66),26.66,-5631.6,0.0,56786.15,21133.1,70418.65,91551.75,,,,
2024-11-18,2024-11-22,56786.15,69088.65,21133.1,27.67,HOLD,30.0,2025-02-21,19.0,,,,SELL,25.0,2024-11-22,19.0,0.414,786.6,REAL QUOTE bid=0.41 ask=0.43 delta=-0.197 dte=4,786.6,28.48,0.0,EXPIRED_WORTHLESS(close 28.48),28.49,786.6,196.65,57363.75,21329.75,68336.25,89666.0,,,,
2024-11-25,2024-11-29,57363.75,67338.75,21329.75,29.33,HOLD,30.0,2025-02-21,19.0,,,,SELL,28.0,2024-11-29,19.0,0.354,672.6,REAL QUOTE bid=0.35 ask=0.37 delta=-0.257 dte=4,672.6,28.08,0.0,EXPIRED_WORTHLESS(close 28.08),28.06,672.6,168.15,57855.85,21497.9,68258.35,89756.25,,,,
2024-12-02,2024-12-06,57855.85,66690.85,21497.9,30.2,HOLD,30.0,2025-02-21,19.0,,,,SELL,28.0,2024-12-06,19.0,0.334,634.6,REAL QUOTE bid=0.33 ask=0.35 delta=-0.200 dte=4,634.6,29.65,0.0,EXPIRED_WORTHLESS(close 29.65),29.61,634.6,158.65,58319.45,21656.55,67249.45,88906.0,,,,
2024-12-09,2024-12-13,58319.45,67439.45,21656.55,29.23,HOLD,30.0,2025-02-21,19.0,,,,SELL,27.0,2024-12-13,19.0,0.304,577.6,REAL QUOTE bid=0.30 ask=0.32 delta=-0.191 dte=4,577.6,30.79,0.0,EXPIRED_WORTHLESS(close 30.79),30.7,577.6,144.4,58740.3,21800.95,66625.3,88426.25,,,,
2024-12-16,2024-12-20,58740.3,65390.3,21800.95,32.51,HOLD,30.0,2025-02-21,19.0,,,,SELL,30.0,2024-12-20,19.0,0.474,900.6,REAL QUOTE bid=0.47 ask=0.49 delta=-0.218 dte=4,-4134.399999999997,27.35,5035.0,SETTLED_ITM(close 27.35),27.3,-4134.4,0.0,54593.55,21800.95,65471.05,87272.0,,,,
2024-12-23,2024-12-27,54593.55,62906.05,21800.95,29.59,HOLD,30.0,2025-02-21,19.0,,,,SELL,28.0,2024-12-27,19.0,0.28400000000000003,539.6,REAL QUOTE bid=0.28 ask=0.30 delta=-0.219 dte=4,539.6,29.72,0.0,EXPIRED_WORTHLESS(close 29.72),29.69,539.6,134.9,54985.9,21935.85,62585.9,84521.75,,,,
2024-12-30,2025-01-03,54985.9,64200.9,21935.85,27.94,HOLD,30.0,2025-02-21,19.0,,,,SELL,26.0,2025-01-03,19.0,0.246,467.4,REAL QUOTE bid=0.23 ask=0.31 delta=-0.192 dte=4,467.40000000000003,29.88,0.0,EXPIRED_WORTHLESS(close 29.88),29.82,467.4,116.85,55324.1,22052.7,61727.1,83779.8,,,,
2025-01-06,2025-01-10,55324.1,60378.1,22052.7,32.49,HOLD,30.0,2025-02-21,19.0,,,,SELL,30.0,2025-01-10,19.0,0.356,676.4,REAL QUOTE bid=0.35 ask=0.38 delta=-0.194 dte=4,-3123.6,28.0,3800.0,SETTLED_ITM(close 28.00),28.06,-3123.6,0.0,52188.15,22052.7,60785.65,82838.35,,,,
2025-01-13,2025-01-17,52188.15,60928.15,22052.7,27.85,ROLL_DTE(39d),28.0,2025-05-16,18.0,6.12,11016.0,REAL QUOTE bid=6.00 ask=6.15 dte=123,SELL,25.0,2025-01-17,18.0,0.404,727.2,REAL QUOTE bid=0.40 ask=0.42 delta=-0.189 dte=4,727.2,32.51,0.0,EXPIRED_WORTHLESS(close 32.51),32.49,-2312.8,0.0,50546.6,22052.7,57476.6,79529.3,-3039.9999999999995,4.57,8683.0,ROLL_DTE(39d)
2025-01-21,2025-01-24,50546.6,56666.6,22052.7,33.69,ROLL_DRIFT(+21.0%),34.0,2025-05-16,13.0,6.33,8229.0,REAL QUOTE bid=6.25 ask=6.35 dte=115,SELL,32.0,2025-01-24,13.0,0.384,499.2,REAL QUOTE bid=0.38 ask=0.40 delta=-0.241 dte=3,499.2,32.73,0.0,EXPIRED_WORTHLESS(close 32.73),32.65,-4450.8,0.0,48854.2,22052.7,57629.2,79681.9,-4950.0,3.37,6066.0,ROLL_DRIFT(+21.0%)
2025-01-27,2025-01-31,48854.2,63414.2,22052.7,25.06,ROLL_DRIFT(-25.6%),25.0,2025-05-16,20.0,5.18,10360.0,REAL QUOTE bid=5.10 ask=5.20 dte=109,SELL,23.0,2025-01-31,20.0,0.728,1456.0,REAL QUOTE bid=0.72 ask=0.76 delta=-0.271 dte=4,1456.0,26.97,0.0,EXPIRED_WORTHLESS(close 26.97),27.02,7358.0,1839.5,52207.25,23892.2,60607.25,84499.45,5902.000000000002,10.870000000000001,14131.0,ROLL_DRIFT(-25.6%)
2025-02-03,2025-02-07,52207.25,61657.25,23892.2,25.61,HOLD,25.0,2025-05-16,20.0,,,,SELL,23.0,2025-02-07,20.0,0.5,1000.0,REAL QUOTE bid=0.49 ask=0.54 delta=-0.215 dte=4,1000.0,26.33,0.0,EXPIRED_WORTHLESS(close 26.33),26.33,1000.0,250.0,52944.25,24142.2,60944.25,85086.45,,,,
2025-02-10,2025-02-14,52944.25,59944.25,24142.2,27.35,HOLD,25.0,2025-05-16,20.0,,,,SELL,26.0,2025-02-14,20.0,0.422,844.0,REAL QUOTE bid=0.42 ask=0.43 delta=-0.269 dte=4,843.9999999999999,28.54,0.0,EXPIRED_WORTHLESS(close 28.54),28.55,844.0,211.0,53564.25,24353.2,59344.25,83697.45,,,,
2025-02-18,2025-02-21,53564.25,58624.25,24353.2,29.99,ROLL_DRIFT(+19.7%),30.0,2025-08-15,15.0,6.77,10155.0,REAL QUOTE bid=6.65 ask=6.80 dte=178,SELL,28.0,2025-02-21,15.0,0.192,288.0,REAL QUOTE bid=0.19 ask=0.20 delta=-0.161 dte=3,288.0,28.75,0.0,EXPIRED_WORTHLESS(close 28.75),28.81,-5036.0,0.0,48700.75,24353.2,59163.25,83516.45,-5324.0,2.518,5036.0,ROLL_DRIFT(+19.7%)
2025-02-24,2025-02-28,48700.75,60325.75,24353.2,26.76,ROLL_DRIFT(-10.8%),27.0,2025-08-15,18.0,6.18,11124.0,REAL QUOTE bid=6.10 ask=6.20 dte=172,SELL,24.0,2025-02-28,18.0,0.434,781.2,REAL QUOTE bid=0.42 ask=0.49 delta=-0.199 dte=4,-1504.7999999999993,22.73,2286.0,SETTLED_ITM(close 22.73),22.73,-304.8,0.0,47393.8,24353.2,61703.8,86057.0,1200.0000000000011,7.57,11355.0,ROLL_DRIFT(-10.8%)
2025-03-03,2025-03-07,47393.8,64268.8,24353.2,20.51,ROLL_DRIFT(-23.4%),21.0,2025-08-15,26.0,5.51,14326.0,REAL QUOTE bid=4.55 ask=5.75 dte=165,SELL,18.0,2025-03-07,26.0,0.448,1164.8,REAL QUOTE bid=0.44 ask=0.48 delta=-0.205 dte=4,1164.8000000000002,20.89,0.0,EXPIRED_WORTHLESS(close 20.89),20.88,6132.8,1533.2,48745.9,25886.4,62005.9,87892.3,4968.0,8.94,16092.0,ROLL_DRIFT(-23.4%)
2025-03-10,2025-03-14,48745.9,64930.9,25886.4,17.99,ROLL_DRIFT(-12.3%),18.0,2025-08-15,30.0,4.84,14520.0,REAL QUOTE bid=4.20 ask=5.00 dte=158,SELL,16.0,2025-03-14,30.0,0.538,1614.0,REAL QUOTE bid=0.53 ask=0.57 delta=-0.241 dte=4,1614.0000000000002,19.79,0.0,EXPIRED_WORTHLESS(close 19.79),19.8,2966.0,741.5,50720.5,26627.9,61745.5,88373.4,1352.0000000000011,6.03,15678.0,ROLL_DRIFT(-12.3%)
2025-03-17,2025-03-21,50720.5,60320.5,26627.9,20.79,ROLL_DRIFT(+15.6%),21.0,2025-08-15,23.0,4.68,10764.0,REAL QUOTE bid=4.00 ask=4.85 dte=151,SELL,19.0,2025-03-21,23.0,0.332,763.6,REAL QUOTE bid=0.33 ask=0.34 delta=-0.213 dte=4,763.6,19.24,0.0,EXPIRED_WORTHLESS(close 19.24),19.28,-4336.4,0.0,50090.7,26627.9,61820.7,88448.6,-5099.999999999999,3.14,9420.0,ROLL_DRIFT(+15.6%)
2025-03-24,2025-03-28,50090.7,59980.7,26627.9,21.0,HOLD,21.0,2025-08-15,23.0,,,,SELL,19.0,2025-03-28,23.0,0.194,446.2,REAL QUOTE bid=0.19 ask=0.21 delta=-0.161 dte=4,-6430.7999999999965,16.01,6877.0,SETTLED_ITM(close 16.01),16.03,-6430.8,0.0,43644.95,26627.9,59399.95,86027.85,,,,
2025-03-31,2025-04-04,43644.95,58824.95,26627.9,15.95,ROLL_DRIFT(-23.3%),16.0,2025-08-15,31.0,3.68,11408.0,REAL QUOTE bid=3.60 ask=3.70 dte=137,SELL,14.0,2025-04-04,31.0,0.28200000000000003,874.2,REAL QUOTE bid=0.28 ask=0.29 delta=-0.185 dte=4,-15493.8,8.72,16368.0,SETTLED_ITM(close 8.72),8.73,-11560.8,0.0,31384.9,26627.9,56494.9,83122.8,3933.0,6.39,14697.0,ROLL_DRIFT(-23.3%)
2025-04-07,2025-04-11,31384.9,54789.9,26627.9,9.15,ROLL_DRIFT(-42.6%),9.0,2025-08-15,50.0,2.758,13790.0,REAL QUOTE bid=2.67 ask=2.78 dte=130,SELL,8.0,2025-04-11,50.0,0.594,2970.0,REAL QUOTE bid=0.59 ask=0.61 delta=-0.280 dte=4,2970.0,10.25,0.0,EXPIRED_WORTHLESS(close 10.25),10.23,14502.0,3625.5,39794.25,30253.4,50444.25,80697.65,11531.999999999998,7.3999999999999995,22940.0,ROLL_DRIFT(-42.6%)
2025-04-14,2025-04-17,39794.25,49619.25,30253.4,10.47,ROLL_DRIFT(+14.4%),10.0,2025-08-15,41.0,2.468,10118.8,REAL QUOTE bid=2.42 ask=2.48 dte=123,SELL,9.0,2025-04-17,41.0,0.342,1402.2,REAL QUOTE bid=0.34 ask=0.35 delta=-0.220 dte=3,1402.2,9.18,0.0,EXPIRED_WORTHLESS(close 9.18),9.2,-2637.8,0.0,40741.85,30253.4,52406.35,82659.75,-4040.0000000000005,1.95,9750.0,ROLL_DRIFT(+14.4%)
2025-04-21,2025-04-25,40741.85,53246.85,30253.4,8.71,ROLL_DRIFT(-16.8%),9.0,2025-08-15,49.0,2.47,12103.0,REAL QUOTE bid=2.43 ask=2.48 dte=116,SELL,8.0,2025-04-25,49.0,0.372,1822.8,REAL QUOTE bid=0.37 ask=0.38 delta=-0.299 dte=4,1822.8000000000002,12.33,0.0,EXPIRED_WORTHLESS(close 12.33),12.34,4086.0,1021.5,41731.8,31274.9,47415.8,78690.7,2263.2000000000003,3.02,12382.0,ROLL_DRIFT(-16.8%)
2025-04-28,2025-05-02,41731.8,47905.8,31274.9,12.29,ROLL_DRIFT(+41.1%),12.0,2025-08-15,32.0,2.586,8275.2,REAL QUOTE bid=2.53 ask=2.60 dte=109,SELL,11.0,2025-05-02,32.0,0.28200000000000003,902.4,REAL QUOTE bid=0.28 ask=0.29 delta=-0.223 dte=4,902.4000000000001,13.32,0.0,EXPIRED_WORTHLESS(close 13.32),13.29,-5085.4,0.0,40400.75,31274.9,47104.75,78379.65,-5987.800000000001,1.248,6115.2,ROLL_DRIFT(+41.1%)
2025-05-05,2025-05-09,40400.75,47328.75,31274.9,13.05,HOLD,12.0,2025-08-15,32.0,,,,SELL,12.0,2025-05-09,32.0,0.322,1030.4,REAL QUOTE bid=0.32 ask=0.33 delta=-0.258 dte=4,1030.4,14.09,0.0,EXPIRED_WORTHLESS(close 14.09),14.11,1030.4,257.6,41152.75,31532.5,46880.75,78413.25,,,,
2025-05-12,2025-05-16,41152.75,44512.75,31532.5,17.13,ROLL_DRIFT(+39.4%),17.0,2025-11-21,20.0,4.17,8340.0,REAL QUOTE bid=4.05 ask=4.20 dte=193,SELL,16.0,2025-05-16,20.0,0.354,708.0,REAL QUOTE bid=0.35 ask=0.37 delta=-0.266 dte=4,708.0,18.39,0.0,EXPIRED_WORTHLESS(close 18.39),18.39,-4226.4,0.0,36814.75,31532.5,44514.75,76047.25,-4934.4,1.044,3340.8,ROLL_DRIFT(+39.4%)
2025-05-19,2025-05-23,36814.75,44614.75,31532.5,18.06,HOLD,17.0,2025-11-21,20.0,,,,SELL,17.0,2025-05-23,20.0,0.364,728.0,REAL QUOTE bid=0.36 ask=0.38 delta=-0.276 dte=4,-1831.9999999999986,15.72,2560.0,SETTLED_ITM(close 15.72),15.73,-1832.0,0.0,34969.75,31532.5,44769.75,76302.25,,,,
2025-05-27,2025-05-30,34969.75,43469.75,31532.5,17.29,HOLD,17.0,2025-11-21,20.0,,,,SELL,16.0,2025-05-30,20.0,0.326,652.0,REAL QUOTE bid=0.32 ask=0.35 delta=-0.244 dte=3,652.0,16.15,0.0,EXPIRED_WORTHLESS(close 16.15),16.17,652.0,163.0,35445.75,31695.5,44445.75,76141.25,,,,
2025-06-02,2025-06-06,35445.75,43745.75,31695.5,16.9,HOLD,17.0,2025-11-21,20.0,,,,SELL,16.0,2025-06-06,20.0,0.372,744.0,REAL QUOTE bid=0.37 ask=0.38 delta=-0.292 dte=4,744.0,19.17,0.0,EXPIRED_WORTHLESS(close 19.17),19.18,744.0,186.0,35990.75,31881.5,42690.75,74572.25,,,,
2025-06-09,2025-06-13,35990.75,41780.75,31881.5,20.58,ROLL_DRIFT(+20.1%),21.0,2025-11-21,16.0,4.97,7952.0,REAL QUOTE bid=4.85 ask=5.00 dte=165,SELL,19.0,2025-06-13,16.0,0.322,515.2,REAL QUOTE bid=0.32 ask=0.33 delta=-0.223 dte=4,515.2,20.03,0.0,EXPIRED_WORTHLESS(close 20.03),20.04,-2148.8,0.0,34196.15,31881.5,42716.15,74597.65,-2664.0,2.838,5676.0,ROLL_DRIFT(+20.1%)
2025-06-16,2025-06-20,34196.15,41476.15,31881.5,21.9,HOLD,21.0,2025-11-21,16.0,,,,SELL,20.0,2025-06-20,16.0,0.252,403.2,REAL QUOTE bid=0.25 ask=0.26 delta=-0.184 dte=4,403.2,21.21,0.0,EXPIRED_WORTHLESS(close 21.21),21.21,403.2,100.8,34488.15,31982.3,42248.15,74230.45,,,,
2025-06-23,2025-06-27,34488.15,41848.15,31982.3,21.58,HOLD,21.0,2025-11-21,16.0,,,,SELL,20.0,2025-06-27,16.0,0.34400000000000003,550.4,REAL QUOTE bid=0.34 ask=0.36 delta=-0.232 dte=4,550.4000000000001,25.09,0.0,EXPIRED_WORTHLESS(close 25.09),25.11,550.4,137.6,34890.55,32119.9,40370.55,72490.45,,,,
2025-06-30,2025-07-03,34890.55,40090.55,32119.9,25.11,ROLL_DRIFT(+22.0%),25.0,2025-11-21,12.0,5.27,6324.0,REAL QUOTE bid=5.15 ask=5.30 dte=144,SELL,24.0,2025-07-03,12.0,0.356,427.2,REAL QUOTE bid=0.35 ask=0.38 delta=-0.274 dte=3,427.20000000000005,26.45,0.0,EXPIRED_WORTHLESS(close 26.45),26.43,-2420.8,0.0,34071.75,32119.9,39771.75,71891.65,-2847.9999999999995,3.19,5104.0,ROLL_DRIFT(+22.0%)
2025-07-07,2025-07-11,34071.75,40371.75,32119.9,24.97,HOLD,25.0,2025-11-21,12.0,,,,SELL,23.0,2025-07-11,12.0,0.28400000000000003,340.8,REAL QUOTE bid=0.28 ask=0.30 delta=-0.195 dte=4,340.8,27.25,0.0,EXPIRED_WORTHLESS(close 27.25),27.29,340.8,85.2,34319.55,32205.1,39419.55,71624.65,,,,
2025-07-14,2025-07-18,34319.55,39659.55,32205.1,26.5,HOLD,25.0,2025-11-21,12.0,,,,SELL,25.0,2025-07-18,12.0,0.442,530.4,REAL QUOTE bid=0.44 ask=0.45 delta=-0.261 dte=4,530.4000000000001,27.35,0.0,EXPIRED_WORTHLESS(close 27.35),27.33,530.4,132.6,34709.55,32337.7,39689.55,72027.25,,,,
2025-07-21,2025-07-25,34709.55,39509.55,32337.7,27.5,HOLD,25.0,2025-11-21,12.0,,,,SELL,26.0,2025-07-25,12.0,0.482,578.4,REAL QUOTE bid=0.48 ask=0.49 delta=-0.270 dte=4,74.39999999999793,25.58,504.0,SETTLED_ITM(close 25.58),25.6,74.4,18.6,34757.55,32356.3,39857.55,72213.85,,,,
2025-07-28,2025-08-01,34757.55,39317.55,32356.3,26.88,HOLD,25.0,2025-11-21,12.0,,,,SELL,25.0,2025-08-01,12.0,0.354,424.8,REAL QUOTE bid=0.35 ask=0.37 delta=-0.220 dte=4,-691.1999999999997,24.07,1116.0,SETTLED_ITM(close 24.07),24.08,-691.2,0.0,34058.55,32356.3,40268.55,72624.85,,,,
2025-08-04,2025-08-08,34058.55,39428.55,32356.3,25.0,HOLD,25.0,2025-11-21,12.0,,,,SELL,23.0,2025-08-08,12.0,0.294,352.8,REAL QUOTE bid=0.29 ask=0.31 delta=-0.197 dte=4,352.79999999999995,25.72,0.0,EXPIRED_WORTHLESS(close 25.72),25.71,352.8,88.2,34315.35,32444.5,39175.35,71619.85,,,,
2025-08-11,2025-08-15,34315.35,39175.35,32444.5,25.61,HOLD,25.0,2025-11-21,12.0,,,,SELL,24.0,2025-08-15,12.0,0.392,470.4,REAL QUOTE bid=0.39 ask=0.40 delta=-0.242 dte=4,470.40000000000003,27.31,0.0,EXPIRED_WORTHLESS(close 27.31),27.37,470.4,117.6,34660.35,32562.1,38830.35,71392.45,,,,
2025-08-18,2025-08-22,34660.35,38590.35,32562.1,27.53,HOLD,25.0,2025-11-21,12.0,,,,SELL,26.0,2025-08-22,12.0,0.342,410.4,REAL QUOTE bid=0.34 ask=0.35 delta=-0.236 dte=4,410.40000000000003,27.43,0.0,EXPIRED_WORTHLESS(close 27.43),27.45,410.4,102.6,34960.35,32664.7,38920.35,71585.05,,,,
2025-08-25,2025-08-29,34960.35,39610.35,32664.7,27.3,HOLD,25.0,2025-11-21,12.0,,,,SELL,25.0,2025-08-29,12.0,0.23399999999999999,280.8,REAL QUOTE bid=0.22 ask=0.29 delta=-0.169 dte=4,280.79999999999995,26.04,0.0,EXPIRED_WORTHLESS(close 26.04),26.04,280.8,70.2,35163.15,32734.9,39453.15,72188.05,,,,
2025-09-02,2025-09-05,35163.15,39303.15,32734.9,25.25,HOLD,25.0,2025-11-21,12.0,,,,SELL,24.0,2025-09-05,12.0,0.41400000000000003,496.8,REAL QUOTE bid=0.40 ask=0.47 delta=-0.278 dte=3,496.80000000000007,26.52,0.0,EXPIRED_WORTHLESS(close 26.52),26.45,496.8,124.2,35527.95,32859.1,39337.95,72197.05,,,,
2025-09-08,2025-09-12,35527.95,38995.95,32859.1,27.08,HOLD,25.0,2025-11-21,12.0,,,,SELL,25.0,2025-09-12,12.0,0.234,280.8,REAL QUOTE bid=0.23 ask=0.25 delta=-0.175 dte=4,280.8,29.26,0.0,EXPIRED_WORTHLESS(close 29.26),29.3,280.8,70.2,35730.75,32929.3,38394.75,71324.05,,,,
2025-09-15,2025-09-19,35730.75,38172.75,32929.3,30.0,ROLL_DRIFT(+19.5%),30.0,2026-02-20,10.0,7.8,7800.0,REAL QUOTE bid=5.00 ask=8.50 dte=158,SELL,28.0,2025-09-19,10.0,0.41000000000000003,410.0,REAL QUOTE bid=0.39 ask=0.49 delta=-0.233 dte=4,410.0,32.97,0.0,EXPIRED_WORTHLESS(close 32.97),33.02,-3698.8,0.0,30535.15,32929.3,35785.15,68714.45,-4108.799999999999,1.846,2215.2,ROLL_DRIFT(+19.5%)
2025-09-22,2025-09-26,30535.15,36410.15,32929.3,34.43,ROLL_DRIFT(+14.8%),34.0,2026-02-20,8.0,8.95,7160.0,REAL QUOTE bid=6.75 ask=9.50 dte=151,SELL,32.0,2025-09-26,8.0,0.394,315.2,REAL QUOTE bid=0.38 ask=0.45 delta=-0.208 dte=4,315.2,33.99,0.0,EXPIRED_WORTHLESS(close 33.99),34.02,-2194.8,0.0,28963.45,32929.3,34303.45,67232.75,-2509.9999999999995,5.29,5290.0,ROLL_DRIFT(+14.8%)
2025-09-29,2025-10-03,28963.45,34143.45,32929.3,34.02,HOLD,34.0,2026-02-20,8.0,,,,SELL,32.0,2025-10-03,8.0,0.496,396.8,REAL QUOTE bid=0.49 ask=0.52 delta=-0.245 dte=4,396.8,38.23,0.0,EXPIRED_WORTHLESS(close 38.23),38.23,396.8,99.2,29255.85,33028.5,33735.85,66764.35,,,,
2025-10-06,2025-10-10,29255.85,32835.85,33028.5,41.71,ROLL_DRIFT(+21.1%),42.0,2026-02-20,6.0,9.87,5922.0,REAL QUOTE bid=7.35 ask=10.50 dte=137,SELL,38.0,2025-10-10,6.0,0.666,399.6,REAL QUOTE bid=0.66 ask=0.69 delta=-0.211 dte=4,-1874.3999999999996,34.21,2274.0,SETTLED_ITM(close 34.21),34.21,-6186.4,0.0,24294.45,33028.5,31794.45,64822.95,-4311.999999999999,3.56,2848.0,ROLL_DRIFT(+21.1%)
2025-10-13,2025-10-17,24294.45,30429.45,33028.5,39.14,HOLD,42.0,2026-02-20,6.0,,,,SELL,36.0,2025-10-17,6.0,0.8320000000000001,499.2,REAL QUOTE bid=0.81 ask=0.92 delta=-0.249 dte=4,499.20000000000005,40.18,0.0,EXPIRED_WORTHLESS(close 40.18),40.29,499.2,124.8,24664.95,33153.3,30799.95,63953.25,,,,
2025-10-20,2025-10-24,24664.95,30124.95,33153.3,42.24,HOLD,42.0,2026-02-20,6.0,,,,SELL,38.0,2025-10-24,6.0,0.6880000000000001,412.8,REAL QUOTE bid=0.66 ask=0.80 delta=-0.204 dte=4,412.80000000000007,43.16,0.0,EXPIRED_WORTHLESS(close 43.16),43.14,412.8,103.2,24970.65,33256.5,30160.65,63417.15,,,,
2025-10-27,2025-10-31,24970.65,29455.65,33256.5,46.84,ROLL_DRIFT(+12.3%),47.0,2026-02-20,5.0,10.26,5130.0,REAL QUOTE bid=8.90 ask=10.60 dte=116,SELL,42.0,2025-10-31,5.0,0.892,446.0,REAL QUOTE bid=0.88 ask=0.94 delta=-0.211 dte=4,446.0,47.71,0.0,EXPIRED_WORTHLESS(close 47.71),47.78,-1342.0,0.0,24410.25,33256.5,29310.25,62566.75,-1787.9999999999995,6.89,4134.0,ROLL_DRIFT(+12.3%)
2025-11-03,2025-11-07,24410.25,29097.75,33256.5,48.58,HOLD,47.0,2026-02-20,5.0,,,,SELL,45.0,2025-11-07,5.0,0.852,426.0,REAL QUOTE bid=0.84 ask=0.90 delta=-0.240 dte=4,-1209.0000000000016,41.73,1635.0,SETTLED_ITM(close 41.73),41.74,-1209.0,0.0,23198.0,33256.5,29898.0,63154.5,,,,
2025-11-10,2025-11-14,23198.0,28798.0,33256.5,44.96,HOLD,47.0,2026-02-20,5.0,,,,SELL,41.0,2025-11-14,5.0,0.6880000000000001,344.0,REAL QUOTE bid=0.66 ask=0.80 delta=-0.213 dte=4,-726.0000000000002,38.86,1070.0,SETTLED_ITM(close 38.86),38.86,-726.0,0.0,22468.75,33256.5,29468.75,62725.25,,,,
2025-11-17,2025-11-21,22468.75,29868.75,33256.5,36.84,ROLL_DRIFT(-21.3%),37.0,2026-05-15,6.0,10.74,6444.0,REAL QUOTE bid=10.10 ask=10.90 dte=179,SELL,33.0,2025-11-21,6.0,0.8400000000000001,504.0,REAL QUOTE bid=0.80 ask=1.00 delta=-0.229 dte=4,-276.0000000000004,31.7,780.0,SETTLED_ITM(close 31.70),31.73,1754.0,438.5,22459.2,33695.0,30169.2,63864.2,2030.0000000000002,14.32,7160.0,ROLL_DRIFT(-21.3%)
2025-11-24,2025-11-28,22459.2,28954.2,33695.0,35.86,HOLD,37.0,2026-05-15,6.0,,,,SELL,33.0,2025-11-28,6.0,0.594,356.4,REAL QUOTE bid=0.58 ask=0.65 delta=-0.227 dte=4,356.4,41.3,0.0,EXPIRED_WORTHLESS(close 41.30),41.26,356.4,89.1,22722.6,33784.1,28122.6,61906.7,,,,
2025-12-01,2025-12-05,22722.6,27942.6,33784.1,41.31,ROLL_DRIFT(+12.1%),41.0,2026-05-15,5.0,11.26,5630.0,REAL QUOTE bid=10.30 ask=11.50 dte=165,SELL,38.0,2025-12-05,5.0,0.556,278.0,REAL QUOTE bid=0.54 ask=0.62 delta=-0.210 dte=4,278.00000000000006,46.51,0.0,EXPIRED_WORTHLESS(close 46.51),46.5,-1198.0,0.0,22328.2,33784.1,27028.2,60812.3,-1476.0000000000005,8.28,4968.0,ROLL_DRIFT(+12.1%)
2025-12-08,2025-12-12,22328.2,26578.2,33784.1,47.99,ROLL_DRIFT(+16.2%),48.0,2026-05-15,4.0,12.5,5000.0,REAL QUOTE bid=11.90 ask=12.65 dte=158,SELL,44.0,2025-12-12,4.0,0.804,321.6,REAL QUOTE bid=0.77 ask=0.94 delta=-0.226 dte=4,-598.3999999999988,41.7,920.0,SETTLED_ITM(close 41.70),41.71,-2158.4,0.0,20791.35,33784.1,26421.35,60205.45,-1559.9999999999998,8.14,4070.0,ROLL_DRIFT(+16.2%)
2025-12-15,2025-12-19,20791.35,26591.35,33784.1,41.18,ROLL_DRIFT(-14.2%),41.0,2026-05-15,5.0,10.17,5085.0,REAL QUOTE bid=9.85 ask=10.25 dte=151,SELL,38.0,2025-12-19,5.0,0.724,362.0,REAL QUOTE bid=0.70 ask=0.82 delta=-0.238 dte=4,361.99999999999994,41.79,0.0,EXPIRED_WORTHLESS(close 41.79),41.72,922.0,230.5,21388.75,34014.6,26101.25,60115.85,560.0000000000001,13.9,5560.0,ROLL_DRIFT(-14.2%)
2025-12-22,2025-12-26,21388.75,25863.75,34014.6,43.26,HOLD,41.0,2026-05-15,5.0,,,,SELL,41.0,2025-12-26,5.0,0.402,201.0,REAL QUOTE bid=0.38 ask=0.49 delta=-0.223 dte=4,201.0,44.19,0.0,EXPIRED_WORTHLESS(close 44.19),44.21,201.0,50.25,21536.25,34064.85,25736.25,59801.1,,,,
2025-12-29,2026-01-02,21536.25,25836.25,34064.85,43.82,HOLD,41.0,2026-05-15,5.0,,,,SELL,42.0,2026-01-02,5.0,0.38,190.0,REAL QUOTE bid=0.35 ask=0.50 delta=-0.243 dte=4,190.0,47.27,0.0,EXPIRED_WORTHLESS(close 47.27),47.24,190.0,47.5,21675.5,34112.35,25525.5,59637.85,,,,
2026-01-05,2026-01-09,21675.5,25200.5,34112.35,49.22,ROLL_DRIFT(+19.5%),49.0,2026-05-15,4.0,11.76,4704.0,REAL QUOTE bid=11.00 ask=11.95 dte=130,SELL,45.0,2026-01-09,4.0,0.668,267.2,REAL QUOTE bid=0.66 ask=0.70 delta=-0.202 dte=4,267.2,53.91,0.0,EXPIRED_WORTHLESS(close 53.91),53.95,-1427.8,0.0,20620.25,34112.35,24560.25,58672.6,-1694.9999999999998,6.78,3390.0,ROLL_DRIFT(+19.5%)
2026-01-12,2026-01-16,20620.25,24280.25,34112.35,54.65,ROLL_DRIFT(+11.0%),55.0,2026-05-15,3.0,12.87,3861.0,REAL QUOTE bid=11.95 ask=13.10 dte=123,SELL,51.0,2026-01-16,3.0,0.8200000000000001,246.0,REAL QUOTE bid=0.80 ask=0.90 delta=-0.238 dte=4,246.0,60.72,0.0,EXPIRED_WORTHLESS(close 60.72),60.75,-894.0,0.0,20562.75,34112.35,23787.75,57900.1,-1139.9999999999998,8.91,3564.0,ROLL_DRIFT(+11.0%)
2026-01-20,2026-01-23,20562.75,23847.75,34112.35,57.94,HOLD,55.0,2026-05-15,3.0,,,,SELL,54.0,2026-01-23,3.0,0.968,290.4,REAL QUOTE bid=0.92 ask=1.16 delta=-0.249 dte=3,290.4,61.55,0.0,EXPIRED_WORTHLESS(close 61.55),61.6,290.4,72.6,20778.6,34184.95,23786.1,57971.05,,,,
2026-01-26,2026-01-30,20778.6,23696.1,34184.95,60.7,ROLL_DRIFT(+11.1%),61.0,2026-05-15,3.0,13.43,4029.0,REAL QUOTE bid=11.95 ask=13.80 dte=109,SELL,55.0,2026-01-30,3.0,1.054,316.2,REAL QUOTE bid=1.05 ask=1.07 delta=-0.212 dte=4,316.20000000000005,61.79,0.0,EXPIRED_WORTHLESS(close 61.79),61.79,-757.8,0.0,19846.95,34184.95,23686.95,57871.9,-1074.0,9.29,2787.0,ROLL_DRIFT(+11.1%)
2026-02-02,2026-02-06,19846.95,23484.45,34184.95,65.2,HOLD,61.0,2026-05-15,3.0,,,,SELL,59.0,2026-02-06,3.0,1.046,313.8,REAL QUOTE bid=0.97 ask=1.35 delta=-0.212 dte=4,313.8,61.76,0.0,EXPIRED_WORTHLESS(close 61.76),61.75,313.8,78.45,20080.35,34263.4,24205.35,58468.75,,,,
2026-02-09,2026-02-13,20080.35,23822.85,34263.4,64.03,HOLD,61.0,2026-05-15,3.0,,,,SELL,58.0,2026-02-13,3.0,1.114,334.2,REAL QUOTE bid=1.04 ask=1.41 delta=-0.219 dte=4,334.20000000000005,64.59,0.0,EXPIRED_WORTHLESS(close 64.59),64.59,334.2,83.55,20329.05,34346.95,24191.55,58538.5,,,,
2026-02-17,2026-02-20,20329.05,24094.05,34346.95,64.35,HOLD,61.0,2026-05-15,3.0,,,,SELL,59.0,2026-02-20,3.0,1.1500000000000001,345.0,REAL QUOTE bid=1.06 ask=1.51 delta=-0.237 dte=3,345.00000000000006,67.11,0.0,EXPIRED_WORTHLESS(close 67.11),67.11,345.0,86.25,20585.85,34433.2,24110.85,58544.05,,,,
2026-02-23,2026-02-27,20585.85,23968.35,34433.2,65.86,HOLD,61.0,2026-05-15,3.0,,,,SELL,59.0,2026-02-27,3.0,1.4260000000000002,427.8,REAL QUOTE bid=1.37 ask=1.65 delta=-0.224 dte=4,427.80000000000007,62.77,0.0,EXPIRED_WORTHLESS(close 62.77),62.77,427.8,106.95,20904.75,34540.15,24594.75,59134.9,,,,
2026-03-02,2026-03-06,20904.75,24474.75,34540.15,62.76,HOLD,61.0,2026-05-15,3.0,,,,SELL,56.0,2026-03-06,3.0,1.432,429.6,REAL QUOTE bid=1.39 ask=1.60 delta=-0.224 dte=4,-2006.3999999999992,47.88,2436.0,SETTLED_ITM(close 47.88),47.89,-2006.4,0.0,18896.4,34540.15,24596.4,59136.55,,,,
2026-03-09,2026-03-13,18896.4,23463.9,34540.15,53.32,ROLL_DRIFT(-12.2%),53.0,2026-08-21,3.0,16.790000000000003,5037.0,REAL QUOTE bid=14.35 ask=17.40 dte=165,SELL,47.0,2026-03-13,3.0,1.1400000000000001,342.0,REAL QUOTE bid=1.05 ask=1.50 delta=-0.213 dte=4,342.00000000000006,50.73,0.0,EXPIRED_WORTHLESS(close 50.73),50.72,534.0,133.5,18283.05,34673.65,23120.55,57794.2,192.00000000000017,14.07,4221.0,ROLL_DRIFT(-12.2%)
2026-03-16,2026-03-20,18283.05,22558.05,34673.65,53.69,HOLD,53.0,2026-08-21,3.0,,,,SELL,48.0,2026-03-20,3.0,1.316,394.8,REAL QUOTE bid=1.24 ask=1.62 delta=-0.235 dte=4,394.79999999999995,51.14,0.0,EXPIRED_WORTHLESS(close 51.14),51.14,394.8,98.7,18577.2,34772.35,23294.7,58067.05,,,,
2026-03-23,2026-03-27,18577.2,22927.2,34772.35,53.03,HOLD,53.0,2026-08-21,3.0,,,,SELL,47.0,2026-03-27,3.0,1.082,324.6,REAL QUOTE bid=1.04 ask=1.25 delta=-0.209 dte=4,204.60000000000042,46.6,120.0,SETTLED_ITM(close 46.60),46.61,204.6,51.15,18728.7,34823.5,23858.7,58682.2,,,,
2026-03-30,2026-04-02,18728.7,24683.7,34823.5,40.62,ROLL_DRIFT(-23.8%),41.0,2026-08-21,4.0,12.23,4892.0,REAL QUOTE bid=11.55 ask=12.40 dte=144,SELL,37.0,2026-04-02,4.0,0.76,304.0,REAL QUOTE bid=0.69 ask=1.04 delta=-0.234 dte=3,304.0,52.74,0.0,EXPIRED_WORTHLESS(close 52.74),52.75,1123.0,280.75,19708.8,35104.25,23228.8,58333.05,818.999999999999,19.52,5856.0,ROLL_DRIFT(-23.8%)
2026-04-06,2026-04-10,19708.8,22888.8,35104.25,54.81,ROLL_DRIFT(+34.9%),55.0,2026-08-21,3.0,15.479999999999999,4644.0,REAL QUOTE bid=14.60 ask=15.70 dte=137,SELL,49.0,2026-04-10,3.0,1.1280000000000001,338.4,REAL QUOTE bid=1.06 ask=1.40 delta=-0.221 dte=4,338.40000000000003,76.38,0.0,EXPIRED_WORTHLESS(close 76.38),76.39,-1517.6,0.0,18432.7,35104.25,21492.7,56596.95,-1856.0000000000002,7.59,3036.0,ROLL_DRIFT(+34.9%)
2026-04-13,2026-04-17,18432.7,21012.7,35104.25,80.56,ROLL_DRIFT(+47.0%),81.0,2026-09-18,2.0,23.61,4722.0,REAL QUOTE bid=21.05 ask=24.25 dte=158,SELL,73.0,2026-04-17,2.0,1.4360000000000002,287.2,REAL QUOTE bid=1.36 ask=1.74 delta=-0.221 dte=4,287.20000000000005,94.72,0.0,EXPIRED_WORTHLESS(close 94.72),94.68,-1857.8,0.0,16492.35,35104.25,20222.35,55326.6,-2144.9999999999995,8.33,2499.0,ROLL_DRIFT(+47.0%)
2026-04-20,2026-04-24,16492.35,20122.35,35104.25,95.94,ROLL_DRIFT(+19.1%),95.0,2026-09-18,1.0,26.299999999999997,2630.0,REAL QUOTE bid=24.90 ask=26.65 dte=151,SELL,87.0,2026-04-24,1.0,1.712,171.2,REAL QUOTE bid=1.67 ask=1.88 delta=-0.218 dte=4,171.2,128.25,0.0,EXPIRED_WORTHLESS(close 128.25),128.32,-1064.8,0.0,17516.95,35104.25,19441.95,54546.2,-1236.0,17.43,3486.0,ROLL_DRIFT(+19.1%)
2026-04-27,2026-05-01,17516.95,19539.45,35104.25,123.39,ROLL_DRIFT(+28.6%),125.0,2026-09-18,1.0,37.13,3713.0,REAL QUOTE bid=35.25 ask=37.60 dte=144,SELL,110.0,2026-05-01,1.0,3.16,316.0,REAL QUOTE bid=3.10 ask=3.40 delta=-0.231 dte=4,316.0,130.33,0.0,EXPIRED_WORTHLESS(close 130.33),130.4,-338.0,0.0,16094.0,35104.25,19359.0,54463.25,-653.9999999999999,19.759999999999998,1976.0,ROLL_DRIFT(+28.6%)
2026-05-04,2026-05-08,16094.0,19456.5,35104.25,127.55,HOLD,125.0,2026-09-18,1.0,,,,SELL,114.0,2026-05-08,1.0,2.66,266.0,REAL QUOTE bid=2.45 ask=3.50 delta=-0.223 dte=4,266.0,177.44,0.0,EXPIRED_WORTHLESS(close 177.44),176.94,266.0,66.5,16292.85,35170.75,18797.85,53968.6,,,,
2026-05-11,2026-05-15,16292.85,18702.85,35170.75,190.42,SKIP_NO_CAPITAL,,,,,,,SKIP_NO_ANCHOR,,,,,,,,,,,164.18,-1441.0,0.0,18564.2,35170.75,18564.2,53734.95,-1441.0000000000005,22.72,2272.0,ROLL_DRIFT(+54.3%)
2026-05-18,2026-05-22,18564.2,18564.2,35170.75,151.75,BUY,150.0,2026-09-18,1.0,45.83,4583.0,REAL QUOTE bid=42.95 ask=46.55 dte=123,SELL,132.0,2026-05-22,1.0,4.69,469.0,REAL QUOTE bid=4.50 ask=5.45 delta=-0.228 dte=4,469.00000000000006,190.61,0.0,EXPIRED_WORTHLESS(close 190.61),190.56,469.0,117.25,14331.65,35288.0,17681.65,52969.65,,,,
2026-05-26,2026-05-29,14331.65,17224.15,35288.0,225.79,SKIP_NO_CAPITAL,,,,,,,SKIP_NO_ANCHOR,,,,,,,,,,,224.34,-1746.0,0.0,17168.0,35288.0,17168.0,52456.0,-1745.9999999999998,28.37,2837.0,ROLL_DRIFT(+48.8%)
2026-06-01,2026-06-05,17168.0,17168.0,35288.0,227.03,SKIP_NO_CAPITAL,,,,,,,SKIP_NO_ANCHOR,,,,,,,,,,,182.54,0.0,0.0,17168.0,35288.0,17168.0,52456.0,,,,
2026-06-08,2026-06-12,17168.0,17168.0,35288.0,211.44,SKIP_NO_CAPITAL,,,,,,,SKIP_NO_ANCHOR,,,,,,,,,,,234.68,0.0,0.0,17168.0,35288.0,17168.0,52456.0,,,,
2026-06-15,2026-06-18,17168.0,17168.0,35288.0,272.5,SKIP_NO_CAPITAL,,,,,,,SKIP_NO_ANCHOR,,,,,,,,,,,279.29,0.0,0.0,17168.0,35288.0,17168.0,52456.0,,,,
2026-06-22,2026-06-26,17168.0,17168.0,35288.0,300.77,SKIP_NO_CAPITAL,,,,,,,SKIP_NO_ANCHOR,,,,,,,,,,,215.6,0.0,0.0,17168.0,35288.0,17168.0,52456.0,,,,
2026-06-29,2026-07-02,17168.0,17168.0,35288.0,236.52,SKIP_NO_CAPITAL,,,,,,,SKIP_NO_ANCHOR,,,,,,,,,,,181.47,0.0,0.0,17168.0,35288.0,17168.0,52456.0,,,,
