config,week_start,spot,pm_requirement,equity,utilization_pct,excess_liquidity
BASE_PMCC,2024-01-02,28.04,30580.0,149576.0,20.4,118996.0
BASE_PMCC,2024-01-08,28.43,31260.0,150694.0,20.7,119434.0
BASE_PMCC,2024-01-16,29.19,33380.0,153442.0,21.8,120062.0
BASE_PMCC,2024-01-22,35.26,52640.0,158300.0,33.3,105660.0
BASE_PMCC,2024-01-29,35.04,53220.0,159892.0,33.3,106672.0
BASE_PMCC,2024-02-05,35.1,52120.0,159374.0,32.7,107254.0
BASE_PMCC,2024-02-12,39.15,67140.0,174592.0,38.5,107452.0
BASE_PMCC,2024-02-20,36.42,56040.0,165060.0,34.0,109020.0
BASE_PMCC,2024-02-26,41.21,73560.0,183582.0,40.1,110022.0
BASE_PMCC,2024-03-04,49.77,89366.0,205600.0,43.5,116234.0
BASE_PMCC,2024-03-11,46.77,84466.0,195404.0,43.2,110938.0
BASE_PMCC,2024-03-18,42.54,78572.0,181706.0,43.2,103134.0
BASE_PMCC,2024-03-25,45.89,84702.0,196186.0,43.2,111484.0
BASE_PMCC,2024-04-01,47.99,83462.0,200788.0,41.6,117326.0
BASE_PMCC,2024-04-08,44.0,41408.0,187837.6,22.0,146430.0
BASE_PMCC,2024-04-15,39.78,31072.0,164698.8,18.9,133627.0
BASE_PMCC,2024-04-22,32.07,15872.0,150030.0,10.6,134158.0
BASE_PMCC,2024-04-29,40.61,30832.0,154268.4,20.0,123436.0
BASE_PMCC,2024-05-06,41.3,33680.0,157871.6,21.3,124192.0
BASE_PMCC,2024-05-13,41.27,26480.0,151546.8,17.5,125067.0
BASE_PMCC,2024-05-20,48.25,43744.0,169212.4,25.9,125468.0
BASE_PMCC,2024-05-28,54.04,62960.0,189161.2,33.3,126201.0
BASE_PMCC,2024-06-03,48.59,47184.0,174170.8,27.1,126987.0
BASE_PMCC,2024-06-10,53.95,60688.0,188650.8,32.2,127963.0
BASE_PMCC,2024-06-17,62.67,85360.0,213980.4,39.9,128620.0
BASE_PMCC,2024-06-24,53.22,58576.0,188194.8,31.1,129619.0
BASE_PMCC,2024-07-01,55.36,62256.0,192370.8,32.4,130115.0
BASE_PMCC,2024-07-08,64.31,44496.0,210757.2,21.1,166261.0
BASE_PMCC,2024-07-15,64.14,43284.0,199586.0,21.7,156302.0
BASE_PMCC,2024-07-22,52.93,23016.0,180209.6,12.8,157194.0
BASE_PMCC,2024-07-29,41.81,23784.0,169751.6,14.0,145968.0
BASE_PMCC,2024-08-05,27.89,19093.0,162634.4,11.7,143541.0
BASE_PMCC,2024-08-12,31.41,26807.0,163527.2,16.4,136720.0
BASE_PMCC,2024-08-19,41.6,26040.0,161027.6,16.2,134988.0
BASE_PMCC,2024-08-26,37.37,27288.0,158422.4,17.2,131134.0
BASE_PMCC,2024-09-03,30.07,24808.0,154979.6,16.0,130172.0
BASE_PMCC,2024-09-09,27.43,21692.0,154268.0,14.1,132576.0
BASE_PMCC,2024-09-16,32.16,26645.0,149814.8,17.8,123170.0
BASE_PMCC,2024-09-23,33.92,30262.0,150304.4,20.1,120043.0
BASE_PMCC,2024-09-30,36.68,30504.0,150142.4,20.3,119638.0
BASE_PMCC,2024-10-07,36.41,33840.0,148297.4,22.8,114457.0
BASE_PMCC,2024-10-14,40.82,42555.0,158060.9,26.9,115506.0
BASE_PMCC,2024-10-21,35.09,30840.0,147115.4,21.0,116275.0
BASE_PMCC,2024-10-28,35.35,30270.0,147173.9,20.6,116904.0
BASE_PMCC,2024-11-04,30.35,19155.0,136813.4,14.0,117658.0
BASE_PMCC,2024-11-11,32.77,22410.0,136694.9,16.4,114285.0
BASE_PMCC,2024-11-18,27.67,12270.0,127220.9,9.6,114951.0
BASE_PMCC,2024-11-25,29.33,13875.0,129310.4,10.7,115435.0
BASE_PMCC,2024-12-02,30.2,14325.0,130289.9,11.0,115965.0
BASE_PMCC,2024-12-09,29.23,11940.0,128344.4,9.3,116404.0
BASE_PMCC,2024-12-16,32.51,17610.0,134740.4,13.1,117130.0
BASE_PMCC,2024-12-23,29.59,12825.0,130141.4,9.9,117316.0
BASE_PMCC,2024-12-30,27.94,8535.0,126491.9,6.7,117957.0
BASE_PMCC,2025-01-06,32.49,15510.0,133927.4,11.6,118417.0
BASE_PMCC,2025-01-13,27.85,26202.0,124425.2,21.1,98223.0
BASE_PMCC,2025-01-21,33.69,39468.0,133366.55,29.6,93899.0
BASE_PMCC,2025-01-27,25.06,19767.0,114569.75,17.3,94803.0
BASE_PMCC,2025-02-03,25.61,20295.0,115660.4,17.5,95365.0
BASE_PMCC,2025-02-10,27.35,23397.0,118962.05,19.7,95565.0
BASE_PMCC,2025-02-18,29.99,29172.0,125207.3,23.3,96035.0
BASE_PMCC,2025-02-24,26.76,20774.0,117468.8,17.7,96695.0
BASE_PMCC,2025-03-03,20.51,8679.0,105923.75,8.2,97245.0
BASE_PMCC,2025-03-10,17.99,11286.0,102757.4,11.0,91471.0
BASE_PMCC,2025-03-17,20.79,6864.0,105286.85,6.5,98423.0
BASE_PMCC,2025-03-24,21.0,5511.0,104123.6,5.3,98613.0
BASE_PMCC,2025-03-31,15.95,17127.0,99825.35,17.2,82698.0
BASE_PMCC,2025-04-07,9.15,26204.0,99038.6,26.5,72835.0
BASE_PMCC,2025-04-14,10.47,31874.0,105563.15,30.2,73690.0
BASE_PMCC,2025-04-21,8.71,19764.0,94810.4,20.8,75046.0
BASE_PMCC,2025-04-28,12.29,41270.0,98621.45,41.8,57352.0
BASE_PMCC,2025-05-05,13.05,45968.0,103947.2,44.2,57980.0
BASE_PMCC,2025-05-12,17.13,63775.0,134605.7,47.4,70830.0
BASE_PMCC,2025-05-19,18.06,66477.0,142462.7,46.7,75986.0
BASE_PMCC,2025-05-27,17.29,64278.0,138048.2,46.6,73771.0
BASE_PMCC,2025-06-02,16.9,60628.0,132945.2,45.6,72317.0
BASE_PMCC,2025-06-09,20.58,71167.0,159776.45,44.5,88610.0
BASE_PMCC,2025-06-16,21.9,79542.0,174716.9,45.5,95175.0
BASE_PMCC,2025-06-23,21.58,76675.0,171999.35,44.6,95325.0
BASE_PMCC,2025-06-30,25.11,91121.0,186275.6,48.9,95155.0
BASE_PMCC,2025-07-07,24.97,43120.0,184545.1,23.4,141425.0
BASE_PMCC,2025-07-14,26.5,48812.0,162733.1,30.0,113921.0
BASE_PMCC,2025-07-21,27.5,52278.0,167226.6,31.3,114949.0
BASE_PMCC,2025-07-28,26.88,48153.0,164339.1,29.3,116187.0
BASE_PMCC,2025-08-04,25.0,41553.0,158632.85,26.2,117080.0
BASE_PMCC,2025-08-11,25.61,41662.0,159320.35,26.2,117658.0
BASE_PMCC,2025-08-18,27.53,50078.0,168244.1,29.8,118167.0
BASE_PMCC,2025-08-25,27.3,42488.0,161303.1,26.3,118816.0
BASE_PMCC,2025-09-02,25.25,39188.0,158418.35,24.7,119231.0
BASE_PMCC,2025-09-08,27.08,43780.0,163819.35,26.7,120039.0
BASE_PMCC,2025-09-15,30.0,55990.0,176092.6,31.8,120103.0
BASE_PMCC,2025-09-22,34.43,79915.0,195911.85,40.8,115997.0
BASE_PMCC,2025-09-29,34.02,81758.0,199074.35,41.1,117317.0
BASE_PMCC,2025-10-06,41.71,102737.0,231901.1,44.3,129164.0
BASE_PMCC,2025-10-13,39.14,47212.0,212193.6,22.2,164982.0
BASE_PMCC,2025-10-20,42.24,60004.0,211991.65,28.3,151988.0
BASE_PMCC,2025-10-27,46.84,74312.0,228065.7,32.6,153753.0
BASE_PMCC,2025-11-03,48.58,78433.0,233336.25,33.6,154903.0
BASE_PMCC,2025-11-10,44.96,69905.0,226028.0,30.9,156123.0
BASE_PMCC,2025-11-17,36.84,39975.0,197233.7,20.3,157259.0
BASE_PMCC,2025-11-24,35.86,35978.0,194084.9,18.5,158107.0
BASE_PMCC,2025-12-01,41.31,51824.0,205706.35,25.2,153882.0
BASE_PMCC,2025-12-08,47.99,71545.0,225277.7,31.8,153733.0
BASE_PMCC,2025-12-15,41.18,47027.0,201749.85,23.3,154723.0
BASE_PMCC,2025-12-22,43.26,52480.0,207774.8,25.3,155295.0
BASE_PMCC,2025-12-29,43.82,50860.0,206458.7,24.6,155598.0
BASE_PMCC,2026-01-05,49.22,73185.0,229502.75,31.9,156318.0
BASE_PMCC,2026-01-12,54.65,58038.0,247219.8,23.5,189182.0
BASE_PMCC,2026-01-20,57.94,67694.0,246193.55,27.5,178500.0
BASE_PMCC,2026-01-26,60.7,70907.0,250588.05,28.3,179681.0
BASE_PMCC,2026-02-02,65.2,85442.0,266528.95,32.1,181087.0
BASE_PMCC,2026-02-09,64.03,86394.0,269323.75,32.1,182930.0
BASE_PMCC,2026-02-17,64.35,86632.0,271188.65,31.9,184557.0
BASE_PMCC,2026-02-23,65.86,84796.0,271377.35,31.2,186581.0
BASE_PMCC,2026-03-02,62.76,76755.0,264594.35,29.0,187839.0
BASE_PMCC,2026-03-09,53.32,54621.0,243635.05,22.4,189014.0
BASE_PMCC,2026-03-16,53.69,51765.0,242247.85,21.4,190483.0
BASE_PMCC,2026-03-23,53.03,48756.0,240554.65,20.3,191799.0
BASE_PMCC,2026-03-30,40.62,18479.0,210984.85,8.8,192506.0
BASE_PMCC,2026-04-06,54.81,55608.0,216685.95,25.7,161078.0
BASE_PMCC,2026-04-13,80.56,114773.0,237587.7,48.3,122814.0
BASE_PMCC,2026-04-20,95.94,130799.0,269918.35,48.5,139120.0
BASE_PMCC,2026-04-27,123.39,161763.0,290359.0,55.7,128596.0
BASE_PMCC,2026-05-04,127.55,164814.0,302686.9,54.5,137873.0
BASE_PMCC,2026-05-11,190.42,224853.0,396942.55,56.6,172089.0
BASE_PMCC,2026-05-18,151.75,179179.0,292005.0,61.4,112826.0
BASE_PMCC,2026-05-26,225.79,258350.0,480358.95,53.8,222009.0
BASE_PMCC,2026-06-01,227.03,251429.0,477559.6,52.6,226130.0
BASE_PMCC,2026-06-08,211.44,240066.0,451368.5,53.2,211303.0
BASE_PMCC,2026-06-15,272.5,308620.0,614878.6,50.2,306259.0
BASE_PMCC,2026-06-22,300.77,337614.0,694590.7,48.6,356977.0
BASE_PMCC,2026-06-29,236.52,267446.0,536890.3,49.8,269444.0
PUTWING_0.5x25d60,2024-01-02,28.04,29382.0,149533.0,19.6,120151.0
PUTWING_0.5x25d60,2024-01-08,28.43,28448.0,150031.0,19.0,121583.0
PUTWING_0.5x25d60,2024-01-16,29.19,27636.0,152319.0,18.1,124683.0
PUTWING_0.5x25d60,2024-01-22,35.26,46322.0,156197.0,29.7,109875.0
PUTWING_0.5x25d60,2024-01-29,35.04,39424.0,157425.0,25.0,118001.0
PUTWING_0.5x25d60,2024-02-05,35.1,37820.0,156823.0,24.1,119003.0
PUTWING_0.5x25d60,2024-02-12,39.15,51785.0,170781.0,30.3,118996.0
PUTWING_0.5x25d60,2024-02-20,36.42,39132.0,161749.0,24.2,122617.0
PUTWING_0.5x25d60,2024-02-26,41.21,53471.0,178493.0,30.0,125022.0
PUTWING_0.5x25d60,2024-03-04,49.77,75883.0,197701.0,38.4,121818.0
PUTWING_0.5x25d60,2024-03-11,46.77,68803.0,188625.0,36.5,119822.0
PUTWING_0.5x25d60,2024-03-18,42.54,58506.0,175177.0,33.4,116671.0
PUTWING_0.5x25d60,2024-03-25,45.89,66321.0,187657.0,35.3,121336.0
PUTWING_0.5x25d60,2024-04-01,47.99,59231.0,191493.0,30.9,132262.0
PUTWING_0.5x25d60,2024-04-08,44.0,33630.0,180246.0,18.7,146616.0
PUTWING_0.5x25d60,2024-04-15,39.78,25350.0,161499.0,15.7,136149.0
PUTWING_0.5x25d60,2024-04-22,32.07,33480.0,156347.0,21.4,122867.0
PUTWING_0.5x25d60,2024-04-29,40.61,32453.0,148265.25,21.9,115813.0
PUTWING_0.5x25d60,2024-05-06,41.3,34230.0,150352.75,22.8,116123.0
PUTWING_0.5x25d60,2024-05-13,41.27,26992.0,143935.75,18.8,116943.0
PUTWING_0.5x25d60,2024-05-20,48.25,41348.0,159004.75,26.0,117657.0
PUTWING_0.5x25d60,2024-05-28,54.04,53939.0,177429.25,30.4,123491.0
PUTWING_0.5x25d60,2024-06-03,48.59,38667.0,162975.25,23.7,124308.0
PUTWING_0.5x25d60,2024-06-10,53.95,49882.0,175032.25,28.5,125150.0
PUTWING_0.5x25d60,2024-06-17,62.67,71765.0,197181.25,36.4,125416.0
PUTWING_0.5x25d60,2024-06-24,53.22,48467.0,174402.25,27.8,125936.0
PUTWING_0.5x25d60,2024-07-01,55.36,48665.0,177312.25,27.4,128648.0
PUTWING_0.5x25d60,2024-07-08,64.31,41321.0,193177.35,21.4,151857.0
PUTWING_0.5x25d60,2024-07-15,64.14,40285.0,182784.25,22.0,142500.0
PUTWING_0.5x25d60,2024-07-22,52.93,22620.0,165937.55,13.6,143317.0
PUTWING_0.5x25d60,2024-07-29,41.81,25377.0,160073.65,15.9,134697.0
PUTWING_0.5x25d60,2024-08-05,27.89,30015.0,162453.3,18.5,132439.0
PUTWING_0.5x25d60,2024-08-12,31.41,31970.0,158156.7,20.2,126186.0
PUTWING_0.5x25d60,2024-08-19,41.6,25988.0,150585.4,17.3,124598.0
PUTWING_0.5x25d60,2024-08-26,37.37,28562.0,149627.3,19.1,121066.0
PUTWING_0.5x25d60,2024-09-03,30.07,26288.0,149625.1,17.6,123337.0
PUTWING_0.5x25d60,2024-09-09,27.43,24010.0,148769.3,16.1,124760.0
PUTWING_0.5x25d60,2024-09-16,32.16,26877.0,143015.2,18.8,116138.0
PUTWING_0.5x25d60,2024-09-23,33.92,29467.0,142738.0,20.6,113271.0
PUTWING_0.5x25d60,2024-09-30,36.68,29111.0,142012.0,20.5,112900.0
PUTWING_0.5x25d60,2024-10-07,36.41,33906.0,140262.9,24.2,106357.0
PUTWING_0.5x25d60,2024-10-14,40.82,41566.0,148936.45,27.9,107371.0
PUTWING_0.5x25d60,2024-10-21,35.09,30466.0,138581.3,22.0,108115.0
PUTWING_0.5x25d60,2024-10-28,35.35,32707.0,138284.7,23.7,105577.0
PUTWING_0.5x25d60,2024-11-04,30.35,23311.0,130715.95,17.8,107404.0
PUTWING_0.5x25d60,2024-11-11,32.77,22131.0,128263.4,17.3,106132.0
PUTWING_0.5x25d60,2024-11-18,27.67,15226.0,121898.2,12.5,106672.0
PUTWING_0.5x25d60,2024-11-25,29.33,16436.0,121615.05,13.5,105179.0
PUTWING_0.5x25d60,2024-12-02,30.2,15808.0,121443.3,13.0,105636.0
PUTWING_0.5x25d60,2024-12-09,29.23,13873.0,119641.75,11.6,105769.0
PUTWING_0.5x25d60,2024-12-16,32.51,18129.0,124599.55,14.5,106471.0
PUTWING_0.5x25d60,2024-12-23,29.59,13882.0,120531.85,11.5,106650.0
PUTWING_0.5x25d60,2024-12-30,27.94,10896.0,117184.6,9.3,106288.0
PUTWING_0.5x25d60,2025-01-06,32.49,16239.0,123157.85,13.2,106919.0
PUTWING_0.5x25d60,2025-01-13,27.85,24479.0,115157.7,21.3,90679.0
PUTWING_0.5x25d60,2025-01-21,33.69,35224.0,121688.15,28.9,86464.0
PUTWING_0.5x25d60,2025-01-27,25.06,17996.0,106697.55,16.9,88701.0
PUTWING_0.5x25d60,2025-02-03,25.61,21633.0,106705.4,20.3,85072.0
PUTWING_0.5x25d60,2025-02-10,27.35,22484.0,108589.35,20.7,86106.0
PUTWING_0.5x25d60,2025-02-18,29.99,28009.0,113800.1,24.6,85791.0
PUTWING_0.5x25d60,2025-02-24,26.76,20843.0,107242.6,19.4,86400.0
PUTWING_0.5x25d60,2025-03-03,20.51,11673.0,97141.25,12.0,85468.0
PUTWING_0.5x25d60,2025-03-10,17.99,15282.0,95446.8,16.0,80165.0
PUTWING_0.5x25d60,2025-03-17,20.79,8976.0,95670.95,9.4,86695.0
PUTWING_0.5x25d60,2025-03-24,21.0,6969.0,93842.2,7.4,86873.0
PUTWING_0.5x25d60,2025-03-31,15.95,20673.0,92596.45,22.3,71923.0
PUTWING_0.5x25d60,2025-04-07,9.15,23328.0,99130.8,23.5,75803.0
PUTWING_0.5x25d60,2025-04-14,10.47,26760.0,104135.35,25.7,77375.0
PUTWING_0.5x25d60,2025-04-21,8.71,17730.0,96342.6,18.4,78613.0
PUTWING_0.5x25d60,2025-04-28,12.29,34997.0,94437.25,37.1,59440.0
PUTWING_0.5x25d60,2025-05-05,13.05,37558.0,97431.0,38.5,59874.0
PUTWING_0.5x25d60,2025-05-12,17.13,62141.0,125889.5,49.4,63748.0
PUTWING_0.5x25d60,2025-05-19,18.06,66669.0,133526.5,49.9,66858.0
PUTWING_0.5x25d60,2025-05-27,17.29,62836.0,129172.0,48.6,66336.0
PUTWING_0.5x25d60,2025-06-02,16.9,45728.0,123705.0,37.0,77976.0
PUTWING_0.5x25d60,2025-06-09,20.58,62163.0,148336.25,41.9,86174.0
PUTWING_0.5x25d60,2025-06-16,21.9,72902.0,162736.7,44.8,89835.0
PUTWING_0.5x25d60,2025-06-23,21.58,69051.0,159739.15,43.2,90689.0
PUTWING_0.5x25d60,2025-06-30,25.11,68023.0,173075.4,39.3,105052.0
PUTWING_0.5x25d60,2025-07-07,24.97,38959.0,171207.85,22.8,132249.0
PUTWING_0.5x25d60,2025-07-14,26.5,38842.0,147167.25,26.4,108325.0
PUTWING_0.5x25d60,2025-07-21,27.5,43676.0,150153.95,29.1,106478.0
PUTWING_0.5x25d60,2025-07-28,26.88,37828.0,146499.15,25.8,108671.0
PUTWING_0.5x25d60,2025-08-04,25.0,32910.0,142828.2,23.0,109919.0
PUTWING_0.5x25d60,2025-08-11,25.61,30558.0,142308.7,21.5,111750.0
PUTWING_0.5x25d60,2025-08-18,27.53,39080.0,148776.45,26.3,109696.0
PUTWING_0.5x25d60,2025-08-25,27.3,31338.0,142054.25,22.1,110717.0
PUTWING_0.5x25d60,2025-09-02,25.25,32610.0,139280.5,23.4,106671.0
PUTWING_0.5x25d60,2025-09-08,27.08,37271.0,142702.25,26.1,105432.0
PUTWING_0.5x25d60,2025-09-15,30.0,47923.0,153198.9,31.3,105276.0
PUTWING_0.5x25d60,2025-09-22,34.43,69414.0,171147.75,40.6,101734.0
PUTWING_0.5x25d60,2025-09-29,34.02,54689.0,173768.25,31.5,119079.0
PUTWING_0.5x25d60,2025-10-06,41.71,82631.0,201698.6,41.0,119068.0
PUTWING_0.5x25d60,2025-10-13,39.14,40284.0,184671.7,21.8,144387.0
PUTWING_0.5x25d60,2025-10-20,42.24,54174.0,182236.45,29.7,128063.0
PUTWING_0.5x25d60,2025-10-27,46.84,62083.0,194411.2,31.9,132328.0
PUTWING_0.5x25d60,2025-11-03,48.58,57695.0,197925.45,29.1,140231.0
PUTWING_0.5x25d60,2025-11-10,44.96,54135.0,193317.7,28.0,139183.0
PUTWING_0.5x25d60,2025-11-17,36.84,32620.0,173057.2,18.8,140437.0
PUTWING_0.5x25d60,2025-11-24,35.86,28023.0,170684.2,16.4,142661.0
PUTWING_0.5x25d60,2025-12-01,41.31,33322.0,174934.95,19.0,141613.0
PUTWING_0.5x25d60,2025-12-08,47.99,48881.0,187781.2,26.0,138900.0
PUTWING_0.5x25d60,2025-12-15,41.18,27885.0,170027.45,16.4,142143.0
PUTWING_0.5x25d60,2025-12-22,43.26,31763.0,172380.7,18.4,140618.0
PUTWING_0.5x25d60,2025-12-29,43.82,36153.0,168719.2,21.4,132566.0
PUTWING_0.5x25d60,2026-01-05,49.22,52948.0,187913.95,28.2,134966.0
PUTWING_0.5x25d60,2026-01-12,54.65,47979.0,201361.2,23.8,153382.0
PUTWING_0.5x25d60,2026-01-20,57.94,55539.0,199822.45,27.8,144283.0
PUTWING_0.5x25d60,2026-01-26,60.7,57074.0,202295.2,28.2,145222.0
PUTWING_0.5x25d60,2026-02-02,65.2,58929.0,212701.95,27.7,153773.0
PUTWING_0.5x25d60,2026-02-09,64.03,61135.0,215672.2,28.3,154538.0
PUTWING_0.5x25d60,2026-02-17,64.35,59633.0,215753.15,27.6,156121.0
PUTWING_0.5x25d60,2026-02-23,65.86,55575.0,214678.0,25.9,159103.0
PUTWING_0.5x25d60,2026-03-02,62.76,56447.0,208531.3,27.1,152084.0
PUTWING_0.5x25d60,2026-03-09,53.32,40922.0,195945.55,20.9,155024.0
PUTWING_0.5x25d60,2026-03-16,53.69,36285.0,192883.95,18.8,156599.0
PUTWING_0.5x25d60,2026-03-23,53.03,33435.0,190349.35,17.6,156914.0
PUTWING_0.5x25d60,2026-03-30,40.62,20100.0,176523.25,11.4,156424.0
PUTWING_0.5x25d60,2026-04-06,54.81,48274.0,177813.4,27.1,129539.0
PUTWING_0.5x25d60,2026-04-13,80.56,95643.0,193515.4,49.4,97873.0
PUTWING_0.5x25d60,2026-04-20,95.94,108653.0,220019.8,49.4,111367.0
PUTWING_0.5x25d60,2026-04-27,123.39,109681.0,236456.3,46.4,126776.0
PUTWING_0.5x25d60,2026-05-04,127.55,111891.0,244516.7,45.8,132626.0
PUTWING_0.5x25d60,2026-05-11,190.42,179506.0,315682.1,56.9,136176.0
PUTWING_0.5x25d60,2026-05-18,151.75,125756.0,232931.85,54.0,107176.0
PUTWING_0.5x25d60,2026-05-26,225.79,200231.0,374660.7,53.4,174430.0
PUTWING_0.5x25d60,2026-06-01,227.03,184254.0,371188.6,49.6,186934.0
PUTWING_0.5x25d60,2026-06-08,211.44,173984.0,353648.1,49.2,179664.0
PUTWING_0.5x25d60,2026-06-15,272.5,232172.0,474805.1,48.9,242633.0
PUTWING_0.5x25d60,2026-06-22,300.77,257858.0,534839.6,48.2,276982.0
PUTWING_0.5x25d60,2026-06-29,236.52,187417.0,413606.95,45.3,226190.0
TREND+DD,2024-01-02,28.04,30580.0,149576.0,20.4,118996.0
TREND+DD,2024-01-08,28.43,31260.0,150694.0,20.7,119434.0
TREND+DD,2024-01-16,29.19,33380.0,153442.0,21.8,120062.0
TREND+DD,2024-01-22,35.26,43428.0,158106.8,27.5,114679.0
TREND+DD,2024-01-29,35.04,43906.0,158492.7,27.7,114586.0
TREND+DD,2024-02-05,35.1,42999.0,158065.35,27.2,115066.0
TREND+DD,2024-02-12,39.15,55390.0,170620.2,32.5,115230.0
TREND+DD,2024-02-20,36.42,46233.0,162756.3,28.4,116523.0
TREND+DD,2024-02-26,41.21,60687.0,178036.95,34.1,117350.0
TREND+DD,2024-03-04,49.77,64790.0,195713.4,33.1,130923.0
TREND+DD,2024-03-11,46.77,61238.0,186508.3,32.8,125270.0
TREND+DD,2024-03-18,42.54,56965.0,176577.25,32.3,119613.0
TREND+DD,2024-03-25,45.89,61409.0,187075.25,32.8,125666.0
TREND+DD,2024-04-01,47.99,60510.0,190411.7,31.8,129902.0
TREND+DD,2024-04-08,44.0,38820.0,180793.5,21.5,141974.0
TREND+DD,2024-04-15,39.78,14565.0,161935.75,9.0,147371.0
TREND+DD,2024-04-22,32.07,8928.0,155128.9,5.8,146201.0
TREND+DD,2024-04-29,40.61,13489.0,157120.6,8.6,143632.0
TREND+DD,2024-05-06,41.3,14735.0,158839.1,9.3,144104.0
TREND+DD,2024-05-13,41.27,11585.0,156072.0,7.4,144487.0
TREND+DD,2024-05-20,48.25,34175.0,162611.6,21.0,128437.0
TREND+DD,2024-05-28,54.04,49188.0,178196.6,27.6,129009.0
TREND+DD,2024-06-03,48.59,36863.0,166485.35,22.1,129623.0
TREND+DD,2024-06-10,53.95,47412.0,177797.85,26.7,130385.0
TREND+DD,2024-06-17,62.67,61352.0,197434.8,31.1,136082.0
TREND+DD,2024-06-24,53.22,45763.0,178200.89,25.7,132438.0
TREND+DD,2024-07-01,55.36,48638.0,181463.39,26.8,132826.0
TREND+DD,2024-07-08,64.31,40788.0,195679.24,20.8,154891.0
TREND+DD,2024-07-15,64.14,39677.0,187149.28,21.2,147472.0
TREND+DD,2024-07-22,52.93,11508.0,169069.58,6.8,157562.0
TREND+DD,2024-07-29,41.81,13874.0,163979.58,8.5,150106.0
TREND+DD,2024-08-05,27.89,16707.0,159732.68,10.5,143026.0
TREND+DD,2024-08-12,31.41,21222.0,160502.48,13.2,139280.0
TREND+DD,2024-08-19,41.6,15190.0,158508.63,9.6,143319.0
TREND+DD,2024-08-26,37.37,17055.0,157144.43,10.9,140089.0
TREND+DD,2024-09-03,30.07,19639.0,154979.08,12.7,135340.0
TREND+DD,2024-09-09,27.43,18981.0,154410.13,12.3,135429.0
TREND+DD,2024-09-16,32.16,18873.0,150508.78,12.5,131635.0
TREND+DD,2024-09-23,33.92,20174.0,151020.53,13.4,130846.0
TREND+DD,2024-09-30,36.68,38130.0,150852.33,25.3,112722.0
TREND+DD,2024-10-07,36.41,34968.0,148987.43,23.5,114019.0
TREND+DD,2024-10-14,40.82,43974.0,159076.38,27.6,115103.0
TREND+DD,2024-10-21,35.09,15420.0,147314.83,10.5,131895.0
TREND+DD,2024-10-28,35.35,31279.0,147013.68,21.3,115735.0
TREND+DD,2024-11-04,30.35,5108.0,136218.13,3.7,131110.0
TREND+DD,2024-11-11,32.77,5229.0,136179.33,3.8,130950.0
TREND+DD,2024-11-18,27.67,3681.0,134011.78,2.7,130331.0
TREND+DD,2024-11-25,29.33,3700.0,134631.73,2.7,130932.0
TREND+DD,2024-12-02,30.2,3820.0,134941.73,2.8,131122.0
TREND+DD,2024-12-09,29.23,3184.0,134422.93,2.4,131239.0
TREND+DD,2024-12-16,32.51,8805.0,136085.83,6.5,127281.0
TREND+DD,2024-12-23,29.59,3420.0,133675.03,2.6,130255.0
TREND+DD,2024-12-30,27.94,2276.0,132730.63,1.7,130455.0
TREND+DD,2025-01-06,32.49,7755.0,134679.13,5.8,126924.0
TREND+DD,2025-01-13,27.85,6352.0,130148.18,4.9,123796.0
TREND+DD,2025-01-21,33.69,16744.0,132077.58,12.7,115334.0
TREND+DD,2025-01-27,25.06,5391.0,124082.18,4.3,118691.0
TREND+DD,2025-02-03,25.61,5535.0,124454.33,4.4,118919.0
TREND+DD,2025-02-10,27.35,5672.0,125350.58,4.5,119679.0
TREND+DD,2025-02-18,29.99,13260.0,126848.28,10.5,113588.0
TREND+DD,2025-02-24,26.76,5036.0,123290.88,4.1,118255.0
TREND+DD,2025-03-03,20.51,2893.0,120468.38,2.4,117575.0
TREND+DD,2025-03-10,17.99,4104.0,119402.03,3.4,115298.0
TREND+DD,2025-03-17,20.79,2080.0,120266.63,1.7,118187.0
TREND+DD,2025-03-24,21.0,1670.0,119962.13,1.4,118292.0
TREND+DD,2025-03-31,15.95,6747.0,118650.33,5.7,111903.0
TREND+DD,2025-04-07,9.15,7764.0,118376.78,6.6,110613.0
TREND+DD,2025-04-14,10.47,8264.0,120301.88,6.9,112038.0
TREND+DD,2025-04-21,8.71,6100.0,117462.58,5.2,111363.0
TREND+DD,2025-04-28,12.29,9171.0,118619.93,7.7,109449.0
TREND+DD,2025-05-05,13.05,9648.0,119480.79,8.1,109833.0
TREND+DD,2025-05-12,17.13,21258.0,125779.84,16.9,104521.0
TREND+DD,2025-05-19,18.06,22159.0,128398.84,17.3,106240.0
TREND+DD,2025-05-27,17.29,21426.0,126927.34,16.9,105501.0
TREND+DD,2025-06-02,16.9,20210.0,125226.34,16.1,105017.0
TREND+DD,2025-06-09,20.58,21086.0,134068.39,15.7,112982.0
TREND+DD,2025-06-16,21.9,23568.0,138026.16,17.1,114458.0
TREND+DD,2025-06-23,21.58,22718.0,137220.96,16.6,114503.0
TREND+DD,2025-06-30,25.11,47248.0,141092.76,33.5,93845.0
TREND+DD,2025-07-07,24.97,32928.0,140088.96,23.5,107161.0
TREND+DD,2025-07-14,26.5,33725.0,137593.43,24.5,103868.0
TREND+DD,2025-07-21,27.5,36119.0,140611.03,25.7,104492.0
TREND+DD,2025-07-28,26.88,33269.0,138616.03,24.0,105347.0
TREND+DD,2025-08-04,25.0,28709.0,134673.53,21.3,105965.0
TREND+DD,2025-08-11,25.61,28785.0,135148.53,21.3,106364.0
TREND+DD,2025-08-18,27.53,34599.0,141314.03,24.5,106715.0
TREND+DD,2025-08-25,27.3,29355.0,136518.43,21.5,107163.0
TREND+DD,2025-09-02,25.25,13538.0,133676.03,10.1,120139.0
TREND+DD,2025-09-08,27.08,29452.0,134863.58,21.8,105412.0
TREND+DD,2025-09-15,30.0,37666.0,143120.13,26.3,105454.0
TREND+DD,2025-09-22,34.43,49402.0,156228.08,31.6,106826.0
TREND+DD,2025-09-29,34.02,50541.0,157758.2,32.0,107217.0
TREND+DD,2025-10-06,41.71,63510.0,178051.1,35.7,114541.0
TREND+DD,2025-10-13,39.14,36848.0,165382.5,22.3,128534.0
TREND+DD,2025-10-20,42.24,42442.0,167308.53,25.4,124867.0
TREND+DD,2025-10-27,46.84,52562.0,178592.48,29.4,126030.0
TREND+DD,2025-11-03,48.58,55477.0,182320.43,30.4,126843.0
TREND+DD,2025-11-10,44.96,49445.0,177151.18,27.9,127706.0
TREND+DD,2025-11-17,36.84,14625.0,155390.08,9.4,140765.0
TREND+DD,2025-11-24,35.86,14040.0,154302.03,9.1,140262.0
TREND+DD,2025-12-01,41.31,35392.0,157388.83,22.5,121997.0
TREND+DD,2025-12-08,47.99,45370.0,170568.63,26.6,125199.0
TREND+DD,2025-12-15,41.18,16058.0,154604.29,10.4,138546.0
TREND+DD,2025-12-22,43.26,34560.0,155899.89,22.2,121340.0
TREND+DD,2025-12-29,43.82,33494.0,155033.19,21.6,121540.0
TREND+DD,2026-01-05,49.22,44625.0,169978.14,26.3,125353.0
TREND+DD,2026-01-12,54.65,40968.0,180467.76,22.7,139500.0
TREND+DD,2026-01-20,57.94,47784.0,181285.89,26.4,133502.0
TREND+DD,2026-01-26,60.7,45881.0,184225.29,24.9,138344.0
TREND+DD,2026-02-02,65.2,55286.0,194403.49,28.4,139117.0
TREND+DD,2026-02-09,64.03,55902.0,196211.89,28.5,140310.0
TREND+DD,2026-02-17,64.35,56056.0,197418.59,28.4,141363.0
TREND+DD,2026-02-23,65.86,54868.0,197540.69,27.8,142673.0
TREND+DD,2026-03-02,62.76,49665.0,193151.69,25.7,143487.0
TREND+DD,2026-03-09,53.32,19278.0,178710.79,10.8,159433.0
TREND+DD,2026-03-16,53.69,18270.0,178369.39,10.2,160099.0
TREND+DD,2026-03-23,53.03,17208.0,177771.79,9.7,160564.0
TREND+DD,2026-03-30,40.62,8152.0,167242.39,4.9,159090.0
TREND+DD,2026-04-06,54.81,21092.0,169879.94,12.4,148787.0
TREND+DD,2026-04-13,80.56,63323.0,177326.19,35.7,114003.0
TREND+DD,2026-04-20,95.94,67654.0,195094.79,34.7,127440.0
TREND+DD,2026-04-27,123.39,66937.0,205447.04,32.6,138510.0
TREND+DD,2026-05-04,127.55,68199.0,206548.54,33.0,138350.0
TREND+DD,2026-05-11,190.42,74951.0,245309.74,30.6,170359.0
TREND+DD,2026-05-18,151.75,66362.0,203396.38,32.6,137034.0
TREND+DD,2026-05-26,225.79,89429.0,273075.88,32.7,183647.0
TREND+DD,2026-06-01,227.03,77363.0,269740.12,28.7,192377.0
TREND+DD,2026-06-08,211.44,83100.0,257903.21,32.2,174804.0
TREND+DD,2026-06-15,272.5,94960.0,314363.36,30.2,219403.0
TREND+DD,2026-06-22,300.77,103881.0,334472.36,31.1,230591.0
TREND+DD,2026-06-29,236.52,92578.0,285782.86,32.4,193205.0
PREMIUM_SIZING,2024-01-02,28.04,108559.0,148494.8,73.1,39936.0
PREMIUM_SIZING,2024-01-08,28.43,110973.0,152463.7,72.8,41491.0
PREMIUM_SIZING,2024-01-16,29.19,118499.0,162219.1,73.0,43720.0
PREMIUM_SIZING,2024-01-22,35.26,175028.0,179216.6,97.7,4189.0
PREMIUM_SIZING,2024-01-29,35.04,176956.0,183317.5,96.5,6361.0
PREMIUM_SIZING,2024-02-05,35.1,173299.0,181595.15,95.4,8296.0
PREMIUM_SIZING,2024-02-12,39.15,223240.0,232195.0,96.1,8954.0
PREMIUM_SIZING,2024-02-20,36.42,186333.0,200501.1,92.9,14168.0
PREMIUM_SIZING,2024-02-26,41.21,244587.0,262086.75,93.3,17500.0
PREMIUM_SIZING,2024-03-04,49.77,272566.0,333953.5,81.6,61387.0
PREMIUM_SIZING,2024-03-11,46.77,257621.0,297869.95,86.5,40249.0
PREMIUM_SIZING,2024-03-18,42.54,239645.0,256091.05,93.6,16446.0
PREMIUM_SIZING,2024-03-25,45.89,258341.0,300255.05,86.0,41914.0
PREMIUM_SIZING,2024-04-01,47.99,254559.0,314291.15,81.0,59732.0
PREMIUM_SIZING,2024-04-08,44.0,196688.0,272959.15,72.1,76271.0
PREMIUM_SIZING,2024-04-15,39.78,147592.0,186016.85,79.3,38425.0
PREMIUM_SIZING,2024-04-22,32.07,75392.0,116340.05,64.8,40948.0
PREMIUM_SIZING,2024-04-29,40.61,129109.0,134706.65,95.8,5598.0
PREMIUM_SIZING,2024-05-06,41.3,141035.0,151155.15,93.3,10120.0
PREMIUM_SIZING,2024-05-13,41.27,110885.0,124670.05,88.9,13785.0
PREMIUM_SIZING,2024-05-20,48.25,183178.0,198644.75,92.2,15467.0
PREMIUM_SIZING,2024-05-28,54.04,263645.0,282180.35,93.4,18535.0
PREMIUM_SIZING,2024-06-03,48.59,197583.0,219408.05,90.1,21825.0
PREMIUM_SIZING,2024-06-10,53.95,254131.0,280043.05,90.7,25912.0
PREMIUM_SIZING,2024-06-17,62.67,357445.0,386110.75,92.6,28666.0
PREMIUM_SIZING,2024-06-24,53.22,245287.0,278133.55,88.2,32847.0
PREMIUM_SIZING,2024-07-01,55.36,260697.0,295620.55,88.2,34924.0
PREMIUM_SIZING,2024-07-08,64.31,268830.0,370579.95,72.5,101750.0
PREMIUM_SIZING,2024-07-15,64.14,261508.0,323364.45,80.9,61857.0
PREMIUM_SIZING,2024-07-22,52.93,139055.0,206298.7,67.4,67244.0
PREMIUM_SIZING,2024-07-29,41.81,143695.0,143114.95,100.4,-580.0
PREMIUM_SIZING,2024-08-05,27.89,115355.0,100115.2,115.2,-15240.0
PREMIUM_SIZING,2024-08-12,31.41,161958.0,105509.2,153.5,-56449.0
PREMIUM_SIZING,2024-08-19,41.6,157325.0,90407.45,174.0,-66918.0
PREMIUM_SIZING,2024-08-26,37.37,164865.0,74667.7,220.8,-90197.0
PREMIUM_SIZING,2024-09-03,30.07,149879.0,53867.45,278.2,-96012.0
PREMIUM_SIZING,2024-09-09,27.43,131058.0,49568.2,264.4,-81490.0
PREMIUM_SIZING,2024-09-16,32.16,160979.0,22663.45,710.3,-138316.0
PREMIUM_SIZING,2024-09-23,33.92,182830.0,25621.45,713.6,-157209.0
PREMIUM_SIZING,2024-09-30,36.68,184295.0,24642.7,747.9,-159652.0
PREMIUM_SIZING,2024-10-07,36.41,16920.0,24784.2,68.3,7864.0
PREMIUM_SIZING,2024-10-14,40.82,21278.0,29665.95,71.7,8388.0
PREMIUM_SIZING,2024-10-21,35.09,15420.0,24193.2,63.7,8773.0
PREMIUM_SIZING,2024-10-28,35.35,15135.0,24222.45,62.5,9087.0
PREMIUM_SIZING,2024-11-04,30.35,9578.0,19042.2,50.3,9465.0
PREMIUM_SIZING,2024-11-11,32.77,11205.0,18982.95,59.0,7778.0
PREMIUM_SIZING,2024-11-18,27.67,6135.0,14245.95,43.1,8111.0
PREMIUM_SIZING,2024-11-25,29.33,6938.0,15290.7,45.4,8353.0
PREMIUM_SIZING,2024-12-02,30.2,7163.0,15780.45,45.4,8618.0
PREMIUM_SIZING,2024-12-09,29.23,5970.0,14807.7,40.3,8838.0
PREMIUM_SIZING,2024-12-16,32.51,8805.0,18005.7,48.9,9201.0
PREMIUM_SIZING,2024-12-23,29.59,6413.0,15706.2,40.8,9294.0
PREMIUM_SIZING,2024-12-30,27.94,4268.0,13881.45,30.7,9614.0
PREMIUM_SIZING,2025-01-06,32.49,7755.0,17599.2,44.1,9844.0
PREMIUM_SIZING,2025-01-13,27.85,8734.0,12990.55,67.2,4257.0
PREMIUM_SIZING,2025-01-21,33.69,13156.0,15971.0,82.4,2815.0
PREMIUM_SIZING,2025-01-27,25.06,6589.0,9705.4,67.9,3116.0
PREMIUM_SIZING,2025-02-03,25.61,6765.0,10068.95,67.2,3304.0
PREMIUM_SIZING,2025-02-10,27.35,7799.0,11169.5,69.8,3370.0
PREMIUM_SIZING,2025-02-18,29.99,9724.0,13251.25,73.4,3527.0
PREMIUM_SIZING,2025-02-24,26.76,6925.0,10671.75,64.9,3747.0
PREMIUM_SIZING,2025-03-03,20.51,2893.0,6823.4,42.4,3930.0
PREMIUM_SIZING,2025-03-10,17.99,3762.0,5767.95,65.2,2006.0
PREMIUM_SIZING,2025-03-17,20.79,2288.0,6611.1,34.6,4323.0
PREMIUM_SIZING,2025-03-24,21.0,1837.0,6223.35,29.5,4386.0
PREMIUM_SIZING,2025-03-31,15.95,5709.0,4790.6,119.2,-918.0
PREMIUM_SIZING,2025-04-07,9.15,2912.0,4611.15,63.1,1700.0
PREMIUM_SIZING,2025-04-14,10.47,3542.0,5336.1,66.4,1795.0
PREMIUM_SIZING,2025-04-21,8.71,2196.0,4141.35,53.0,1945.0
PREMIUM_SIZING,2025-04-28,12.29,4076.0,4562.1,89.3,486.0
PREMIUM_SIZING,2025-05-05,13.05,4540.0,5045.85,90.0,506.0
PREMIUM_SIZING,2025-05-12,17.13,6299.0,8073.85,78.0,1775.0
PREMIUM_SIZING,2025-05-19,18.06,6566.0,8849.85,74.2,2284.0
PREMIUM_SIZING,2025-05-27,17.29,6348.0,8413.85,75.5,2065.0
PREMIUM_SIZING,2025-06-02,16.9,5988.0,7909.85,75.7,1922.0
PREMIUM_SIZING,2025-06-09,20.58,7029.0,10559.85,66.6,3531.0
PREMIUM_SIZING,2025-06-16,21.9,7856.0,12035.45,65.3,4179.0
PREMIUM_SIZING,2025-06-23,21.58,7573.0,11767.05,64.4,4194.0
PREMIUM_SIZING,2025-06-30,25.11,7875.0,13159.65,59.8,5285.0
PREMIUM_SIZING,2025-07-07,24.97,8624.0,12623.5,68.3,4000.0
PREMIUM_SIZING,2025-07-14,26.5,9762.0,11345.4,86.0,1583.0
PREMIUM_SIZING,2025-07-21,27.5,10456.0,12244.1,85.4,1789.0
PREMIUM_SIZING,2025-07-28,26.88,9631.0,11666.6,82.5,2036.0
PREMIUM_SIZING,2025-08-04,25.0,8311.0,10525.35,79.0,2215.0
PREMIUM_SIZING,2025-08-11,25.61,8332.0,10662.85,78.1,2330.0
PREMIUM_SIZING,2025-08-18,27.53,10016.0,12447.6,80.5,2432.0
PREMIUM_SIZING,2025-08-25,27.3,8498.0,11059.4,76.8,2562.0
PREMIUM_SIZING,2025-09-02,25.25,7838.0,10482.45,74.8,2645.0
PREMIUM_SIZING,2025-09-08,27.08,8756.0,11562.65,75.7,2807.0
PREMIUM_SIZING,2025-09-15,30.0,11198.0,14017.3,79.9,2819.0
PREMIUM_SIZING,2025-09-22,34.43,15983.0,17981.15,88.9,1998.0
PREMIUM_SIZING,2025-09-29,34.02,16352.0,18613.65,87.8,2262.0
PREMIUM_SIZING,2025-10-06,41.71,20547.0,25179.0,81.6,4632.0
PREMIUM_SIZING,2025-10-13,39.14,14970.0,20887.1,71.7,5918.0
PREMIUM_SIZING,2025-10-20,42.24,19026.0,22519.75,84.5,3494.0
PREMIUM_SIZING,2025-10-27,46.84,23562.0,27616.4,85.3,4054.0
PREMIUM_SIZING,2025-11-03,48.58,24869.0,29287.55,84.9,4419.0
PREMIUM_SIZING,2025-11-10,44.96,22165.0,26970.3,82.2,4805.0
PREMIUM_SIZING,2025-11-17,36.84,12675.0,17840.4,71.0,5165.0
PREMIUM_SIZING,2025-11-24,35.86,11408.0,16842.0,67.7,5434.0
PREMIUM_SIZING,2025-12-01,41.31,16432.0,20526.85,80.1,4095.0
PREMIUM_SIZING,2025-12-08,47.99,22685.0,26732.4,84.9,4047.0
PREMIUM_SIZING,2025-12-15,41.18,14911.0,19272.35,77.4,4361.0
PREMIUM_SIZING,2025-12-22,43.26,16640.0,21182.7,78.6,4543.0
PREMIUM_SIZING,2025-12-29,43.82,16126.0,20765.4,77.7,4639.0
PREMIUM_SIZING,2026-01-05,49.22,23205.0,28072.05,82.7,4867.0
PREMIUM_SIZING,2026-01-12,54.65,23898.0,33565.7,71.2,9668.0
PREMIUM_SIZING,2026-01-20,57.94,27874.0,34122.45,81.7,6248.0
PREMIUM_SIZING,2026-01-26,60.7,29197.0,35931.95,81.3,6735.0
PREMIUM_SIZING,2026-02-02,65.2,35182.0,42495.85,82.8,7314.0
PREMIUM_SIZING,2026-02-09,64.03,35574.0,43646.65,81.5,8073.0
PREMIUM_SIZING,2026-02-17,64.35,35672.0,44414.55,80.3,8743.0
PREMIUM_SIZING,2026-02-23,65.86,34916.0,44492.25,78.5,9576.0
PREMIUM_SIZING,2026-03-02,62.76,31605.0,41699.25,75.8,10094.0
PREMIUM_SIZING,2026-03-09,53.32,22491.0,33068.95,68.0,10578.0
PREMIUM_SIZING,2026-03-16,53.69,21315.0,32497.75,65.6,11183.0
PREMIUM_SIZING,2026-03-23,53.03,20076.0,31800.55,63.1,11725.0
PREMIUM_SIZING,2026-03-30,40.62,7609.0,19624.75,38.8,12016.0
PREMIUM_SIZING,2026-04-06,54.81,15340.0,22241.05,69.0,6901.0
PREMIUM_SIZING,2026-04-13,80.56,23746.0,27849.25,85.3,4103.0
PREMIUM_SIZING,2026-04-20,95.94,27062.0,33988.25,79.6,6926.0
PREMIUM_SIZING,2026-04-27,123.39,22312.0,38070.35,58.6,15758.0
PREMIUM_SIZING,2026-05-04,127.55,22733.0,36772.25,61.8,14039.0
PREMIUM_SIZING,2026-05-11,190.42,24984.0,49692.65,50.3,24709.0
PREMIUM_SIZING,2026-05-18,151.75,19909.0,35613.45,55.9,15705.0
PREMIUM_SIZING,2026-05-26,225.79,29810.0,56556.0,52.7,26746.0
PREMIUM_SIZING,2026-06-01,227.03,29011.0,56695.95,51.2,27685.0
PREMIUM_SIZING,2026-06-08,211.44,27700.0,53673.9,51.6,25974.0
PREMIUM_SIZING,2026-06-15,272.5,35610.0,72540.45,49.1,36930.0
PREMIUM_SIZING,2026-06-22,300.77,38955.0,81738.0,47.7,42783.0
PREMIUM_SIZING,2026-06-29,236.52,30859.0,63541.8,48.6,32683.0
BUYHOLD,2024-01-02,28.04,50472.0,150000.0,33.6,99528.0
BUYHOLD,2024-01-08,28.43,51174.0,151560.0,33.8,100386.0
BUYHOLD,2024-01-16,29.19,52542.0,154600.0,34.0,102058.0
BUYHOLD,2024-01-22,35.26,63468.0,178880.0,35.5,115412.0
BUYHOLD,2024-01-29,35.04,63072.0,178000.0,35.4,114928.0
BUYHOLD,2024-02-05,35.1,63180.0,178240.0,35.4,115060.0
BUYHOLD,2024-02-12,39.15,70470.0,194440.0,36.2,123970.0
BUYHOLD,2024-02-20,36.42,65556.0,183520.0,35.7,117964.0
BUYHOLD,2024-02-26,41.21,74178.0,202680.0,36.6,128502.0
BUYHOLD,2024-03-04,49.77,89586.0,236920.0,37.8,147334.0
BUYHOLD,2024-03-11,46.77,84186.0,224920.0,37.4,140734.0
BUYHOLD,2024-03-18,42.54,76572.0,208000.0,36.8,131428.0
BUYHOLD,2024-03-25,45.89,82602.0,221400.0,37.3,138798.0
BUYHOLD,2024-04-01,47.99,86382.0,229800.0,37.6,143418.0
BUYHOLD,2024-04-08,44.0,79200.0,213840.0,37.0,134640.0
BUYHOLD,2024-04-15,39.78,71604.0,196960.0,36.4,125356.0
BUYHOLD,2024-04-22,32.07,57726.0,166120.0,34.7,108394.0
BUYHOLD,2024-04-29,40.61,73098.0,200280.0,36.5,127182.0
BUYHOLD,2024-05-06,41.3,74340.0,203040.0,36.6,128700.0
BUYHOLD,2024-05-13,41.27,74286.0,202920.0,36.6,128634.0
BUYHOLD,2024-05-20,48.25,86850.0,230840.0,37.6,143990.0
BUYHOLD,2024-05-28,54.04,97272.0,254000.0,38.3,156728.0
BUYHOLD,2024-06-03,48.59,87462.0,232200.0,37.7,144738.0
BUYHOLD,2024-06-10,53.95,97110.0,253640.0,38.3,156530.0
BUYHOLD,2024-06-17,62.67,112806.0,288520.0,39.1,175714.0
BUYHOLD,2024-06-24,53.22,95796.0,250720.0,38.2,154924.0
BUYHOLD,2024-07-01,55.36,99648.0,259280.0,38.4,159632.0
BUYHOLD,2024-07-08,64.31,115758.0,295080.0,39.2,179322.0
BUYHOLD,2024-07-15,64.14,115452.0,294400.0,39.2,178948.0
BUYHOLD,2024-07-22,52.93,95274.0,249560.0,38.2,154286.0
BUYHOLD,2024-07-29,41.81,75258.0,205080.0,36.7,129822.0
BUYHOLD,2024-08-05,27.89,50202.0,149400.0,33.6,99198.0
BUYHOLD,2024-08-12,31.41,56538.0,163480.0,34.6,106942.0
BUYHOLD,2024-08-19,41.6,74880.0,204240.0,36.7,129360.0
BUYHOLD,2024-08-26,37.37,67266.0,187320.0,35.9,120054.0
BUYHOLD,2024-09-03,30.07,54126.0,158120.0,34.2,103994.0
BUYHOLD,2024-09-09,27.43,49374.0,147560.0,33.5,98186.0
BUYHOLD,2024-09-16,32.16,57888.0,166480.0,34.8,108592.0
BUYHOLD,2024-09-23,33.92,61056.0,173520.0,35.2,112464.0
BUYHOLD,2024-09-30,36.68,66024.0,184560.0,35.8,118536.0
BUYHOLD,2024-10-07,36.41,65538.0,183480.0,35.7,117942.0
BUYHOLD,2024-10-14,40.82,73476.0,201120.0,36.5,127644.0
BUYHOLD,2024-10-21,35.09,63162.0,178200.0,35.4,115038.0
BUYHOLD,2024-10-28,35.35,63630.0,179240.0,35.5,115610.0
BUYHOLD,2024-11-04,30.35,54630.0,159240.0,34.3,104610.0
BUYHOLD,2024-11-11,32.77,58986.0,168920.0,34.9,109934.0
BUYHOLD,2024-11-18,27.67,49806.0,148520.0,33.5,98714.0
BUYHOLD,2024-11-25,29.33,52794.0,155160.0,34.0,102366.0
BUYHOLD,2024-12-02,30.2,54360.0,158640.0,34.3,104280.0
BUYHOLD,2024-12-09,29.23,52614.0,154760.0,34.0,102146.0
BUYHOLD,2024-12-16,32.51,58518.0,167880.0,34.9,109362.0
BUYHOLD,2024-12-23,29.59,53262.0,156200.0,34.1,102938.0
BUYHOLD,2024-12-30,27.94,50292.0,149600.0,33.6,99308.0
BUYHOLD,2025-01-06,32.49,58482.0,167800.0,34.9,109318.0
BUYHOLD,2025-01-13,27.85,50130.0,149240.0,33.6,99110.0
BUYHOLD,2025-01-21,33.69,60642.0,172600.0,35.1,111958.0
BUYHOLD,2025-01-27,25.06,45108.0,138080.0,32.7,92972.0
BUYHOLD,2025-02-03,25.61,46098.0,140280.0,32.9,94182.0
BUYHOLD,2025-02-10,27.35,49230.0,147240.0,33.4,98010.0
BUYHOLD,2025-02-18,29.99,53982.0,157800.0,34.2,103818.0
BUYHOLD,2025-02-24,26.76,48168.0,144880.0,33.2,96712.0
BUYHOLD,2025-03-03,20.51,36918.0,119880.0,30.8,82962.0
BUYHOLD,2025-03-10,17.99,32382.0,109800.0,29.5,77418.0
BUYHOLD,2025-03-17,20.79,37422.0,121000.0,30.9,83578.0
BUYHOLD,2025-03-24,21.0,37800.0,121840.0,31.0,84040.0
BUYHOLD,2025-03-31,15.95,28710.0,101640.0,28.2,72930.0
BUYHOLD,2025-04-07,9.15,16470.0,74440.0,22.1,57970.0
BUYHOLD,2025-04-14,10.47,18846.0,79720.0,23.6,60874.0
BUYHOLD,2025-04-21,8.71,15678.0,72680.0,21.6,57002.0
BUYHOLD,2025-04-28,12.29,22122.0,87000.0,25.4,64878.0
BUYHOLD,2025-05-05,13.05,23490.0,90040.0,26.1,66550.0
BUYHOLD,2025-05-12,17.13,30834.0,106360.0,29.0,75526.0
BUYHOLD,2025-05-19,18.06,32508.0,110080.0,29.5,77572.0
BUYHOLD,2025-05-27,17.29,31122.0,107000.0,29.1,75878.0
BUYHOLD,2025-06-02,16.9,30420.0,105440.0,28.9,75020.0
BUYHOLD,2025-06-09,20.58,37044.0,120160.0,30.8,83116.0
BUYHOLD,2025-06-16,21.9,39420.0,125440.0,31.4,86020.0
BUYHOLD,2025-06-23,21.58,38844.0,124160.0,31.3,85316.0
BUYHOLD,2025-06-30,25.11,45198.0,138280.0,32.7,93082.0
BUYHOLD,2025-07-07,24.97,44946.0,137720.0,32.6,92774.0
BUYHOLD,2025-07-14,26.5,47700.0,143840.0,33.2,96140.0
BUYHOLD,2025-07-21,27.5,49500.0,147840.0,33.5,98340.0
BUYHOLD,2025-07-28,26.88,48384.0,145360.0,33.3,96976.0
BUYHOLD,2025-08-04,25.0,45000.0,137840.0,32.6,92840.0
BUYHOLD,2025-08-11,25.61,46098.0,140280.0,32.9,94182.0
BUYHOLD,2025-08-18,27.53,49554.0,147960.0,33.5,98406.0
BUYHOLD,2025-08-25,27.3,49140.0,147040.0,33.4,97900.0
BUYHOLD,2025-09-02,25.25,45450.0,138840.0,32.7,93390.0
BUYHOLD,2025-09-08,27.08,48744.0,146160.0,33.3,97416.0
BUYHOLD,2025-09-15,30.0,54000.0,157840.0,34.2,103840.0
BUYHOLD,2025-09-22,34.43,61974.0,175560.0,35.3,113586.0
BUYHOLD,2025-09-29,34.02,61236.0,173920.0,35.2,112684.0
BUYHOLD,2025-10-06,41.71,75078.0,204680.0,36.7,129602.0
BUYHOLD,2025-10-13,39.14,70452.0,194400.0,36.2,123948.0
BUYHOLD,2025-10-20,42.24,76032.0,206800.0,36.8,130768.0
BUYHOLD,2025-10-27,46.84,84312.0,225200.0,37.4,140888.0
BUYHOLD,2025-11-03,48.58,87444.0,232160.0,37.7,144716.0
BUYHOLD,2025-11-10,44.96,80928.0,217680.0,37.2,136752.0
BUYHOLD,2025-11-17,36.84,66312.0,185200.0,35.8,118888.0
BUYHOLD,2025-11-24,35.86,64548.0,181280.0,35.6,116732.0
BUYHOLD,2025-12-01,41.31,74358.0,203080.0,36.6,128722.0
BUYHOLD,2025-12-08,47.99,86382.0,229800.0,37.6,143418.0
BUYHOLD,2025-12-15,41.18,74124.0,202560.0,36.6,128436.0
BUYHOLD,2025-12-22,43.26,77868.0,210880.0,36.9,133012.0
BUYHOLD,2025-12-29,43.82,78876.0,213120.0,37.0,134244.0
BUYHOLD,2026-01-05,49.22,88596.0,234720.0,37.7,146124.0
BUYHOLD,2026-01-12,54.65,98370.0,256440.0,38.4,158070.0
BUYHOLD,2026-01-20,57.94,104292.0,269600.0,38.7,165308.0
BUYHOLD,2026-01-26,60.7,109260.0,280640.0,38.9,171380.0
BUYHOLD,2026-02-02,65.2,117360.0,298640.0,39.3,181280.0
BUYHOLD,2026-02-09,64.03,115254.0,293960.0,39.2,178706.0
BUYHOLD,2026-02-17,64.35,115830.0,295240.0,39.2,179410.0
BUYHOLD,2026-02-23,65.86,118548.0,301280.0,39.3,182732.0
BUYHOLD,2026-03-02,62.76,112968.0,288880.0,39.1,175912.0
BUYHOLD,2026-03-09,53.32,95976.0,251120.0,38.2,155144.0
BUYHOLD,2026-03-16,53.69,96642.0,252600.0,38.3,155958.0
BUYHOLD,2026-03-23,53.03,95454.0,249960.0,38.2,154506.0
BUYHOLD,2026-03-30,40.62,73116.0,200320.0,36.5,127204.0
BUYHOLD,2026-04-06,54.81,98658.0,257080.0,38.4,158422.0
BUYHOLD,2026-04-13,80.56,145008.0,360080.0,40.3,215072.0
BUYHOLD,2026-04-20,95.94,172692.0,421600.0,41.0,248908.0
BUYHOLD,2026-04-27,123.39,222102.0,531400.0,41.8,309298.0
BUYHOLD,2026-05-04,127.55,229590.0,548040.0,41.9,318450.0
BUYHOLD,2026-05-11,190.42,342756.0,799520.0,42.9,456764.0
BUYHOLD,2026-05-18,151.75,273150.0,644840.0,42.4,371690.0
BUYHOLD,2026-05-26,225.79,406422.0,941000.0,43.2,534578.0
BUYHOLD,2026-06-01,227.03,408654.0,945960.0,43.2,537306.0
BUYHOLD,2026-06-08,211.44,380592.0,883600.0,43.1,503008.0
BUYHOLD,2026-06-15,272.5,490500.0,1127840.0,43.5,637340.0
BUYHOLD,2026-06-22,300.77,541386.0,1240920.0,43.6,699534.0
BUYHOLD,2026-06-29,236.52,425736.0,983920.0,43.3,558184.0
