week_start,week_end,begin_cash,begin_sweep,spot_monday,action,n_condors,credit,credit_total,margin_req,put_width,call_width,expiration,sp_strike,lp_strike,sc_strike,lc_strike,sp_px,lp_px,sc_px,lc_px,legs_note,settle_price,outcome,week_realized,sweep_amount,end_cash,end_sweep,end_total_wealth
2024-01-02,2024-01-05,150000.0,0.0,28.04,OPEN,231.0,0.382,8824.2,37375.8,2.0,2.0,2024-01-05,27.0,25.0,30.0,32.0,0.376,0.086,0.152,0.06,sp:K=27 bid=0.37 ask=0.40 d=-0.29 | lp:K=25 bid=0.07 ask=0.09 d=-0.07 | sc:K=30 bid=0.15 ask=0.16 d=0.16 | lc:K=32 bid=0.02 ask=0.07 d=0.05,25.94,SETTLED_ITM(pay -1.06),-15661.8,0.0,133737.6,0.0,133737.6
2024-01-08,2024-01-12,133737.6,0.0,28.43,OPEN,159.0,0.402,6391.8,33358.2,2.5,2.5,2024-01-12,27.0,24.5,31.0,33.5,0.334,0.058,0.154,0.028,sp:K=27 bid=0.33 ask=0.35 d=-0.24 | lp:K=24.5 bid=0.05 ask=0.06 d=-0.05 | sc:K=31 bid=0.15 ask=0.17 d=0.14 | lc:K=33.5 bid=0.02 ask=0.03 d=0.02,28.07,EXPIRED_MAX_PROFIT,6391.8,1597.95,138118.05,1597.95,139716.0
2024-01-16,2024-01-19,138118.05,1597.95,29.19,OPEN,158.0,0.316,4992.8,34507.2,2.5,2.5,2024-01-19,28.0,25.5,32.0,34.5,0.308,0.048,0.082,0.026,sp:K=28 bid=0.30 ask=0.34 d=-0.26 | lp:K=25.5 bid=0.04 ask=0.05 d=-0.04 | sc:K=32 bid=0.08 ask=0.09 d=0.09 | lc:K=34.5 bid=0.01 ask=0.03 d=0.02,34.9,SETTLED_ITM(pay -2.50),-34507.2,0.0,103200.05,1597.95,104798.0
2024-01-22,2024-01-26,103200.05,1597.95,35.26,OPEN,103.0,0.516,5314.8,25585.2,3.0,3.0,2024-01-26,33.0,30.0,40.0,43.0,0.492,0.098,0.202,0.08,sp:K=33 bid=0.48 ask=0.54 d=-0.24 | lp:K=30 bid=0.09 ask=0.10 d=-0.05 | sc:K=40 bid=0.20 ask=0.21 d=0.12 | lc:K=43 bid=0.04 ask=0.09 d=0.04,34.01,EXPIRED_MAX_PROFIT,5314.8,1328.7,106918.35,2926.65,109845.0
2024-01-29,2024-02-02,106918.35,2926.65,35.04,OPEN,105.0,0.458,4809.0,26691.0,3.0,3.0,2024-02-02,32.0,29.0,40.0,43.0,0.416,0.112,0.212,0.058,sp:K=32 bid=0.41 ask=0.44 d=-0.19 | lp:K=29 bid=0.08 ask=0.12 d=-0.05 | sc:K=40 bid=0.21 ask=0.22 d=0.12 | lc:K=43 bid=0.05 ask=0.06 d=0.03,33.68,EXPIRED_MAX_PROFIT,4809.0,1202.25,110252.1,4128.9,114381.0
2024-02-05,2024-02-09,110252.1,4128.9,35.1,OPEN,111.0,0.52,5772.0,27528.0,3.0,3.0,2024-02-09,33.0,30.0,39.0,42.0,0.446,0.088,0.236,0.074,sp:K=33 bid=0.44 ask=0.47 d=-0.23 | lp:K=30 bid=0.08 ask=0.09 d=-0.05 | sc:K=39 bid=0.23 ask=0.26 d=0.15 | lc:K=42 bid=0.05 ask=0.08 d=0.04,39.35,SETTLED_ITM(pay -0.35),1887.0,471.75,111378.75,4600.65,115979.4
2024-02-12,2024-02-16,111378.75,4600.65,39.15,OPEN,111.0,0.504,5594.4,27705.6,3.0,3.0,2024-02-16,36.0,33.0,44.0,47.0,0.454,0.128,0.274,0.096,sp:K=36 bid=0.45 ask=0.47 d=-0.19 | lp:K=33 bid=0.12 ask=0.13 d=-0.06 | sc:K=44 bid=0.27 ask=0.29 d=0.14 | lc:K=47 bid=0.08 ask=0.10 d=0.05,38.32,EXPIRED_MAX_PROFIT,5594.4,1398.6,115285.95,5999.25,121285.2
2024-02-20,2024-02-23,115285.95,5999.25,36.42,OPEN,121.0,0.63,7623.0,28677.0,3.0,3.0,2024-02-23,33.0,30.0,44.0,47.0,0.774,0.292,0.288,0.14,sp:K=33 bid=0.77 ask=0.79 d=-0.23 | lp:K=30 bid=0.26 ask=0.30 d=-0.10 | sc:K=44 bid=0.28 ask=0.32 d=0.12 | lc:K=47 bid=0.10 ask=0.15 d=0.05,40.05,EXPIRED_MAX_PROFIT,7623.0,1905.75,120688.6,7905.0,128593.6
2024-02-26,2024-03-01,120688.6,7905.0,41.21,OPEN,105.0,0.638,6699.0,30051.0,3.5,3.0,2024-03-01,39.0,35.5,46.0,49.0,0.624,0.144,0.254,0.096,sp:K=39 bid=0.62 ask=0.64 d=-0.26 | lp:K=35.5 bid=0.12 ask=0.15 d=-0.07 | sc:K=46 bid=0.25 ask=0.27 d=0.14 | lc:K=49 bid=0.08 ask=0.10 d=0.05,48.34,SETTLED_ITM(pay -2.34),-17871.0,0.0,102544.6,7905.0,110449.6
2024-03-04,2024-03-08,102544.6,7905.0,49.77,OPEN,78.0,0.72,5616.0,25584.0,4.0,4.0,2024-03-08,46.0,42.0,58.0,62.0,0.726,0.186,0.336,0.156,sp:K=46 bid=0.72 ask=0.75 d=-0.22 | lp:K=42 bid=0.17 ask=0.19 d=-0.07 | sc:K=58 bid=0.33 ask=0.36 d=0.12 | lc:K=62 bid=0.14 ask=0.16 d=0.06,48.83,EXPIRED_MAX_PROFIT,5616.0,1404.0,106553.8,9309.0,115862.8
2024-03-11,2024-03-15,106553.8,9309.0,46.77,OPEN,85.0,0.88,7480.0,26520.0,4.0,4.0,2024-03-15,43.0,39.0,55.0,59.0,0.976,0.314,0.402,0.184,sp:K=43 bid=0.97 ask=1.00 d=-0.24 | lp:K=39 bid=0.29 ask=0.32 d=-0.09 | sc:K=55 bid=0.40 ask=0.41 d=0.13 | lc:K=59 bid=0.16 ask=0.19 d=0.06,42.67,SETTLED_ITM(pay -0.33),4675.0,1168.75,109839.05,10477.75,120316.8
2024-03-18,2024-03-22,109839.05,10477.75,42.54,OPEN,98.0,0.714,6997.2,27302.8,3.5,3.0,2024-03-22,39.0,35.5,51.0,54.0,0.818,0.246,0.316,0.174,sp:K=39 bid=0.81 ask=0.85 d=-0.23 | lp:K=35.5 bid=0.23 ask=0.25 d=-0.08 | sc:K=51 bid=0.31 ask=0.34 d=0.12 | lc:K=54 bid=0.15 ask=0.18 d=0.06,46.41,EXPIRED_MAX_PROFIT,6997.2,1749.3,114832.15,12227.05,127059.2
2024-03-25,2024-03-28,114832.15,12227.05,45.89,OPEN,83.0,0.546,4531.8,28668.2,3.5,4.0,2024-03-28,43.0,39.5,51.0,55.0,0.464,0.096,0.256,0.078,sp:K=43 bid=0.46 ask=0.48 d=-0.21 | lp:K=39.5 bid=0.08 ask=0.10 d=-0.05 | sc:K=51 bid=0.25 ask=0.28 d=0.13 | lc:K=55 bid=0.07 ask=0.08 d=0.04,46.53,EXPIRED_MAX_PROFIT,4531.8,1132.95,118015.2,13360.0,131375.2
2024-04-01,2024-04-05,118015.2,13360.0,47.99,OPEN,88.0,0.65,5720.0,29480.0,4.0,4.0,2024-04-05,45.0,41.0,54.0,58.0,0.59,0.114,0.286,0.112,sp:K=45 bid=0.58 ask=0.63 d=-0.23 | lp:K=41 bid=0.09 ask=0.12 d=-0.05 | sc:K=54 bid=0.28 ask=0.31 d=0.13 | lc:K=58 bid=0.08 ask=0.12 d=0.05,43.71,SETTLED_ITM(pay -1.29),-5632.0,0.0,112154.4,13360.0,125514.4
2024-04-08,2024-04-12,112154.4,13360.0,44.0,OPEN,83.0,0.638,5295.4,27904.6,3.5,4.0,2024-04-12,41.0,37.5,49.0,53.0,0.56,0.138,0.3,0.084,sp:K=41 bid=0.55 ask=0.60 d=-0.22 | lp:K=37.5 bid=0.13 ask=0.14 d=-0.06 | sc:K=49 bid=0.29 ask=0.34 d=0.15 | lc:K=53 bid=0.06 ask=0.09 d=0.04,41.36,EXPIRED_MAX_PROFIT,5295.4,1323.85,115910.15,14683.85,130594.0
2024-04-15,2024-04-19,115910.15,14683.85,39.78,OPEN,123.0,0.654,8044.2,28855.8,3.0,3.0,2024-04-19,37.0,34.0,46.0,49.0,0.774,0.276,0.224,0.068,sp:K=37 bid=0.77 ask=0.79 d=-0.25 | lp:K=34 bid=0.26 ask=0.28 d=-0.10 | sc:K=46 bid=0.22 ask=0.24 d=0.11 | lc:K=49 bid=0.06 ask=0.07 d=0.04,30.69,SETTLED_ITM(pay -3.00),-28855.8,0.0,86734.55,14683.85,101418.4
2024-04-22,2024-04-26,86734.55,14683.85,32.07,OPEN,85.0,0.462,3927.0,21573.0,3.0,2.5,2024-04-26,30.0,27.0,37.0,39.5,0.53,0.166,0.154,0.056,sp:K=30 bid=0.51 ask=0.61 d=-0.25 | lp:K=27 bid=0.15 ask=0.17 d=-0.08 | sc:K=37 bid=0.15 ask=0.17 d=0.10 | lc:K=39.5 bid=0.04 ask=0.06 d=0.04,39.75,SETTLED_ITM(pay -2.50),-17323.0,0.0,69190.55,14683.85,83874.4
2024-04-29,2024-05-03,69190.55,14683.85,40.61,OPEN,71.0,0.586,4160.6,17139.4,3.0,3.0,2024-05-03,37.0,34.0,47.0,50.0,0.614,0.198,0.296,0.126,sp:K=37 bid=0.61 ask=0.63 d=-0.21 | lp:K=34 bid=0.19 ask=0.20 d=-0.08 | sc:K=47 bid=0.29 ask=0.32 d=0.13 | lc:K=50 bid=0.11 ask=0.13 d=0.06,38.97,EXPIRED_MAX_PROFIT,4160.6,1040.15,72126.4,15724.0,87850.4
2024-05-06,2024-05-10,72126.4,15724.0,41.3,OPEN,57.0,0.356,2029.2,17920.8,3.0,3.5,2024-05-10,39.0,36.0,46.0,49.5,0.492,0.136,0.226,0.226,sp:K=39 bid=0.47 ask=0.58 d=-0.24 | lp:K=36 bid=0.12 ask=0.14 d=-0.07 | sc:K=46 bid=0.22 ask=0.25 d=0.13 | lc:K=49.5 bid=0.05 ask=0.27 d=0.08,41.02,EXPIRED_MAX_PROFIT,2029.2,507.3,73500.1,16231.3,89731.4
2024-05-13,2024-05-17,73500.1,16231.3,41.27,OPEN,77.0,0.634,4881.8,18218.2,3.0,3.0,2024-05-17,39.0,36.0,46.0,49.0,0.636,0.166,0.232,0.068,sp:K=39 bid=0.63 ask=0.66 d=-0.26 | lp:K=36 bid=0.15 ask=0.17 d=-0.08 | sc:K=46 bid=0.23 ask=0.24 d=0.13 | lc:K=49 bid=0.06 ask=0.07 d=0.04,45.43,EXPIRED_MAX_PROFIT,4881.8,1220.45,76961.25,17451.75,94413.0
2024-05-20,2024-05-24,76961.25,17451.75,48.25,OPEN,60.0,0.824,4944.0,19056.0,4.0,4.0,2024-05-24,45.0,41.0,56.0,60.0,0.816,0.194,0.32,0.118,sp:K=45 bid=0.80 ask=0.88 d=-0.25 | lp:K=41 bid=0.17 ask=0.20 d=-0.07 | sc:K=56 bid=0.31 ask=0.36 d=0.12 | lc:K=60 bid=0.11 ask=0.12 d=0.05,51.54,EXPIRED_MAX_PROFIT,4944.0,1236.0,80513.25,18687.75,99201.0
2024-05-28,2024-05-31,80513.25,18687.75,54.04,OPEN,50.0,0.508,2540.0,19960.0,4.5,4.0,2024-05-31,51.0,46.5,59.0,63.0,0.482,0.118,0.268,0.124,sp:K=51 bid=0.47 ask=0.53 d=-0.21 | lp:K=46.5 bid=0.07 ask=0.13 d=-0.05 | sc:K=59 bid=0.26 ask=0.30 d=0.14 | lc:K=63 bid=0.06 ask=0.14 d=0.05,48.55,SETTLED_ITM(pay -2.45),-9710.0,0.0,70673.25,18687.75,89361.0
2024-06-03,2024-06-07,70673.25,18687.75,48.59,OPEN,52.0,0.604,3140.8,17659.2,4.0,4.0,2024-06-07,45.0,41.0,55.0,59.0,0.572,0.148,0.242,0.062,sp:K=45 bid=0.55 ask=0.66 d=-0.21 | lp:K=41 bid=0.14 ask=0.15 d=-0.06 | sc:K=55 bid=0.24 ask=0.25 d=0.11 | lc:K=59 bid=0.03 ask=0.07 d=0.03,51.91,EXPIRED_MAX_PROFIT,3140.8,785.2,72893.65,19472.95,92366.6
2024-06-10,2024-06-14,72893.65,19472.95,53.95,OPEN,47.0,0.696,3271.2,17878.8,4.5,4.0,2024-06-14,50.0,45.5,61.0,65.0,0.628,0.136,0.296,0.092,sp:K=50 bid=0.62 ask=0.66 d=-0.20 | lp:K=45.5 bid=0.12 ask=0.14 d=-0.05 | sc:K=61 bid=0.28 ask=0.36 d=0.12 | lc:K=65 bid=0.06 ask=0.10 d=0.04,60.03,EXPIRED_MAX_PROFIT,3271.2,817.8,75224.85,20290.75,95515.6
2024-06-17,2024-06-21,75224.85,20290.75,62.67,OPEN,42.0,0.576,2419.2,18580.8,5.0,5.0,2024-06-21,59.0,54.0,68.0,73.0,0.568,0.142,0.236,0.086,sp:K=59 bid=0.56 ask=0.60 d=-0.20 | lp:K=54 bid=0.11 ask=0.15 d=-0.05 | sc:K=68 bid=0.21 ask=0.34 d=0.13 | lc:K=73 bid=0.03 ask=0.10 d=0.03,58.02,SETTLED_ITM(pay -0.98),-1696.8,0.0,73418.85,20290.75,93709.6
2024-06-24,2024-06-28,73418.85,20290.75,53.22,OPEN,42.0,0.688,2889.6,18110.4,4.5,5.0,2024-06-28,49.0,44.5,60.0,65.0,0.668,0.162,0.272,0.09,sp:K=49 bid=0.66 ask=0.70 d=-0.20 | lp:K=44.5 bid=0.13 ask=0.17 d=-0.05 | sc:K=60 bid=0.26 ask=0.32 d=0.12 | lc:K=65 bid=0.05 ask=0.10 d=0.03,55.35,EXPIRED_MAX_PROFIT,2889.6,722.4,75476.85,21013.15,96490.0
2024-07-01,2024-07-05,75476.85,21013.15,55.36,OPEN,48.0,0.57,2736.0,18864.0,4.5,4.0,2024-07-05,53.0,48.5,60.0,64.0,0.53,0.116,0.204,0.048,sp:K=53 bid=0.51 ask=0.61 d=-0.24 | lp:K=48.5 bid=0.10 ask=0.12 d=-0.05 | sc:K=60 bid=0.20 ask=0.22 d=0.12 | lc:K=64 bid=0.04 ask=0.05 d=0.03,60.81,SETTLED_ITM(pay -0.81),-1152.0,0.0,74200.05,21013.15,95213.2
2024-07-08,2024-07-12,74200.05,21013.15,64.31,OPEN,43.0,0.756,3250.8,18249.2,5.0,4.0,2024-07-12,61.0,56.0,71.0,75.0,0.692,0.136,0.316,0.116,sp:K=61 bid=0.67 ask=0.78 d=-0.24 | lp:K=56 bid=0.12 ask=0.14 d=-0.05 | sc:K=71 bid=0.31 ask=0.34 d=0.13 | lc:K=75 bid=0.10 ask=0.12 d=0.05,64.08,EXPIRED_MAX_PROFIT,3250.8,812.7,76526.35,21825.85,98352.2
2024-07-15,2024-07-19,76526.35,21825.85,64.14,OPEN,43.0,0.568,2442.4,19057.6,5.0,5.0,2024-07-19,60.0,55.0,71.0,76.0,0.704,0.172,0.296,0.26,sp:K=60 bid=0.67 ask=0.84 d=-0.22 | lp:K=55 bid=0.14 ask=0.18 d=-0.06 | sc:K=71 bid=0.23 ask=0.56 d=0.14 | lc:K=76 bid=0.10 ask=0.30 d=0.07,47.0,SETTLED_ITM(pay -5.00),-19057.6,0.0,57356.95,21825.85,79182.8
2024-07-22,2024-07-26,57356.95,21825.85,52.93,OPEN,43.0,0.706,3035.8,14164.2,4.0,4.0,2024-07-26,49.0,45.0,60.0,64.0,0.746,0.236,0.294,0.098,sp:K=49 bid=0.73 ask=0.81 d=-0.22 | lp:K=45 bid=0.22 ask=0.24 d=-0.08 | sc:K=60 bid=0.29 ask=0.31 d=0.12 | lc:K=64 bid=0.09 ask=0.10 d=0.04,41.99,SETTLED_ITM(pay -4.00),-14164.2,0.0,43080.95,21825.85,64906.8
2024-07-29,2024-08-02,43080.95,21825.85,41.81,OPEN,45.0,0.622,2799.0,10701.0,3.0,3.0,2024-08-02,38.0,35.0,49.0,52.0,0.848,0.414,0.344,0.156,sp:K=38 bid=0.81 ask=1.00 d=-0.23 | lp:K=35 bid=0.39 ask=0.42 d=-0.11 | sc:K=49 bid=0.34 ask=0.36 d=0.13 | lc:K=52 bid=0.14 ask=0.16 d=0.06,29.32,SETTLED_ITM(pay -3.00),-10701.0,0.0,32262.95,21825.85,54088.8
2024-08-05,2024-08-09,32262.95,21825.85,27.89,OPEN,55.0,0.544,2992.0,8008.0,2.0,2.0,2024-08-09,24.0,22.0,36.0,38.0,1.222,0.816,0.308,0.17,sp:K=24 bid=1.20 ask=1.31 d=-0.24 | lp:K=22 bid=0.76 ask=0.83 d=-0.16 | sc:K=36 bid=0.29 ask=0.38 d=0.13 | lc:K=38 bid=0.13 ask=0.18 d=0.07,30.96,EXPIRED_MAX_PROFIT,2992.0,748.0,34363.95,22573.85,56937.8
2024-08-12,2024-08-16,34363.95,22573.85,31.41,OPEN,35.0,0.586,2051.0,8449.0,3.0,3.0,2024-08-16,28.0,25.0,37.0,40.0,0.634,0.216,0.276,0.108,sp:K=28 bid=0.63 ask=0.65 d=-0.21 | lp:K=25 bid=0.20 ask=0.22 d=-0.08 | sc:K=37 bid=0.27 ask=0.30 d=0.13 | lc:K=40 bid=0.10 ask=0.11 d=0.06,39.72,SETTLED_ITM(pay -2.72),-7469.0,0.0,26803.95,22573.85,49377.8
2024-08-19,2024-08-23,26803.95,22573.85,41.6,OPEN,21.0,0.444,932.4,6417.6,3.0,3.5,2024-08-23,38.0,35.0,48.0,51.5,0.512,0.198,0.216,0.086,sp:K=38 bid=0.50 ask=0.56 d=-0.19 | lp:K=35 bid=0.19 ask=0.20 d=-0.08 | sc:K=48 bid=0.21 ask=0.24 d=0.11 | lc:K=51.5 bid=0.03 ask=0.10 d=0.03,40.39,EXPIRED_MAX_PROFIT,932.4,233.1,27448.65,22806.95,50255.6
2024-08-26,2024-08-30,27448.65,22806.95,37.37,OPEN,27.0,0.526,1420.2,6679.8,3.0,3.0,2024-08-30,33.0,30.0,46.0,49.0,0.724,0.346,0.296,0.148,sp:K=33 bid=0.70 ask=0.82 d=-0.20 | lp:K=30 bid=0.33 ask=0.35 d=-0.10 | sc:K=46 bid=0.29 ask=0.32 d=0.11 | lc:K=49 bid=0.14 ask=0.15 d=0.06,38.92,EXPIRED_MAX_PROFIT,1420.2,355.05,28443.6,23162.0,51605.6
2024-09-03,2024-09-06,28443.6,23162.0,30.07,OPEN,34.0,0.45,1530.0,6970.0,2.0,2.5,2024-09-06,27.0,25.0,35.0,37.5,0.582,0.268,0.232,0.096,sp:K=27 bid=0.58 ask=0.59 d=-0.21 | lp:K=25 bid=0.26 ask=0.27 d=-0.11 | sc:K=35 bid=0.23 ask=0.24 d=0.13 | lc:K=37.5 bid=0.08 ask=0.10 d=0.06,25.95,SETTLED_ITM(pay -1.05),-2040.0,0.0,26315.2,23162.0,49477.2
2024-09-09,2024-09-13,26315.2,23162.0,27.43,OPEN,41.0,0.4,1640.0,6560.0,2.0,2.0,2024-09-13,25.0,23.0,32.0,34.0,0.504,0.198,0.152,0.058,sp:K=25 bid=0.50 ask=0.52 d=-0.22 | lp:K=23 bid=0.19 ask=0.20 d=-0.10 | sc:K=32 bid=0.15 ask=0.16 d=0.10 | lc:K=34 bid=0.05 ask=0.06 d=0.04,33.44,SETTLED_ITM(pay -1.44),-4264.0,0.0,21944.6,23162.0,45106.6
2024-09-16,2024-09-20,21944.6,23162.0,32.16,OPEN,26.0,0.458,1190.8,5309.2,2.5,2.5,2024-09-20,29.0,26.5,37.0,39.5,0.534,0.234,0.244,0.086,sp:K=29 bid=0.53 ask=0.55 d=-0.20 | lp:K=26.5 bid=0.17 ask=0.25 d=-0.09 | sc:K=37 bid=0.24 ask=0.26 d=0.13 | lc:K=39.5 bid=0.07 ask=0.09 d=0.05,33.55,EXPIRED_MAX_PROFIT,1190.8,297.7,22770.1,23459.7,46229.8
2024-09-23,2024-09-27,22770.1,23459.7,33.92,OPEN,27.0,0.43,1161.0,5589.0,2.5,2.5,2024-09-27,31.0,28.5,38.0,40.5,0.406,0.116,0.216,0.076,sp:K=31 bid=0.40 ask=0.43 d=-0.19 | lp:K=28.5 bid=0.10 ask=0.12 d=-0.06 | sc:K=38 bid=0.21 ask=0.24 d=0.14 | lc:K=40.5 bid=0.06 ask=0.08 d=0.05,37.64,EXPIRED_MAX_PROFIT,1161.0,290.25,23570.65,23749.95,47320.6
2024-09-30,2024-10-04,23570.65,23749.95,36.68,OPEN,23.0,0.542,1246.6,5653.4,3.0,3.0,2024-10-04,34.0,31.0,42.0,45.0,0.596,0.178,0.194,0.07,sp:K=34 bid=0.59 ask=0.62 d=-0.23 | lp:K=31 bid=0.17 ask=0.18 d=-0.08 | sc:K=42 bid=0.19 ask=0.21 d=0.11 | lc:K=45 bid=0.03 ask=0.08 d=0.03,36.71,EXPIRED_MAX_PROFIT,1246.6,311.65,24445.8,24061.6,48507.4
2024-10-07,2024-10-11,24445.8,24061.6,36.41,OPEN,25.0,0.578,1445.0,6055.0,3.0,3.0,2024-10-11,34.0,31.0,41.0,44.0,0.654,0.214,0.176,0.038,sp:K=34 bid=0.64 ask=0.71 d=-0.25 | lp:K=31 bid=0.19 ask=0.22 d=-0.09 | sc:K=41 bid=0.17 ask=0.20 d=0.11 | lc:K=44 bid=0.03 ask=0.04 d=0.02,38.65,EXPIRED_MAX_PROFIT,1445.0,361.25,25464.55,24422.85,49887.4
2024-10-14,2024-10-18,25464.55,24422.85,40.82,OPEN,21.0,0.534,1121.4,6228.6,3.5,3.0,2024-10-18,38.0,34.5,45.0,48.0,0.464,0.096,0.204,0.038,sp:K=38 bid=0.46 ask=0.48 d=-0.21 | lp:K=34.5 bid=0.08 ask=0.10 d=-0.05 | sc:K=45 bid=0.20 ask=0.22 d=0.13 | lc:K=48 bid=0.03 ask=0.04 d=0.03,35.28,SETTLED_ITM(pay -2.72),-4590.6,0.0,20819.35,24422.85,45242.2
2024-10-21,2024-10-25,20819.35,24422.85,35.09,OPEN,21.0,0.568,1192.8,5107.2,3.0,3.0,2024-10-25,33.0,30.0,39.0,42.0,0.548,0.138,0.204,0.046,sp:K=33 bid=0.54 ask=0.58 d=-0.25 | lp:K=30 bid=0.13 ask=0.14 d=-0.07 | sc:K=39 bid=0.20 ask=0.22 d=0.13 | lc:K=42 bid=0.03 ask=0.05 d=0.03,35.31,EXPIRED_MAX_PROFIT,1192.8,298.2,21659.35,24721.05,46380.4
2024-10-28,2024-11-01,21659.35,24721.05,35.35,OPEN,22.0,0.57,1254.0,5346.0,3.0,3.0,2024-11-01,33.0,30.0,40.0,43.0,0.584,0.148,0.172,0.038,sp:K=33 bid=0.57 ask=0.64 d=-0.25 | lp:K=30 bid=0.14 ask=0.15 d=-0.07 | sc:K=40 bid=0.17 ask=0.18 d=0.11 | lc:K=43 bid=0.03 ask=0.04 d=0.02,30.89,SETTLED_ITM(pay -2.11),-3388.0,0.0,18214.15,24721.05,42935.2
2024-11-04,2024-11-08,18214.15,24721.05,30.35,OPEN,23.0,0.584,1343.2,4406.8,2.5,2.5,2024-11-08,28.0,25.5,35.0,37.5,0.704,0.246,0.194,0.068,sp:K=28 bid=0.70 ask=0.72 d=-0.26 | lp:K=25.5 bid=0.23 ask=0.25 d=-0.10 | sc:K=35 bid=0.19 ask=0.21 d=0.12 | lc:K=37.5 bid=0.06 ask=0.07 d=0.04,35.42,SETTLED_ITM(pay -0.42),377.2,94.3,18437.25,24815.35,43252.6
2024-11-11,2024-11-15,18437.25,24815.35,32.77,OPEN,21.0,0.346,726.6,4523.4,2.5,2.5,2024-11-15,30.0,27.5,37.0,39.5,0.376,0.138,0.184,0.076,sp:K=30 bid=0.37 ask=0.40 d=-0.19 | lp:K=27.5 bid=0.13 ask=0.14 d=-0.07 | sc:K=37 bid=0.18 ask=0.20 d=0.12 | lc:K=39.5 bid=0.06 ask=0.08 d=0.05,26.66,SETTLED_ITM(pay -2.50),-4523.4,0.0,13859.25,24815.35,38674.6
2024-11-18,2024-11-22,13859.25,24815.35,27.67,OPEN,21.0,0.372,781.2,3418.8,2.0,2.0,2024-11-22,25.0,23.0,32.0,34.0,0.414,0.146,0.172,0.068,sp:K=25 bid=0.41 ask=0.43 d=-0.20 | lp:K=23 bid=0.13 ask=0.15 d=-0.08 | sc:K=32 bid=0.17 ask=0.18 d=0.11 | lc:K=34 bid=0.06 ask=0.07 d=0.05,28.48,EXPIRED_MAX_PROFIT,781.2,195.3,14390.55,25010.65,39401.2
2024-11-25,2024-11-29,14390.55,25010.65,29.33,OPEN,16.0,0.364,582.4,3417.6,2.5,2.5,2024-11-29,28.0,25.5,32.0,34.5,0.354,0.076,0.114,0.028,sp:K=28 bid=0.35 ask=0.37 d=-0.26 | lp:K=25.5 bid=0.06 ask=0.08 d=-0.06 | sc:K=32 bid=0.11 ask=0.13 d=0.12 | lc:K=34.5 bid=0.02 ask=0.03 d=0.02,28.08,EXPIRED_MAX_PROFIT,582.4,145.6,14785.75,25156.25,39942.0
2024-12-02,2024-12-06,14785.75,25156.25,30.2,OPEN,16.0,0.318,508.8,3491.2,2.5,2.5,2024-12-06,28.0,25.5,34.0,36.5,0.334,0.096,0.124,0.044,sp:K=28 bid=0.33 ask=0.35 d=-0.20 | lp:K=25.5 bid=0.08 ask=0.10 d=-0.06 | sc:K=34 bid=0.12 ask=0.14 d=0.10 | lc:K=36.5 bid=0.02 ask=0.05 d=0.03,29.65,EXPIRED_MAX_PROFIT,508.8,127.2,15125.75,25283.45,40409.2
2024-12-09,2024-12-13,15125.75,25283.45,29.23,OPEN,17.0,0.296,503.2,3746.8,2.5,2.5,2024-12-13,27.0,24.5,33.0,35.5,0.304,0.068,0.112,0.052,sp:K=27 bid=0.30 ask=0.32 d=-0.19 | lp:K=24.5 bid=0.06 ask=0.07 d=-0.04 | sc:K=33 bid=0.11 ask=0.12 d=0.09 | lc:K=35.5 bid=0.02 ask=0.06 d=0.03,30.79,EXPIRED_MAX_PROFIT,503.2,125.8,15458.95,25409.25,40868.2
2024-12-16,2024-12-20,15458.95,25409.25,32.51,OPEN,15.0,0.454,681.0,3819.0,2.5,3.0,2024-12-20,30.0,27.5,37.0,40.0,0.474,0.148,0.176,0.048,sp:K=30 bid=0.47 ask=0.49 d=-0.22 | lp:K=27.5 bid=0.14 ask=0.15 d=-0.08 | sc:K=37 bid=0.17 ask=0.20 d=0.11 | lc:K=40 bid=0.04 ask=0.05 d=0.03,27.35,SETTLED_ITM(pay -2.50),-3069.0,0.0,12350.95,25409.25,37760.2
2024-12-23,2024-12-27,12350.95,25409.25,29.59,OPEN,14.0,0.316,442.4,3057.6,2.5,2.5,2024-12-27,28.0,25.5,32.0,34.5,0.284,0.086,0.144,0.026,sp:K=28 bid=0.28 ask=0.30 d=-0.22 | lp:K=25.5 bid=0.07 ask=0.09 d=-0.06 | sc:K=32 bid=0.14 ask=0.16 d=0.14 | lc:K=34.5 bid=0.01 ask=0.03 d=0.02,29.72,EXPIRED_MAX_PROFIT,442.4,110.6,12646.35,25519.85,38166.2
2024-12-30,2025-01-03,12646.35,25519.85,27.94,OPEN,17.0,0.226,384.2,3015.8,2.0,2.0,2025-01-03,26.0,24.0,31.0,33.0,0.246,0.096,0.114,0.038,sp:K=26 bid=0.23 ask=0.31 d=-0.19 | lp:K=24 bid=0.08 ask=0.10 d=-0.07 | sc:K=31 bid=0.11 ask=0.13 d=0.11 | lc:K=33 bid=0.03 ask=0.04 d=0.03,29.88,EXPIRED_MAX_PROFIT,384.2,96.05,12890.3,25615.9,38506.2
2025-01-06,2025-01-10,12890.3,25615.9,32.49,OPEN,12.0,0.426,511.2,3088.8,2.5,3.0,2025-01-10,30.0,27.5,36.0,39.0,0.356,0.096,0.224,0.058,sp:K=30 bid=0.35 ask=0.38 d=-0.19 | lp:K=27.5 bid=0.08 ask=0.10 d=-0.06 | sc:K=36 bid=0.22 ask=0.24 d=0.15 | lc:K=39 bid=0.05 ask=0.06 d=0.04,28.0,SETTLED_ITM(pay -2.00),-1888.8,0.0,10970.3,25615.9,36586.2
2025-01-13,2025-01-17,10970.3,25615.9,27.85,OPEN,16.0,0.37,592.0,2608.0,2.0,2.0,2025-01-17,25.0,23.0,32.0,34.0,0.404,0.148,0.182,0.068,sp:K=25 bid=0.40 ask=0.42 d=-0.19 | lp:K=23 bid=0.14 ask=0.15 d=-0.08 | sc:K=32 bid=0.18 ask=0.19 d=0.12 | lc:K=34 bid=0.06 ask=0.07 d=0.05,32.51,SETTLED_ITM(pay -0.51),-224.0,0.0,10704.7,25615.9,36320.6
2025-01-21,2025-01-24,10704.7,25615.9,33.69,OPEN,10.0,0.372,372.0,2628.0,2.5,3.0,2025-01-24,32.0,29.5,37.0,40.0,0.384,0.098,0.104,0.018,sp:K=32 bid=0.38 ask=0.40 d=-0.24 | lp:K=29.5 bid=0.09 ask=0.10 d=-0.07 | sc:K=37 bid=0.10 ask=0.12 d=0.10 | lc:K=40 bid=0.01 ask=0.02 d=0.01,32.73,EXPIRED_MAX_PROFIT,372.0,93.0,10957.7,25708.9,36666.6
2025-01-27,2025-01-31,10957.7,25708.9,25.06,OPEN,18.0,0.494,889.2,2710.8,2.0,2.0,2025-01-31,23.0,21.0,30.0,32.0,0.728,0.332,0.226,0.128,sp:K=23 bid=0.72 ask=0.76 d=-0.27 | lp:K=21 bid=0.30 ask=0.34 d=-0.13 | sc:K=30 bid=0.22 ask=0.25 d=0.13 | lc:K=32 bid=0.12 ask=0.13 d=0.07,26.97,EXPIRED_MAX_PROFIT,889.2,222.3,11577.8,25931.2,37509.0
2025-02-03,2025-02-07,11577.8,25931.2,25.61,OPEN,18.0,0.412,741.6,2858.4,2.0,2.0,2025-02-07,23.0,21.0,30.0,32.0,0.5,0.168,0.158,0.078,sp:K=23 bid=0.49 ask=0.54 d=-0.21 | lp:K=21 bid=0.12 ask=0.18 d=-0.08 | sc:K=30 bid=0.15 ask=0.19 d=0.12 | lc:K=32 bid=0.07 ask=0.08 d=0.05,26.33,EXPIRED_MAX_PROFIT,741.6,185.4,12087.2,26116.6,38203.8
2025-02-10,2025-02-14,12087.2,26116.6,27.35,OPEN,18.0,0.388,698.4,2901.6,2.0,2.0,2025-02-14,26.0,24.0,30.0,32.0,0.422,0.138,0.132,0.028,sp:K=26 bid=0.42 ask=0.43 d=-0.27 | lp:K=24 bid=0.13 ask=0.14 d=-0.09 | sc:K=30 bid=0.13 ask=0.14 d=0.13 | lc:K=32 bid=0.02 ask=0.03 d=0.03,28.54,EXPIRED_MAX_PROFIT,698.4,174.6,12564.2,26291.2,38855.4
2025-02-18,2025-02-21,12564.2,26291.2,29.99,OPEN,14.0,0.282,394.8,3105.2,2.5,2.5,2025-02-21,28.0,25.5,32.0,34.5,0.192,0.058,0.182,0.034,sp:K=28 bid=0.19 ask=0.20 d=-0.16 | lp:K=25.5 bid=0.05 ask=0.06 d=-0.04 | sc:K=32 bid=0.18 ask=0.19 d=0.17 | lc:K=34.5 bid=0.01 ask=0.04 d=0.03,28.75,EXPIRED_MAX_PROFIT,394.8,98.7,12823.9,26389.9,39213.8
2025-02-24,2025-02-28,12823.9,26389.9,26.76,OPEN,19.0,0.316,600.4,3199.6,2.0,2.0,2025-02-28,24.0,22.0,31.0,33.0,0.434,0.196,0.126,0.048,sp:K=24 bid=0.42 ask=0.49 d=-0.20 | lp:K=22 bid=0.18 ask=0.20 d=-0.09 | sc:K=31 bid=0.12 ask=0.15 d=0.10 | lc:K=33 bid=0.04 ask=0.05 d=0.04,22.73,SETTLED_ITM(pay -1.27),-1812.6,0.0,10961.9,26389.9,37351.8
2025-03-03,2025-03-07,10961.9,26389.9,20.51,OPEN,16.0,0.328,524.8,2675.2,2.0,1.5,2025-03-07,18.0,16.0,25.0,26.5,0.448,0.174,0.144,0.09,sp:K=18 bid=0.44 ask=0.48 d=-0.20 | lp:K=16 bid=0.15 ask=0.18 d=-0.08 | sc:K=25 bid=0.14 ask=0.16 d=0.11 | lc:K=26.5 bid=0.05 ask=0.10 d=0.06,20.89,EXPIRED_MAX_PROFIT,524.8,131.2,11313.9,26521.1,37835.0
2025-03-10,2025-03-14,11313.9,26521.1,17.99,OPEN,25.0,0.382,955.0,2795.0,1.5,1.5,2025-03-14,16.0,14.5,22.0,23.5,0.538,0.246,0.186,0.096,sp:K=16 bid=0.53 ask=0.57 d=-0.24 | lp:K=14.5 bid=0.23 ask=0.25 d=-0.12 | sc:K=22 bid=0.18 ask=0.21 d=0.13 | lc:K=23.5 bid=0.08 ask=0.10 d=0.07,19.79,EXPIRED_MAX_PROFIT,955.0,238.75,11965.15,26759.85,38725.0
2025-03-17,2025-03-21,11965.15,26759.85,20.79,OPEN,17.0,0.29,493.0,2907.0,2.0,1.5,2025-03-21,19.0,17.0,24.0,25.5,0.332,0.088,0.072,0.026,sp:K=19 bid=0.33 ask=0.34 d=-0.21 | lp:K=17 bid=0.08 ask=0.09 d=-0.06 | sc:K=24 bid=0.07 ask=0.08 d=0.08 | lc:K=25.5 bid=0.01 ask=0.03 d=0.03,19.24,EXPIRED_MAX_PROFIT,493.0,123.25,12290.7,26883.1,39173.8
2025-03-24,2025-03-28,12290.7,26883.1,21.0,OPEN,23.0,0.204,469.2,2980.8,1.5,1.5,2025-03-28,19.0,17.5,23.0,24.5,0.194,0.066,0.112,0.036,sp:K=19 bid=0.19 ask=0.21 d=-0.16 | lp:K=17.5 bid=0.05 ask=0.07 d=-0.05 | sc:K=23 bid=0.11 ask=0.12 d=0.14 | lc:K=24.5 bid=0.02 ask=0.04 d=0.04,16.01,SETTLED_ITM(pay -1.50),-2980.8,0.0,9250.1,26883.1,36133.2
2025-03-31,2025-04-04,9250.1,26883.1,15.95,OPEN,18.0,0.25,450.0,2250.0,1.5,1.5,2025-04-04,14.0,12.5,19.0,20.5,0.282,0.086,0.092,0.038,sp:K=14 bid=0.28 ask=0.29 d=-0.19 | lp:K=12.5 bid=0.07 ask=0.09 d=-0.06 | sc:K=19 bid=0.09 ask=0.10 d=0.10 | lc:K=20.5 bid=0.03 ask=0.04 d=0.04,8.72,SETTLED_ITM(pay -1.50),-2250.0,0.0,6953.3,26883.1,33836.4
2025-04-07,2025-04-11,6953.3,26883.1,9.15,OPEN,24.0,0.276,662.4,1737.6,1.0,0.5,2025-04-11,8.0,7.0,13.0,13.5,0.594,0.338,0.134,0.114,sp:K=8 bid=0.59 ask=0.61 d=-0.28 | lp:K=7 bid=0.33 ask=0.34 d=-0.17 | sc:K=13 bid=0.13 ask=0.15 d=0.13 | lc:K=13.5 bid=0.09 ask=0.12 d=0.10,10.25,EXPIRED_MAX_PROFIT,662.4,165.6,7387.7,27048.7,34436.4
2025-04-14,2025-04-17,7387.7,27048.7,10.47,OPEN,24.0,0.238,571.2,1828.8,1.0,1.0,2025-04-17,9.0,8.0,13.0,14.0,0.342,0.158,0.112,0.058,sp:K=9 bid=0.34 ask=0.35 d=-0.22 | lp:K=8 bid=0.15 ask=0.16 d=-0.11 | sc:K=13 bid=0.11 ask=0.12 d=0.13 | lc:K=14 bid=0.05 ask=0.06 d=0.07,9.18,EXPIRED_MAX_PROFIT,571.2,142.8,7753.7,27191.5,34945.2
2025-04-21,2025-04-25,7753.7,27191.5,8.71,OPEN,54.0,0.142,766.8,1933.2,0.5,0.5,2025-04-25,8.0,7.5,11.0,11.5,0.372,0.244,0.062,0.048,sp:K=8 bid=0.37 ask=0.38 d=-0.30 | lp:K=7.5 bid=0.22 ask=0.25 d=-0.20 | sc:K=11 bid=0.06 ask=0.07 d=0.09 | lc:K=11.5 bid=0.04 ask=0.05 d=0.07,12.33,SETTLED_ITM(pay -0.50),-1933.2,0.0,5680.1,27191.5,32871.6
2025-04-28,2025-05-02,5680.1,27191.5,12.29,OPEN,17.0,0.18,306.0,1394.0,1.0,1.0,2025-05-02,11.0,10.0,15.0,16.0,0.282,0.128,0.052,0.026,sp:K=11 bid=0.28 ask=0.29 d=-0.22 | lp:K=10 bid=0.12 ask=0.13 d=-0.11 | sc:K=15 bid=0.05 ask=0.06 d=0.07 | lc:K=16 bid=0.01 ask=0.03 d=0.03,13.32,EXPIRED_MAX_PROFIT,306.0,76.5,5865.4,27268.0,33133.4
2025-05-05,2025-05-09,5865.4,27268.0,13.05,OPEN,19.0,0.248,471.2,1428.8,1.0,1.0,2025-05-09,12.0,11.0,15.0,16.0,0.322,0.138,0.122,0.058,sp:K=12 bid=0.32 ask=0.33 d=-0.26 | lp:K=11 bid=0.13 ask=0.14 d=-0.12 | sc:K=15 bid=0.12 ask=0.13 d=0.15 | lc:K=16 bid=0.05 ask=0.06 d=0.07,14.09,EXPIRED_MAX_PROFIT,471.2,117.8,6169.4,27385.8,33555.2
2025-05-12,2025-05-16,6169.4,27385.8,17.13,OPEN,12.0,0.262,314.4,1485.6,1.5,1.0,2025-05-16,16.0,14.5,20.0,21.0,0.354,0.136,0.092,0.048,sp:K=16 bid=0.35 ask=0.37 d=-0.27 | lp:K=14.5 bid=0.12 ask=0.14 d=-0.11 | sc:K=20 bid=0.09 ask=0.10 d=0.10 | lc:K=21 bid=0.04 ask=0.05 d=0.05,18.39,EXPIRED_MAX_PROFIT,314.4,78.6,6374.0,27464.4,33838.4
2025-05-19,2025-05-23,6374.0,27464.4,18.06,OPEN,13.0,0.282,366.6,1583.4,1.5,1.5,2025-05-23,17.0,15.5,21.0,22.5,0.364,0.118,0.082,0.046,sp:K=17 bid=0.36 ask=0.38 d=-0.28 | lp:K=15.5 bid=0.11 ask=0.12 d=-0.10 | sc:K=21 bid=0.08 ask=0.09 d=0.09 | lc:K=22.5 bid=0.03 ask=0.05 d=0.04,15.72,SETTLED_ITM(pay -1.28),-1297.4,0.0,5042.8,27464.4,32507.2
2025-05-27,2025-05-30,5042.8,27464.4,17.29,OPEN,10.0,0.262,262.0,1238.0,1.5,1.5,2025-05-30,16.0,14.5,20.0,21.5,0.326,0.118,0.082,0.028,sp:K=16 bid=0.32 ask=0.35 d=-0.24 | lp:K=14.5 bid=0.11 ask=0.12 d=-0.09 | sc:K=20 bid=0.08 ask=0.09 d=0.10 | lc:K=21.5 bid=0.02 ask=0.03 d=0.03,16.15,EXPIRED_MAX_PROFIT,262.0,65.5,5213.3,27529.9,32743.2
2025-06-02,2025-06-06,5213.3,27529.9,16.9,OPEN,10.0,0.302,302.0,1198.0,1.5,1.5,2025-06-06,16.0,14.5,19.0,20.5,0.372,0.134,0.092,0.028,sp:K=16 bid=0.37 ask=0.38 d=-0.29 | lp:K=14.5 bid=0.11 ask=0.14 d=-0.11 | sc:K=19 bid=0.09 ask=0.10 d=0.12 | lc:K=20.5 bid=0.02 ask=0.03 d=0.03,19.17,SETTLED_ITM(pay -0.17),132.0,33.0,5286.3,27562.9,32849.2
2025-06-09,2025-06-13,5286.3,27562.9,20.58,OPEN,11.0,0.31,341.0,1309.0,1.5,1.5,2025-06-13,19.0,17.5,23.0,24.5,0.322,0.118,0.164,0.058,sp:K=19 bid=0.32 ask=0.33 d=-0.22 | lp:K=17.5 bid=0.11 ask=0.12 d=-0.09 | sc:K=23 bid=0.16 ask=0.18 d=0.16 | lc:K=24.5 bid=0.05 ask=0.06 d=0.06,20.03,EXPIRED_MAX_PROFIT,341.0,85.25,5513.45,27648.15,33161.6
2025-06-16,2025-06-20,5513.45,27648.15,21.9,OPEN,7.0,0.264,184.8,1215.2,2.0,2.0,2025-06-20,20.0,18.0,24.0,26.0,0.252,0.086,0.132,0.034,sp:K=20 bid=0.25 ask=0.26 d=-0.18 | lp:K=18 bid=0.07 ask=0.09 d=-0.06 | sc:K=24 bid=0.13 ask=0.14 d=0.14 | lc:K=26 bid=0.01 ask=0.04 d=0.03,21.21,EXPIRED_MAX_PROFIT,184.8,46.2,5633.85,27694.35,33328.2
2025-06-23,2025-06-27,5633.85,27694.35,21.58,OPEN,8.0,0.252,201.6,1398.4,1.5,2.0,2025-06-27,20.0,18.5,24.0,26.0,0.344,0.158,0.084,0.018,sp:K=20 bid=0.34 ask=0.36 d=-0.23 | lp:K=18.5 bid=0.15 ask=0.16 d=-0.11 | sc:K=24 bid=0.08 ask=0.10 d=0.11 | lc:K=26 bid=0.01 ask=0.02 d=0.01,25.09,SETTLED_ITM(pay -1.09),-670.4,0.0,4942.65,27694.35,32637.0
2025-06-30,2025-07-03,4942.65,27694.35,25.11,OPEN,7.0,0.396,277.2,1122.8,2.0,2.0,2025-07-03,24.0,22.0,27.0,29.0,0.356,0.066,0.134,0.028,sp:K=24 bid=0.35 ask=0.38 d=-0.27 | lp:K=22 bid=0.05 ask=0.07 d=-0.06 | sc:K=27 bid=0.13 ask=0.15 d=0.16 | lc:K=29 bid=0.02 ask=0.03 d=0.03,26.45,EXPIRED_MAX_PROFIT,277.2,69.3,5132.35,27763.65,32896.0
2025-07-07,2025-07-11,5132.35,27763.65,24.97,OPEN,7.0,0.286,200.2,1199.8,2.0,2.0,2025-07-11,23.0,21.0,28.0,30.0,0.284,0.084,0.122,0.036,sp:K=23 bid=0.28 ask=0.30 d=-0.20 | lp:K=21 bid=0.06 ask=0.09 d=-0.06 | sc:K=28 bid=0.12 ask=0.13 d=0.11 | lc:K=30 bid=0.02 ask=0.04 d=0.03,27.25,EXPIRED_MAX_PROFIT,200.2,50.05,5264.3,27813.7,33078.0
2025-07-14,2025-07-18,5264.3,27813.7,26.5,OPEN,8.0,0.38,304.0,1296.0,2.0,2.0,2025-07-18,25.0,23.0,30.0,32.0,0.442,0.126,0.092,0.028,sp:K=25 bid=0.44 ask=0.45 d=-0.26 | lp:K=23 bid=0.11 ask=0.13 d=-0.09 | sc:K=30 bid=0.09 ask=0.10 d=0.09 | lc:K=32 bid=0.02 ask=0.03 d=0.02,27.35,EXPIRED_MAX_PROFIT,304.0,76.0,5471.5,27889.7,33361.2
2025-07-21,2025-07-25,5471.5,27889.7,27.5,OPEN,8.0,0.398,318.4,1281.6,2.0,2.0,2025-07-25,26.0,24.0,31.0,33.0,0.482,0.168,0.132,0.048,sp:K=26 bid=0.48 ask=0.49 d=-0.27 | lp:K=24 bid=0.16 ask=0.17 d=-0.10 | sc:K=31 bid=0.13 ask=0.14 d=0.11 | lc:K=33 bid=0.04 ask=0.05 d=0.04,25.58,SETTLED_ITM(pay -0.42),-17.6,0.0,5433.1,27889.7,33322.8
2025-07-28,2025-08-01,5433.1,27889.7,26.88,OPEN,8.0,0.32,256.0,1344.0,2.0,2.0,2025-08-01,25.0,23.0,30.0,32.0,0.354,0.128,0.142,0.048,sp:K=25 bid=0.35 ask=0.37 d=-0.22 | lp:K=23 bid=0.12 ask=0.13 d=-0.08 | sc:K=30 bid=0.14 ask=0.15 d=0.12 | lc:K=32 bid=0.04 ask=0.05 d=0.04,24.07,SETTLED_ITM(pay -0.93),-488.0,0.0,4924.3,27889.7,32814.0
2025-08-04,2025-08-08,4924.3,27889.7,25.0,OPEN,6.0,0.24,144.0,1056.0,2.0,2.0,2025-08-08,23.0,21.0,28.0,30.0,0.294,0.118,0.102,0.038,sp:K=23 bid=0.29 ask=0.31 d=-0.20 | lp:K=21 bid=0.11 ask=0.12 d=-0.07 | sc:K=28 bid=0.10 ask=0.11 d=0.10 | lc:K=30 bid=0.03 ask=0.04 d=0.03,25.72,EXPIRED_MAX_PROFIT,144.0,36.0,5016.7,27925.7,32942.4
2025-08-11,2025-08-15,5016.7,27925.7,25.61,OPEN,7.0,0.388,271.6,1128.4,2.0,2.0,2025-08-15,24.0,22.0,28.0,30.0,0.392,0.128,0.172,0.048,sp:K=24 bid=0.39 ask=0.40 d=-0.24 | lp:K=22 bid=0.12 ask=0.13 d=-0.08 | sc:K=28 bid=0.17 ask=0.18 d=0.16 | lc:K=30 bid=0.04 ask=0.05 d=0.04,27.31,EXPIRED_MAX_PROFIT,271.6,67.9,5202.2,27993.6,33195.8
2025-08-18,2025-08-22,5202.2,27993.6,27.53,OPEN,7.0,0.35,245.0,1155.0,2.0,2.0,2025-08-22,26.0,24.0,30.0,32.0,0.342,0.096,0.142,0.038,sp:K=26 bid=0.34 ask=0.35 d=-0.24 | lp:K=24 bid=0.08 ask=0.10 d=-0.07 | sc:K=30 bid=0.14 ask=0.15 d=0.14 | lc:K=32 bid=0.03 ask=0.04 d=0.03,27.43,EXPIRED_MAX_PROFIT,245.0,61.25,5367.75,28054.85,33422.6
2025-08-25,2025-08-29,5367.75,28054.85,27.3,OPEN,7.0,0.248,173.6,1226.4,2.0,2.0,2025-08-29,25.0,23.0,30.0,32.0,0.234,0.098,0.16,0.048,sp:K=25 bid=0.22 ask=0.29 d=-0.17 | lp:K=23 bid=0.09 ask=0.10 d=-0.06 | sc:K=30 bid=0.15 ask=0.20 d=0.15 | lc:K=32 bid=0.04 ask=0.05 d=0.04,26.04,EXPIRED_MAX_PROFIT,173.6,43.4,5479.75,28098.25,33578.0
2025-09-02,2025-09-05,5479.75,28098.25,25.25,OPEN,8.0,0.394,315.2,1284.8,2.0,2.0,2025-09-05,24.0,22.0,28.0,30.0,0.414,0.114,0.122,0.028,sp:K=24 bid=0.40 ask=0.47 d=-0.28 | lp:K=22 bid=0.05 ask=0.13 d=-0.08 | sc:K=28 bid=0.12 ask=0.13 d=0.12 | lc:K=30 bid=0.02 ask=0.03 d=0.03,26.52,EXPIRED_MAX_PROFIT,315.2,78.8,5695.35,28177.05,33872.4
2025-09-08,2025-09-12,5695.35,28177.05,27.08,OPEN,7.0,0.202,141.4,1258.6,2.0,2.0,2025-09-12,25.0,23.0,30.0,32.0,0.234,0.078,0.072,0.026,sp:K=25 bid=0.23 ask=0.25 d=-0.17 | lp:K=23 bid=0.07 ask=0.08 d=-0.06 | sc:K=30 bid=0.07 ask=0.08 d=0.08 | lc:K=32 bid=0.01 ask=0.03 d=0.02,29.26,EXPIRED_MAX_PROFIT,141.4,35.35,5783.2,28212.4,33995.6
2025-09-15,2025-09-19,5783.2,28212.4,30.0,OPEN,6.0,0.31,186.0,1314.0,2.5,2.0,2025-09-19,28.0,25.5,33.0,35.0,0.41,0.134,0.08,0.046,sp:K=28 bid=0.39 ask=0.49 d=-0.23 | lp:K=25.5 bid=0.11 ask=0.14 d=-0.07 | sc:K=33 bid=0.05 ask=0.20 d=0.11 | lc:K=35 bid=0.03 ask=0.05 d=0.04,32.97,EXPIRED_MAX_PROFIT,186.0,46.5,5907.1,28258.9,34166.0
2025-09-22,2025-09-26,5907.1,28258.9,34.43,OPEN,5.0,0.466,233.0,1267.0,3.0,3.0,2025-09-26,32.0,29.0,38.0,41.0,0.394,0.106,0.23,0.052,sp:K=32 bid=0.38 ask=0.45 d=-0.21 | lp:K=29 bid=0.09 ask=0.11 d=-0.06 | sc:K=38 bid=0.22 ask=0.27 d=0.15 | lc:K=41 bid=0.02 ask=0.06 d=0.03,33.99,EXPIRED_MAX_PROFIT,233.0,58.25,6068.85,28317.15,34386.0
2025-09-29,2025-10-03,6068.85,28317.15,34.02,OPEN,6.0,0.48,288.0,1512.0,2.5,3.0,2025-10-03,32.0,29.5,38.0,41.0,0.496,0.154,0.182,0.044,sp:K=32 bid=0.49 ask=0.52 d=-0.25 | lp:K=29.5 bid=0.13 ask=0.16 d=-0.08 | sc:K=38 bid=0.18 ask=0.19 d=0.12 | lc:K=41 bid=0.02 ask=0.05 d=0.03,38.23,SETTLED_ITM(pay -0.23),150.0,37.5,6165.75,28354.65,34520.4
2025-10-06,2025-10-10,6165.75,28354.65,41.71,OPEN,6.0,0.484,290.4,1509.6,3.0,3.0,2025-10-10,38.0,35.0,49.0,52.0,0.666,0.296,0.266,0.152,sp:K=38 bid=0.66 ask=0.69 d=-0.21 | lp:K=35 bid=0.28 ask=0.30 d=-0.10 | sc:K=49 bid=0.26 ask=0.29 d=0.11 | lc:K=52 bid=0.12 ask=0.16 d=0.06,34.21,SETTLED_ITM(pay -3.00),-1509.6,0.0,4640.55,28354.65,32995.2
2025-10-13,2025-10-17,4640.55,28354.65,39.14,OPEN,4.0,0.618,247.2,952.8,3.0,3.0,2025-10-17,36.0,33.0,45.0,48.0,0.832,0.39,0.3,0.124,sp:K=36 bid=0.81 ask=0.92 d=-0.25 | lp:K=33 bid=0.35 ask=0.40 d=-0.12 | sc:K=45 bid=0.29 ask=0.34 d=0.14 | lc:K=48 bid=0.10 ask=0.13 d=0.06,40.18,EXPIRED_MAX_PROFIT,247.2,61.8,4815.55,28416.45,33232.0
2025-10-20,2025-10-24,4815.55,28416.45,42.24,OPEN,4.0,0.498,199.2,1000.8,3.0,3.0,2025-10-24,38.0,35.0,48.0,51.0,0.688,0.334,0.226,0.082,sp:K=38 bid=0.66 ask=0.80 d=-0.20 | lp:K=35 bid=0.31 ask=0.34 d=-0.10 | sc:K=48 bid=0.20 ask=0.33 d=0.12 | lc:K=51 bid=0.05 ask=0.09 d=0.04,43.16,EXPIRED_MAX_PROFIT,199.2,49.8,4954.55,28466.25,33420.8
2025-10-27,2025-10-31,4954.55,28466.25,46.84,OPEN,3.0,0.704,211.2,988.8,4.0,3.0,2025-10-31,42.0,38.0,53.0,56.0,0.892,0.336,0.272,0.124,sp:K=42 bid=0.88 ask=0.94 d=-0.21 | lp:K=38 bid=0.32 ask=0.34 d=-0.09 | sc:K=53 bid=0.23 ask=0.44 d=0.14 | lc:K=56 bid=0.10 ask=0.13 d=0.05,47.71,EXPIRED_MAX_PROFIT,211.2,52.8,5105.15,28519.05,33624.2
2025-11-03,2025-11-07,5105.15,28519.05,48.58,OPEN,3.0,0.748,224.4,975.6,4.0,4.0,2025-11-07,45.0,41.0,55.0,59.0,0.852,0.296,0.302,0.11,sp:K=45 bid=0.84 ask=0.90 d=-0.24 | lp:K=41 bid=0.16 ask=0.33 d=-0.08 | sc:K=55 bid=0.29 ask=0.35 d=0.13 | lc:K=59 bid=0.07 ask=0.12 d=0.04,41.73,SETTLED_ITM(pay -3.27),-756.6,0.0,4340.75,28519.05,32859.8
2025-11-10,2025-11-14,4340.75,28519.05,44.96,OPEN,3.0,0.58,174.0,1026.0,3.5,4.0,2025-11-14,41.0,37.5,51.0,55.0,0.688,0.302,0.27,0.076,sp:K=41 bid=0.66 ask=0.80 d=-0.21 | lp:K=37.5 bid=0.23 ask=0.32 d=-0.09 | sc:K=51 bid=0.26 ask=0.31 d=0.13 | lc:K=55 bid=0.06 ask=0.08 d=0.04,38.86,SETTLED_ITM(pay -2.14),-468.0,0.0,3864.95,28519.05,32384.0
2025-11-17,2025-11-21,3864.95,28519.05,36.84,OPEN,3.0,0.566,169.8,730.2,3.0,3.0,2025-11-21,33.0,30.0,44.0,47.0,0.84,0.428,0.288,0.134,sp:K=33 bid=0.80 ask=1.00 d=-0.23 | lp:K=30 bid=0.30 ask=0.46 d=-0.11 | sc:K=44 bid=0.26 ask=0.40 d=0.13 | lc:K=47 bid=0.11 ask=0.14 d=0.06,31.7,SETTLED_ITM(pay -1.30),-220.2,0.0,3636.95,28519.05,32156.0
2025-11-24,2025-11-28,3636.95,28519.05,35.86,OPEN,3.0,0.466,139.8,760.2,3.0,3.0,2025-11-28,33.0,30.0,41.0,44.0,0.594,0.266,0.204,0.066,sp:K=33 bid=0.58 ask=0.65 d=-0.23 | lp:K=30 bid=0.25 ask=0.27 d=-0.10 | sc:K=41 bid=0.20 ask=0.22 d=0.12 | lc:K=44 bid=0.05 ask=0.07 d=0.04,41.3,SETTLED_ITM(pay -0.30),49.8,12.45,3666.5,28531.5,32198.0
2025-12-01,2025-12-05,3666.5,28531.5,41.31,OPEN,2.0,0.6,120.0,680.0,3.5,4.0,2025-12-05,38.0,34.5,46.0,50.0,0.556,0.186,0.276,0.046,sp:K=38 bid=0.54 ask=0.62 d=-0.21 | lp:K=34.5 bid=0.05 ask=0.22 d=-0.06 | sc:K=46 bid=0.27 ask=0.30 d=0.14 | lc:K=50 bid=0.03 ask=0.05 d=0.03,46.51,SETTLED_ITM(pay -0.51),18.0,4.5,3674.8,28536.0,32210.8
2025-12-08,2025-12-12,3674.8,28536.0,47.99,OPEN,2.0,0.628,125.6,674.4,4.0,3.0,2025-12-12,44.0,40.0,55.0,58.0,0.804,0.284,0.222,0.114,sp:K=44 bid=0.77 ask=0.94 d=-0.23 | lp:K=40 bid=0.26 ask=0.29 d=-0.08 | sc:K=55 bid=0.20 ask=0.31 d=0.11 | lc:K=58 bid=0.09 ask=0.12 d=0.05,41.7,SETTLED_ITM(pay -2.30),-334.4,0.0,3335.2,28536.0,31871.2
2025-12-15,2025-12-19,3335.2,28536.0,41.18,OPEN,2.0,0.558,111.6,588.4,3.5,3.5,2025-12-19,38.0,34.5,47.0,50.5,0.724,0.268,0.22,0.118,sp:K=38 bid=0.70 ask=0.82 d=-0.24 | lp:K=34.5 bid=0.22 ask=0.28 d=-0.09 | sc:K=47 bid=0.20 ask=0.30 d=0.12 | lc:K=50.5 bid=0.03 ask=0.14 d=0.04,41.79,EXPIRED_MAX_PROFIT,111.6,27.9,3413.7,28563.9,31977.6
2025-12-22,2025-12-26,3413.7,28563.9,43.26,OPEN,2.0,0.374,74.8,625.2,3.5,3.5,2025-12-26,41.0,37.5,47.0,50.5,0.402,0.106,0.114,0.036,sp:K=41 bid=0.38 ask=0.49 d=-0.22 | lp:K=37.5 bid=0.09 ask=0.11 d=-0.06 | sc:K=47 bid=0.10 ask=0.17 d=0.10 | lc:K=50.5 bid=0.02 ask=0.04 d=0.02,44.19,EXPIRED_MAX_PROFIT,74.8,18.7,3464.6,28582.6,32047.2
2025-12-29,2026-01-02,3464.6,28582.6,43.82,OPEN,2.0,0.336,67.2,632.8,3.5,3.5,2026-01-02,42.0,38.5,47.0,50.5,0.38,0.158,0.14,0.026,sp:K=42 bid=0.35 ask=0.50 d=-0.24 | lp:K=38.5 bid=0.07 ask=0.18 d=-0.07 | sc:K=47 bid=0.12 ask=0.22 d=0.13 | lc:K=50.5 bid=0.01 ask=0.03 d=0.02,47.27,SETTLED_ITM(pay -0.27),13.2,3.3,3469.3,28585.9,32055.2
2026-01-05,2026-01-09,3469.3,28585.9,49.22,OPEN,2.0,0.554,110.8,689.2,4.0,4.0,2026-01-09,45.0,41.0,56.0,60.0,0.668,0.244,0.234,0.104,sp:K=45 bid=0.66 ask=0.70 d=-0.20 | lp:K=41 bid=0.18 ask=0.26 d=-0.07 | sc:K=56 bid=0.21 ask=0.33 d=0.11 | lc:K=60 bid=0.08 ask=0.11 d=0.04,53.91,EXPIRED_MAX_PROFIT,110.8,27.7,3547.2,28613.6,32160.8
2026-01-12,2026-01-16,3547.2,28613.6,54.65,OPEN,2.0,0.776,155.2,744.8,4.5,4.0,2026-01-16,51.0,46.5,61.0,65.0,0.82,0.29,0.354,0.108,sp:K=51 bid=0.80 ask=0.90 d=-0.24 | lp:K=46.5 bid=0.25 ask=0.30 d=-0.08 | sc:K=61 bid=0.33 ask=0.45 d=0.15 | lc:K=65 bid=0.10 ask=0.11 d=0.05,60.72,EXPIRED_MAX_PROFIT,155.2,38.8,3658.4,28652.4,32310.8
2026-01-20,2026-01-23,3658.4,28652.4,57.94,OPEN,2.0,0.756,151.2,848.8,4.5,5.0,2026-01-23,54.0,49.5,65.0,70.0,0.968,0.406,0.304,0.11,sp:K=54 bid=0.92 ask=1.16 d=-0.25 | lp:K=49.5 bid=0.27 ask=0.44 d=-0.10 | sc:K=65 bid=0.25 ask=0.52 d=0.14 | lc:K=70 bid=0.07 ask=0.12 d=0.04,61.55,EXPIRED_MAX_PROFIT,151.2,37.8,3766.6,28690.2,32456.8
2026-01-26,2026-01-30,3766.6,28690.2,60.7,OPEN,2.0,0.878,175.6,824.4,5.0,5.0,2026-01-30,55.0,50.0,70.0,75.0,1.054,0.396,0.34,0.12,sp:K=55 bid=1.05 ask=1.07 d=-0.21 | lp:K=50 bid=0.38 ask=0.40 d=-0.09 | sc:K=70 bid=0.32 ask=0.42 d=0.12 | lc:K=75 bid=0.08 ask=0.13 d=0.04,61.79,EXPIRED_MAX_PROFIT,175.6,43.9,3893.1,28734.1,32627.2
2026-02-02,2026-02-06,3893.1,28734.1,65.2,OPEN,2.0,0.5,100.0,900.0,5.0,5.0,2026-02-06,59.0,54.0,75.0,80.0,1.046,0.742,0.38,0.184,sp:K=59 bid=0.97 ask=1.35 d=-0.21 | lp:K=54 bid=0.39 ask=0.83 d=-0.11 | sc:K=75 bid=0.35 ask=0.50 d=0.12 | lc:K=80 bid=0.12 ask=0.20 d=0.05,61.76,EXPIRED_MAX_PROFIT,100.0,25.0,3962.9,28759.1,32722.0
2026-02-09,2026-02-13,3962.9,28759.1,64.03,OPEN,2.0,0.708,141.6,858.4,5.0,5.0,2026-02-13,58.0,53.0,74.0,79.0,1.114,0.688,0.428,0.146,sp:K=58 bid=1.04 ask=1.41 d=-0.22 | lp:K=53 bid=0.36 ask=0.77 d=-0.11 | sc:K=74 bid=0.39 ask=0.58 d=0.13 | lc:K=79 bid=0.01 ask=0.18 d=0.03,64.59,EXPIRED_MAX_PROFIT,141.6,35.4,4063.9,28794.5,32858.4
2026-02-17,2026-02-20,4063.9,28794.5,64.35,OPEN,2.0,0.79,158.0,842.0,5.0,5.0,2026-02-20,59.0,54.0,74.0,79.0,1.15,0.612,0.422,0.17,sp:K=59 bid=1.06 ask=1.51 d=-0.24 | lp:K=54 bid=0.38 ask=0.67 d=-0.11 | sc:K=74 bid=0.40 ask=0.51 d=0.13 | lc:K=79 bid=0.05 ask=0.20 d=0.04,67.11,EXPIRED_MAX_PROFIT,158.0,39.5,4177.2,28834.0,33011.2
2026-02-23,2026-02-27,4177.2,28834.0,65.86,OPEN,2.0,0.962,192.4,907.6,5.5,5.0,2026-02-27,59.0,53.5,77.0,82.0,1.426,0.75,0.522,0.236,sp:K=59 bid=1.37 ask=1.65 d=-0.22 | lp:K=53.5 bid=0.59 ask=0.79 d=-0.11 | sc:K=77 bid=0.49 ask=0.65 d=0.14 | lc:K=82 bid=0.18 ask=0.25 d=0.06,62.77,EXPIRED_MAX_PROFIT,192.4,48.1,4316.3,28882.1,33198.4
2026-03-02,2026-03-06,4316.3,28882.1,62.76,OPEN,2.0,0.928,185.6,814.4,5.0,5.0,2026-03-06,56.0,51.0,73.0,78.0,1.432,0.744,0.366,0.126,sp:K=56 bid=1.39 ask=1.60 d=-0.22 | lp:K=51 bid=0.60 ask=0.78 d=-0.11 | sc:K=73 bid=0.34 ask=0.47 d=0.11 | lc:K=78 bid=0.03 ask=0.15 d=0.03,47.88,SETTLED_ITM(pay -5.00),-814.4,0.0,3496.7,28882.1,32378.8
2026-03-09,2026-03-13,3496.7,28882.1,53.32,OPEN,2.0,0.392,78.4,821.6,4.5,4.5,2026-03-13,47.0,42.5,62.0,66.5,1.14,0.844,0.276,0.18,sp:K=47 bid=1.05 ask=1.50 d=-0.21 | lp:K=42.5 bid=0.58 ask=0.91 d=-0.12 | sc:K=62 bid=0.22 ask=0.50 d=0.12 | lc:K=66.5 bid=0.02 ask=0.22 d=0.05,50.73,EXPIRED_MAX_PROFIT,78.4,19.6,3550.3,28901.7,32452.0
2026-03-16,2026-03-20,3550.3,28901.7,53.69,OPEN,2.0,0.786,157.2,642.8,4.0,4.0,2026-03-20,48.0,44.0,63.0,67.0,1.316,0.77,0.446,0.206,sp:K=48 bid=1.24 ask=1.62 d=-0.23 | lp:K=44 bid=0.73 ask=0.78 d=-0.13 | sc:K=63 bid=0.42 ask=0.55 d=0.14 | lc:K=67 bid=0.15 ask=0.22 d=0.06,51.14,EXPIRED_MAX_PROFIT,157.2,39.3,3663.0,28941.0,32604.0
2026-03-23,2026-03-27,3663.0,28941.0,53.03,OPEN,2.0,0.698,139.6,660.4,4.0,4.0,2026-03-27,47.0,43.0,63.0,67.0,1.082,0.584,0.362,0.162,sp:K=47 bid=1.04 ask=1.25 d=-0.21 | lp:K=43 bid=0.52 ask=0.60 d=-0.11 | sc:K=63 bid=0.35 ask=0.41 d=0.11 | lc:K=67 bid=0.13 ask=0.17 d=0.05,46.6,SETTLED_ITM(pay -0.40),59.6,14.9,3702.5,28955.9,32658.4
2026-03-30,2026-04-02,3702.5,28955.9,40.62,OPEN,3.0,0.484,145.2,754.8,3.0,3.0,2026-04-02,37.0,34.0,47.0,50.0,0.76,0.424,0.266,0.118,sp:K=37 bid=0.69 ask=1.04 d=-0.23 | lp:K=34 bid=0.36 ask=0.44 d=-0.12 | sc:K=47 bid=0.25 ask=0.33 d=0.13 | lc:K=50 bid=0.11 ask=0.12 d=0.05,52.74,SETTLED_ITM(pay -3.00),-754.8,0.0,2939.9,28955.9,31895.8
2026-04-06,2026-04-10,2939.9,28955.9,54.81,OPEN,2.0,0.864,172.8,727.2,4.5,4.0,2026-04-10,49.0,44.5,64.0,68.0,1.128,0.506,0.388,0.146,sp:K=49 bid=1.06 ask=1.40 d=-0.22 | lp:K=44.5 bid=0.45 ask=0.52 d=-0.10 | sc:K=64 bid=0.38 ask=0.42 d=0.12 | lc:K=68 bid=0.13 ask=0.15 d=0.05,76.38,SETTLED_ITM(pay -4.00),-627.2,0.0,2307.5,28955.9,31263.4
2026-04-13,2026-04-17,2307.5,28955.9,80.56,OPEN,1.0,1.096,109.6,490.4,6.0,6.0,2026-04-17,73.0,67.0,94.0,100.0,1.436,0.666,0.548,0.222,sp:K=73 bid=1.36 ask=1.74 d=-0.22 | lp:K=67 bid=0.53 ask=0.70 d=-0.10 | sc:K=94 bid=0.51 ask=0.70 d=0.12 | lc:K=100 bid=0.19 ask=0.23 d=0.05,94.72,SETTLED_ITM(pay -0.72),37.6,9.4,2333.1,28965.3,31298.4
2026-04-20,2026-04-24,2333.1,28965.3,95.94,SKIP_NO_CAPITAL,,,,,,,,,,,,,,,,,,,0.0,0.0,2333.1,28965.3,31298.4
2026-04-27,2026-05-01,2333.1,28965.3,123.39,SKIP_NO_CAPITAL,,,,,,,,,,,,,,,,,,,0.0,0.0,2333.1,28965.3,31298.4
2026-05-04,2026-05-08,2333.1,28965.3,127.55,SKIP_NO_CAPITAL,,,,,,,,,,,,,,,,,,,0.0,0.0,2333.1,28965.3,31298.4
2026-05-11,2026-05-15,2333.1,28965.3,190.42,SKIP_NO_CAPITAL,,,,,,,,,,,,,,,,,,,0.0,0.0,2333.1,28965.3,31298.4
2026-05-18,2026-05-22,2333.1,28965.3,151.75,SKIP_NO_CAPITAL,,,,,,,,,,,,,,,,,,,0.0,0.0,2333.1,28965.3,31298.4
2026-05-26,2026-05-29,2333.1,28965.3,225.79,SKIP_NO_CAPITAL,,,,,,,,,,,,,,,,,,,0.0,0.0,2333.1,28965.3,31298.4
2026-06-01,2026-06-05,2333.1,28965.3,227.03,SKIP_NO_CAPITAL,,,,,,,,,,,,,,,,,,,0.0,0.0,2333.1,28965.3,31298.4
2026-06-08,2026-06-12,2333.1,28965.3,211.44,SKIP_NO_CAPITAL,,,,,,,,,,,,,,,,,,,0.0,0.0,2333.1,28965.3,31298.4
2026-06-15,2026-06-18,2333.1,28965.3,272.5,SKIP_NO_CAPITAL,,,,,,,,,,,,,,,,,,,0.0,0.0,2333.1,28965.3,31298.4
2026-06-22,2026-06-26,2333.1,28965.3,300.77,SKIP_NO_CAPITAL,,,,,,,,,,,,,,,,,,,0.0,0.0,2333.1,28965.3,31298.4
2026-06-29,2026-07-02,2333.1,28965.3,236.52,SKIP_NO_CAPITAL,,,,,,,,,,,,,,,,,,,0.0,0.0,2333.1,28965.3,31298.4
