week_start,week_end,spot_mon_1000,begin_mtm_equity,anchor_action,anchor_buy,anchor_strike,anchor_exp,anchor_dte,anchor_contracts,anchor_mark,contracts,put_strike,put_delta,put_prem_ps,put_premium,put_in_band,put_exp,call_strike,call_delta,call_prem_ps,call_premium,call_in_band,call_margin,delta_defense,spot_fri_close,call_settle,swept,week_margin,cf_anchor,cf_put,cf_call,cash_flow_week,income_week,cash,side_account,total_equity,put_note,put_settle,anchor_note,anchor_sell
2024-01-02,2024-01-05,29.04,150000.0,ANCHOR,50323.0,29.0,2024-05-17,136,91,5.5,91,27.0,-0.287,0.376,3421.6,True,2024-01-05,30.0,0.1598,0.152,1383.2,False,45500.0,ROLLED@2024-01-03 closeK=27.0 delta=-0.67 btc=1.08 -> newK=24.0 exp=2024-01-19 credit=0.67 net=-3731 ROLL_NET_DEBIT,25.94,EXPIRED_WORTHLESS,268.45,45500.0,-50323.0,-309.4,1383.2,-49249.2,1073.8,100482.35,268.45,100750.8,,,,
2024-01-08,2024-01-12,27.69,145750.3,,,29.0,2024-05-17,130,91,5.1,91,24.0,,,,,2024-01-19,31.0,0.145,0.154,1401.4,True,26599.3,,28.07,EXPIRED_WORTHLESS,350.35,26599.3,0.0,0.0,1401.4,1401.4,1401.4,101533.4,618.8,102152.2,CARRIED_FROM_ROLL,,,
2024-01-16,2024-01-19,28.23,143784.7,,,29.0,2024-05-17,122,91,4.6,91,24.0,,,,,2024-01-19,32.0,0.0914,0.082,746.2,False,26435.5,,34.9,ITM_ASSIGNED loss=26390,,26435.5,0.0,0.0,-25643.8,-25643.8,-25643.8,75889.6,618.8,76508.4,CARRIED_FROM_ROLL,EXPIRED_WORTHLESS,,
2024-01-22,2024-01-26,35.55,102989.4,,,,,,0,,91,,,,,,,,,,,,,,,,,,26317.2,0.0,0.0,26317.2,0.0,102206.8,618.8,102825.6,,,ROLLUP_+10%,26317.2
2024-01-29,2024-02-02,33.84,102825.6,,,,,,0,,91,,,,,,,,,,,,,,,,,,0.0,0.0,0.0,0.0,0.0,102206.8,618.8,102825.6,,,,
2024-02-05,2024-02-09,35.03,102825.6,,,,,,0,,91,,,,,,,,,,,,,,,,,,0.0,0.0,0.0,0.0,0.0,102206.8,618.8,102825.6,,,,
2024-02-12,2024-02-16,40.12,102825.6,,,,,,0,,91,,,,,,,,,,,,,,,,,,0.0,0.0,0.0,0.0,0.0,102206.8,618.8,102825.6,,,,
2024-02-20,2024-02-23,36.04,102825.6,ANCHOR,36989.0,36.0,2024-08-16,178,47,7.825,47,33.0,-0.2296,0.774,3637.8,True,2024-02-23,44.0,0.1188,0.288,1353.6,True,18292.4,,40.05,EXPIRED_WORTHLESS,1247.85,18292.4,-36989.0,3637.8,1353.6,-31997.6,4991.4,68961.35,1866.65,70828.0,,EXPIRED_WORTHLESS,,
2024-02-26,2024-03-01,40.91,98793.0,ANCHOR,34480.0,41.0,2024-08-16,172,40,8.575,40,39.0,-0.2594,0.624,2496.0,True,2024-03-01,46.0,0.1362,0.254,1016.0,True,17380.0,,48.34,ITM_ASSIGNED loss=9360,,17380.0,-6656.0,2496.0,-8344.0,-12504.0,-5848.0,56457.35,1866.65,58324.0,,EXPIRED_WORTHLESS,ROLLUP_+10%,27824.0
2024-03-04,2024-03-08,49.4,82824.0,ANCHOR,28588.0,49.0,2024-08-16,165,28,10.15,28,47.0,-0.2797,0.994,2783.2,True,2024-03-08,58.0,0.1192,0.336,940.8,True,14772.8,,48.83,EXPIRED_WORTHLESS,931.0,14772.8,-4268.0,2783.2,940.8,-544.0,3724.0,54982.35,2797.65,57780.0,,EXPIRED_WORTHLESS,ROLLUP_+10%,24320.0
2024-03-11,2024-03-15,45.2,92010.0,,,49.0,2024-08-16,158,28,12.225,28,43.0,-0.244,0.976,2732.8,True,2024-03-15,55.0,0.1321,0.402,1125.6,True,13781.6,ROLLED@2024-03-15 closeK=43.0 delta=-0.68 btc=0.50 -> newK=38.0 exp=2024-03-28 credit=1.46 net=+2666,42.67,EXPIRED_WORTHLESS,1631.0,13781.6,0.0,5398.4,1125.6,6524.0,6524.0,59875.35,4428.65,64304.0,,,,
2024-03-18,2024-03-22,43.97,100746.0,,,49.0,2024-08-16,151,28,14.0,28,38.0,,,,,2024-03-28,51.0,0.115,0.316,884.8,True,13196.4,,46.41,EXPIRED_WORTHLESS,221.2,13196.4,0.0,0.0,884.8,884.8,884.8,60538.95,4649.85,65188.8,CARRIED_FROM_ROLL,,,
2024-03-25,2024-03-28,45.27,97304.8,,,49.0,2024-08-16,144,28,11.525,28,38.0,,,,,2024-03-28,51.0,0.1305,0.256,716.8,True,13392.4,,46.53,EXPIRED_WORTHLESS,179.2,13392.4,0.0,0.0,716.8,716.8,716.8,61076.55,4829.05,65905.6,CARRIED_FROM_ROLL,EXPIRED_WORTHLESS,,
2024-04-01,2024-04-05,49.63,94185.6,,,49.0,2024-08-16,137,28,10.1,28,45.0,-0.2255,0.59,1652.0,True,2024-04-05,54.0,0.1277,0.286,800.8,True,16357.6,ROLLED@2024-04-04 closeK=45.0 delta=-0.81 btc=2.96 -> newK=38.0 exp=2024-04-19 credit=1.20 net=-4934 ROLL_NET_DEBIT,43.71,EXPIRED_WORTHLESS,,16357.6,0.0,-3281.6,800.8,-2480.8,-2480.8,58595.75,4829.05,63424.8,,,,
2024-04-08,2024-04-12,44.03,94518.8,,,49.0,2024-08-16,130,28,11.65,28,38.0,,,,,2024-04-19,49.0,0.1466,0.3,840.0,True,13168.4,,41.36,EXPIRED_WORTHLESS,210.0,13168.4,0.0,0.0,840.0,840.0,840.0,59225.75,5039.05,64264.8,CARRIED_FROM_ROLL,,,
2024-04-15,2024-04-19,43.13,100202.8,,,49.0,2024-08-16,123,28,13.925,28,38.0,,,,,2024-04-19,46.0,0.1109,0.224,627.2,True,16744.0,ROLLED@2024-04-17 closeK=38.0 delta=-0.59 btc=1.95 -> newK=33.0 exp=2024-05-03 credit=1.43 net=-1456 ROLL_NET_DEBIT,30.69,EXPIRED_WORTHLESS,,16744.0,0.0,-1456.0,627.2,-828.8,-828.8,58396.95,5039.05,63436.0,CARRIED_FROM_ROLL,,,
2024-04-22,2024-04-26,31.53,107060.0,,,49.0,2024-08-16,116,28,18.075,28,33.0,,,,,2024-05-03,37.0,0.1019,0.154,431.2,True,9259.6,,39.75,ITM_ASSIGNED loss=7700,,9259.6,0.0,0.0,-7268.8,-7268.8,-7268.8,51128.15,5039.05,56167.2,CARRIED_FROM_ROLL,,,
2024-04-29,2024-05-03,39.28,89823.2,,,49.0,2024-08-16,109,28,12.15,28,33.0,,,,,2024-05-03,47.0,0.1279,0.296,828.8,True,11827.2,,38.97,EXPIRED_WORTHLESS,207.2,11827.2,0.0,0.0,828.8,828.8,828.8,51749.75,5246.25,56996.0,CARRIED_FROM_ROLL,EXPIRED_WORTHLESS,,
2024-05-06,2024-05-10,40.96,90666.0,,,49.0,2024-08-16,102,28,12.025,28,39.0,-0.2377,0.492,1377.6,True,2024-05-10,46.0,0.1276,0.226,632.8,True,12101.6,,41.02,EXPIRED_WORTHLESS,502.6,12101.6,0.0,1377.6,632.8,2010.4,2010.4,53257.55,5748.85,59006.4,,EXPIRED_WORTHLESS,,
2024-05-13,2024-05-17,41.78,91346.4,,,49.0,2024-08-16,95,28,11.55,28,39.0,-0.2579,0.636,1780.8,True,2024-05-17,46.0,0.1273,0.232,649.6,True,12348.0,,45.43,EXPIRED_WORTHLESS,607.6,12348.0,0.0,1780.8,649.6,2430.4,2430.4,55080.35,6356.45,61436.8,,EXPIRED_WORTHLESS,,
2024-05-20,2024-05-24,47.9,84816.8,,,49.0,2024-08-16,88,28,8.35,28,45.0,-0.2469,0.816,2284.8,True,2024-05-24,56.0,0.121,0.32,896.0,True,14308.0,,51.54,EXPIRED_WORTHLESS,795.2,14308.0,0.0,2284.8,896.0,3180.8,3180.8,57465.95,7151.65,64617.6,,EXPIRED_WORTHLESS,,
2024-05-28,2024-05-31,52.82,78337.6,,,49.0,2024-08-16,80,28,4.9,28,NONE,,,,,,59.0,0.1371,0.268,750.4,True,15540.0,,48.55,EXPIRED_WORTHLESS,187.6,15540.0,0.0,0.0,750.4,750.4,750.4,58028.75,7339.25,65368.0,,,,
2024-06-03,2024-06-07,49.1,84198.0,,,49.0,2024-08-16,74,28,6.725,28,46.0,-0.2645,0.726,2032.8,True,2024-06-07,55.0,0.11,0.242,677.6,True,14425.6,,51.91,EXPIRED_WORTHLESS,677.6,14425.6,0.0,2032.8,677.6,2710.4,2710.4,60061.55,8016.85,68078.4,,EXPIRED_WORTHLESS,,
2024-06-10,2024-06-14,51.44,80398.4,,,49.0,2024-08-16,67,28,4.4,28,NONE,,,,,,61.0,0.1235,0.296,828.8,True,15232.0,,60.03,EXPIRED_WORTHLESS,207.2,15232.0,0.0,0.0,828.8,828.8,828.8,60683.15,8224.05,68907.2,,,,
2024-06-17,2024-06-21,60.22,76887.2,ANCHOR,22900.0,60.0,2024-11-15,151,20,11.375,20,60.0,-0.2658,0.768,1536.0,True,2024-06-21,68.0,0.1284,0.236,472.0,True,12516.0,ROLLED@2024-06-21 closeK=60.0 delta=-0.79 btc=2.39 -> newK=54.0 exp=2024-07-05 credit=1.83 net=-1136 ROLL_NET_DEBIT,58.02,EXPIRED_WORTHLESS,218.0,12516.0,-15340.0,400.0,472.0,-14468.0,872.0,45997.15,8442.05,54439.2,,,ROLLUP_+10%,7560.0
2024-06-24,2024-06-28,56.21,79249.2,,,60.0,2024-11-15,144,20,15.625,20,54.0,,,,,2024-07-05,60.0,0.1189,0.272,544.0,True,15448.0,,55.35,EXPIRED_WORTHLESS,136.0,15448.0,0.0,0.0,544.0,544.0,544.0,46405.15,8578.05,54983.2,CARRIED_FROM_ROLL,,,
2024-07-01,2024-07-05,53.43,81253.2,,,60.0,2024-11-15,137,20,14.025,20,54.0,,,,,2024-07-05,60.0,0.1197,0.204,408.0,True,11094.0,,60.81,ITM_ASSIGNED loss=1620,,11094.0,0.0,0.0,-1212.0,-1212.0,-1212.0,45193.15,8578.05,53771.2,CARRIED_FROM_ROLL,EXPIRED_WORTHLESS,,
2024-07-08,2024-07-12,63.98,73171.2,,,60.0,2024-11-15,130,20,9.7,20,NONE,,,,,,71.0,0.1256,0.316,632.0,True,13428.0,,64.08,EXPIRED_WORTHLESS,158.0,13428.0,0.0,0.0,632.0,632.0,632.0,45667.15,8736.05,54403.2,,,,
2024-07-15,2024-07-19,64.37,73453.2,,,60.0,2024-11-15,123,20,9.525,20,NONE,,,,,,71.0,0.1388,0.296,592.0,True,13466.0,,47.0,EXPIRED_WORTHLESS,148.0,13466.0,0.0,0.0,592.0,592.0,592.0,46111.15,8884.05,54995.2,,,,
2024-07-22,2024-07-26,50.41,82995.2,,,60.0,2024-11-15,116,20,14.0,20,49.0,-0.2207,0.746,1492.0,True,2024-07-26,60.0,0.119,0.294,588.0,True,10670.0,ROLLED@2024-07-24 closeK=49.0 delta=-0.75 btc=7.50 -> newK=48.0 exp=2024-08-09 credit=7.41 net=-180 ROLL_NET_DEBIT,41.99,EXPIRED_WORTHLESS,475.0,10670.0,0.0,1312.0,588.0,1900.0,1900.0,47536.15,9359.05,56895.2,,,,
2024-07-29,2024-08-02,44.35,87245.2,,,60.0,2024-11-15,109,20,22.2,20,48.0,,,,,2024-08-09,49.0,0.1321,0.344,688.0,True,9558.0,,29.32,EXPIRED_WORTHLESS,172.0,9558.0,0.0,0.0,688.0,688.0,688.0,48052.15,9531.05,57583.2,CARRIED_FROM_ROLL,,,
2024-08-05,2024-08-09,26.71,81383.2,,,60.0,2024-11-15,102,20,32.625,20,48.0,,,,,2024-08-09,36.0,0.1264,0.308,616.0,True,5958.0,ROLLED@2024-08-06 closeK=48.0 delta=-0.98 btc=20.11 -> newK=25.0 exp=2024-08-23 credit=1.83 net=-36564 ROLL_NET_DEBIT,30.96,EXPIRED_WORTHLESS,,5958.0,0.0,-36564.0,616.0,-35948.0,-35948.0,12104.15,9531.05,21635.2,CARRIED_FROM_ROLL,,,
2024-08-12,2024-08-16,30.47,80315.2,,,60.0,2024-11-15,95,20,29.975,20,25.0,,,,,2024-08-23,37.0,0.1348,0.276,552.0,True,6646.0,,39.72,ITM_ASSIGNED loss=5440,,6646.0,0.0,0.0,-4888.0,-4888.0,-4888.0,7216.15,9531.05,16747.2,CARRIED_FROM_ROLL,,,
2024-08-19,2024-08-23,38.4,58447.2,,,60.0,2024-11-15,88,20,20.875,20,25.0,,,,,2024-08-23,48.0,0.1057,0.216,432.0,True,8112.0,,40.39,EXPIRED_WORTHLESS,108.0,8112.0,0.0,0.0,432.0,432.0,432.0,7540.15,9639.05,17179.2,CARRIED_FROM_ROLL,EXPIRED_WORTHLESS,,
2024-08-26,2024-08-30,39.18,66329.2,,,60.0,2024-11-15,81,20,24.575,20,34.0,-0.251,0.934,1868.0,True,2024-08-30,46.0,0.1112,0.296,592.0,True,8428.0,,38.92,EXPIRED_WORTHLESS,615.0,8428.0,0.0,1868.0,592.0,2460.0,2460.0,9385.15,10254.05,19639.2,,EXPIRED_WORTHLESS,,
2024-09-03,2024-09-06,34.33,80639.2,,,60.0,2024-11-15,73,20,30.5,20,28.0,-0.2844,0.818,1636.0,True,2024-09-06,35.0,0.1277,0.232,464.0,True,12856.0,ROLLED@2024-09-06 closeK=28.0 delta=-0.92 btc=2.38 -> newK=23.0 exp=2024-09-20 credit=1.29 net=-2184 ROLL_NET_DEBIT,25.95,EXPIRED_WORTHLESS,,12856.0,0.0,-548.0,464.0,-84.0,-84.0,9301.15,10254.05,19555.2,,,,
2024-09-09,2024-09-13,27.35,84675.2,,,60.0,2024-11-15,67,20,33.175,20,23.0,,,,,2024-09-20,32.0,0.1038,0.152,304.0,True,5774.0,,33.44,ITM_ASSIGNED loss=2880,,5774.0,0.0,0.0,-2576.0,-2576.0,-2576.0,6725.15,10254.05,16979.2,CARRIED_FROM_ROLL,,,
2024-09-16,2024-09-20,32.06,74689.2,,,60.0,2024-11-15,60,20,28.9,20,23.0,,,,,2024-09-20,37.0,0.1347,0.244,488.0,True,6900.0,,33.55,EXPIRED_WORTHLESS,122.0,6900.0,0.0,0.0,488.0,488.0,488.0,7091.15,10376.05,17467.2,CARRIED_FROM_ROLL,EXPIRED_WORTHLESS,,
2024-09-23,2024-09-27,33.62,71167.2,,,60.0,2024-11-15,53,20,26.85,20,32.0,-0.2766,0.658,1316.0,True,2024-09-27,38.0,0.1359,0.216,432.0,True,7156.0,,37.64,EXPIRED_WORTHLESS,437.0,7156.0,0.0,1316.0,432.0,1748.0,1748.0,8402.15,10813.05,19215.2,,EXPIRED_WORTHLESS,,
2024-09-30,2024-10-04,36.55,66565.2,,,60.0,2024-11-15,46,20,23.675,20,34.0,-0.2329,0.596,1192.0,True,2024-10-04,42.0,0.1109,0.194,388.0,True,7698.0,,36.71,EXPIRED_WORTHLESS,395.0,7698.0,0.0,1192.0,388.0,1580.0,1580.0,9587.15,11208.05,20795.2,,EXPIRED_WORTHLESS,,
2024-10-07,2024-10-11,36.12,67945.2,,,60.0,2024-11-15,39,20,23.575,20,34.0,-0.2537,0.654,1308.0,True,2024-10-11,41.0,0.1125,0.176,352.0,True,7576.0,,38.65,EXPIRED_WORTHLESS,415.0,7576.0,0.0,1308.0,352.0,1660.0,1660.0,10832.15,11623.05,22455.2,,EXPIRED_WORTHLESS,,
2024-10-14,2024-10-18,40.86,60355.2,,,60.0,2024-11-15,32,20,18.95,20,39.0,-0.2905,0.674,1348.0,True,2024-10-18,45.0,0.1288,0.204,408.0,True,8580.0,ROLLED@2024-10-15 closeK=39.0 delta=-0.80 btc=5.37 -> newK=31.0 exp=2024-11-01 credit=1.61 net=-7524 ROLL_NET_DEBIT,35.28,EXPIRED_WORTHLESS,,8580.0,0.0,-6176.0,408.0,-5768.0,-5768.0,5064.15,11623.05,16687.2,,,,
2024-10-21,2024-10-25,35.12,64087.2,ANCHOR,18425.0,35.0,2025-02-21,123,25,7.325,25,31.0,,,,,2024-11-01,39.0,0.1345,0.204,510.0,True,9290.0,,35.31,EXPIRED_WORTHLESS,127.5,9290.0,29795.0,0.0,510.0,30305.0,510.0,35241.65,11750.55,46992.2,CARRIED_FROM_ROLL,,,48220.0
2024-10-28,2024-11-01,35.46,63699.7,,,35.0,2025-02-21,116,25,6.875,25,31.0,,,,,2024-11-01,40.0,0.1086,0.172,430.0,True,9295.0,ROLLED@2024-10-31 closeK=31.0 delta=-0.64 btc=1.49 -> newK=27.0 exp=2024-11-15 credit=1.54 net=+96,30.89,EXPIRED_WORTHLESS,131.5,9295.0,0.0,96.0,430.0,526.0,526.0,35636.15,11882.05,47518.2,CARRIED_FROM_ROLL,,,
2024-11-04,2024-11-08,30.83,68440.7,,,35.0,2025-02-21,109,25,9.225,25,27.0,,,,,2024-11-15,35.0,0.1214,0.194,485.0,True,8192.5,,35.42,ITM_ASSIGNED loss=1050,,8192.5,0.0,0.0,-565.0,-565.0,-565.0,35071.15,11882.05,46953.2,CARRIED_FROM_ROLL,,,
2024-11-11,2024-11-15,31.92,65483.2,,,35.0,2025-02-21,102,25,7.5,25,27.0,,,,,2024-11-15,37.0,0.1228,0.184,460.0,True,8440.0,ROLLED@2024-11-15 closeK=27.0 delta=-0.72 btc=0.52 -> newK=24.0 exp=2024-11-29 credit=0.89 net=+740,26.66,EXPIRED_WORTHLESS,300.0,8440.0,0.0,740.0,460.0,1200.0,1200.0,35971.15,12182.05,48153.2,CARRIED_FROM_ROLL,,,
2024-11-18,2024-11-22,26.55,71850.7,,,35.0,2025-02-21,95,25,9.875,25,24.0,,,,,2024-11-29,32.0,0.1146,0.172,430.0,True,7067.5,,28.48,EXPIRED_WORTHLESS,107.5,7067.5,0.0,0.0,430.0,430.0,430.0,36293.65,12289.55,48583.2,CARRIED_FROM_ROLL,,,
2024-11-25,2024-11-29,29.01,68388.2,,,35.0,2025-02-21,88,25,7.95,25,24.0,,,,,2024-11-29,32.0,0.1203,0.114,285.0,True,7537.5,,28.08,EXPIRED_WORTHLESS,71.25,7537.5,0.0,0.0,285.0,285.0,285.0,36507.4,12360.8,48868.2,CARRIED_FROM_ROLL,EXPIRED_WORTHLESS,,
2024-12-02,2024-12-06,29.59,68555.7,,,35.0,2025-02-21,81,25,7.875,25,28.0,-0.2001,0.334,835.0,True,2024-12-06,34.0,0.1037,0.124,310.0,True,7707.5,,29.65,EXPIRED_WORTHLESS,286.25,7707.5,0.0,835.0,310.0,1145.0,1145.0,37366.15,12647.05,50013.2,,EXPIRED_WORTHLESS,,
2024-12-09,2024-12-13,29.95,72325.7,,,35.0,2025-02-21,74,25,8.925,25,28.0,-0.3046,0.556,1390.0,False,2024-12-13,33.0,0.0936,0.112,280.0,False,7767.5,ROLLED@2024-12-10 closeK=28.0 delta=-0.64 btc=1.48 -> newK=25.0 exp=2024-12-27 credit=0.95 net=-1320 ROLL_NET_DEBIT,30.79,EXPIRED_WORTHLESS,87.5,7767.5,0.0,70.0,280.0,350.0,350.0,37628.65,12734.55,50363.2,,,,
2024-12-16,2024-12-20,31.96,66025.7,,,35.0,2025-02-21,67,25,6.4,25,25.0,,,,,2024-12-27,37.0,0.1148,0.176,440.0,True,8430.0,,27.35,EXPIRED_WORTHLESS,110.0,8430.0,0.0,0.0,440.0,440.0,440.0,37958.65,12844.55,50803.2,CARRIED_FROM_ROLL,,,
2024-12-23,2024-12-27,29.08,70578.2,,,35.0,2025-02-21,60,25,7.975,25,25.0,,,,,2024-12-27,32.0,0.1444,0.144,360.0,True,7630.0,,29.72,EXPIRED_WORTHLESS,90.0,7630.0,0.0,0.0,360.0,360.0,360.0,38228.65,12934.55,51163.2,CARRIED_FROM_ROLL,EXPIRED_WORTHLESS,,
2024-12-30,2025-01-03,27.51,72913.2,,,35.0,2025-02-21,53,25,8.7,25,26.0,-0.1921,0.246,615.0,False,2025-01-03,31.0,0.1119,0.114,285.0,True,7162.5,,29.88,EXPIRED_WORTHLESS,225.0,7162.5,0.0,615.0,285.0,900.0,900.0,38903.65,13159.55,52063.2,,EXPIRED_WORTHLESS,,
2025-01-06,2025-01-10,33.39,65563.2,,,35.0,2025-02-21,46,25,5.4,25,31.0,-0.2913,0.572,1430.0,True,2025-01-10,36.0,0.1508,0.224,560.0,False,10730.0,ROLLED@2025-01-08 closeK=31.0 delta=-0.66 btc=1.27 -> newK=27.0 exp=2025-01-24 credit=0.76 net=-1285 ROLL_NET_DEBIT,28.0,EXPIRED_WORTHLESS,176.25,10730.0,0.0,145.0,560.0,705.0,705.0,39432.4,13335.8,52768.2,,,,
2025-01-13,2025-01-17,27.13,69380.7,,,35.0,2025-02-21,39,25,8.15,25,27.0,,,,,2025-01-24,32.0,0.1217,0.182,455.0,True,7237.5,,32.51,ITM_ASSIGNED loss=1275,,7237.5,0.0,0.0,-820.0,-820.0,-820.0,38612.4,13335.8,51948.2,CARRIED_FROM_ROLL,,,
2025-01-21,2025-01-24,33.11,60598.2,,,35.0,2025-02-21,31,25,3.5,25,27.0,,,,,2025-01-24,37.0,0.0997,0.104,260.0,False,8537.5,,32.73,EXPIRED_WORTHLESS,65.0,8537.5,0.0,0.0,260.0,260.0,260.0,38807.4,13400.8,52208.2,CARRIED_FROM_ROLL,EXPIRED_WORTHLESS,,
2025-01-27,2025-01-31,27.8,79645.7,,,,,,0,,25,,,,,,,,,,,,,,,,,,25525.0,0.0,0.0,25525.0,0.0,64332.4,13400.8,77733.2,,,,25525.0
2025-02-03,2025-02-07,24.83,77733.2,,,,,,0,,25,,,,,,,,,,,,,,,,,,0.0,0.0,0.0,0.0,0.0,64332.4,13400.8,77733.2,,,,
2025-02-10,2025-02-14,27.35,77733.2,,,,,,0,,25,,,,,,,,,,,,,,,,,,0.0,0.0,0.0,0.0,0.0,64332.4,13400.8,77733.2,,,,
2025-02-18,2025-02-21,29.11,77733.2,ANCHOR,23014.0,29.0,2025-08-15,178,37,6.175,37,29.0,-0.2976,0.396,1465.2,True,2025-02-21,32.0,0.1738,0.182,673.4,False,11521.8,ROLLED@2025-02-21 closeK=29.0 delta=-0.56 btc=0.76 -> newK=26.0 exp=2025-03-07 credit=0.95 net=+703,28.75,EXPIRED_WORTHLESS,710.4,11521.8,-23014.0,2168.2,673.4,-20172.4,2841.6,43449.6,14111.2,57560.8,,,,
2025-02-24,2025-02-28,27.85,78928.3,,,29.0,2025-08-15,172,37,7.35,37,26.0,,,,,2025-03-07,31.0,0.099,0.126,466.2,False,10770.7,,22.73,EXPIRED_WORTHLESS,116.55,10770.7,0.0,0.0,466.2,466.2,466.2,43799.25,14227.75,58027.0,CARRIED_FROM_ROLL,,,
2025-03-03,2025-03-07,22.05,76434.5,,,29.0,2025-08-15,165,37,10.825,37,26.0,,,,,2025-03-07,25.0,0.1076,0.144,532.8,True,8691.3,ROLLED@2025-03-04 closeK=26.0 delta=-1.00 btc=5.35 -> newK=18.0 exp=2025-03-21 credit=1.19 net=-15407 ROLL_NET_DEBIT,20.89,EXPIRED_WORTHLESS,,8691.3,0.0,-15406.8,532.8,-14874.0,-14874.0,28925.25,14227.75,43153.0,CARRIED_FROM_ROLL,,,
2025-03-10,2025-03-14,19.34,80985.5,,,29.0,2025-08-15,158,37,12.1,37,18.0,,,,,2025-03-21,22.0,0.1337,0.186,688.2,True,7844.0,,19.79,EXPIRED_WORTHLESS,172.05,7844.0,0.0,0.0,688.2,688.2,688.2,29441.4,14399.8,43841.2,CARRIED_FROM_ROLL,,,
2025-03-17,2025-03-21,20.27,79564.7,,,29.0,2025-08-15,151,37,9.825,37,18.0,,,,,2025-03-21,24.0,0.079,0.072,266.4,False,7766.3,,19.24,EXPIRED_WORTHLESS,66.6,7766.3,0.0,0.0,266.4,266.4,266.4,29641.2,14466.4,44107.6,CARRIED_FROM_ROLL,EXPIRED_WORTHLESS,,
2025-03-24,2025-03-28,20.78,80645.1,,,29.0,2025-08-15,144,37,9.875,37,20.0,-0.2936,0.412,1524.4,True,2025-03-28,23.0,0.1354,0.112,414.4,True,8103.0,ROLLED@2025-03-26 closeK=20.0 delta=-0.76 btc=1.42 -> newK=17.0 exp=2025-04-11 credit=0.83 net=-2213 ROLL_NET_DEBIT,16.01,EXPIRED_WORTHLESS,,8103.0,0.0,-688.2,414.4,-273.8,-273.8,29367.4,14466.4,43833.8,,,,
2025-03-31,2025-04-04,14.89,86513.3,,,29.0,2025-08-15,137,37,13.425,37,17.0,,,,,2025-04-11,19.0,0.0978,0.092,340.4,False,5849.7,,8.72,EXPIRED_WORTHLESS,85.1,5849.7,0.0,0.0,340.4,340.4,340.4,29622.7,14551.5,44174.2,CARRIED_FROM_ROLL,,,
2025-04-07,2025-04-11,8.73,86724.2,,,29.0,2025-08-15,130,37,19.25,37,17.0,,,,,2025-04-11,13.0,0.1256,0.134,495.8,True,3725.9,ROLLED@2025-04-08 closeK=17.0 delta=-0.83 btc=9.34 -> newK=7.0 exp=2025-04-25 credit=0.96 net=-31006 ROLL_NET_DEBIT,10.25,EXPIRED_WORTHLESS,,3725.9,0.0,-31006.0,495.8,-30510.2,-30510.2,-887.5,14551.5,13664.0,CARRIED_FROM_ROLL,,,
2025-04-14,2025-04-17,10.6,79098.5,,,29.0,2025-08-15,123,37,17.925,37,7.0,,,,,2025-04-25,13.0,0.1288,0.112,414.4,True,4336.4,,9.18,EXPIRED_WORTHLESS,103.6,4336.4,0.0,0.0,414.4,414.4,414.4,-576.7,14655.1,14078.4,CARRIED_FROM_ROLL,,,
2025-04-21,2025-04-25,8.42,88781.4,,,29.0,2025-08-15,116,37,20.325,37,7.0,,,,,2025-04-25,11.0,0.0946,0.062,229.4,False,3344.8,,12.33,ITM_ASSIGNED loss=4921,,3344.8,0.0,0.0,-4691.6,-4691.6,-4691.6,-5268.3,14655.1,9386.8,CARRIED_FROM_ROLL,EXPIRED_WORTHLESS,,
2025-04-28,2025-05-02,12.17,71454.3,,,29.0,2025-08-15,109,37,16.775,37,11.0,-0.2226,0.282,1043.4,True,2025-05-02,15.0,0.0738,0.052,192.4,False,4695.3,,13.32,EXPIRED_WORTHLESS,308.95,4695.3,0.0,1043.4,192.4,1235.8,1235.8,-4341.45,14964.05,10622.6,,EXPIRED_WORTHLESS,,
2025-05-05,2025-05-09,13.11,69637.6,,,29.0,2025-08-15,102,37,15.95,37,12.0,-0.2578,0.322,1191.4,True,2025-05-09,15.0,0.1487,0.122,451.4,True,5302.1,,14.09,EXPIRED_WORTHLESS,410.7,5302.1,0.0,1191.4,451.4,1642.8,1642.8,-3109.35,15374.75,12265.4,,EXPIRED_WORTHLESS,,
2025-05-12,2025-05-16,16.74,57312.9,,,29.0,2025-08-15,95,37,12.175,37,16.0,-0.2661,0.354,1309.8,True,2025-05-16,20.0,0.1,0.092,340.4,True,6534.2,,18.39,EXPIRED_WORTHLESS,412.55,6534.2,0.0,1309.8,340.4,1650.2,1650.2,-1871.7,15787.3,13915.6,,EXPIRED_WORTHLESS,,
2025-05-19,2025-05-23,17.69,56280.6,,,29.0,2025-08-15,88,37,11.45,37,17.0,-0.2762,0.364,1346.8,True,2025-05-23,21.0,0.091,0.082,303.4,False,6848.7,ROLLED@2025-05-22 closeK=17.0 delta=-0.68 btc=0.70 -> newK=15.0 exp=2025-06-06 credit=0.75 net=+215,15.72,EXPIRED_WORTHLESS,466.2,6848.7,0.0,1561.4,303.4,1864.8,1864.8,-473.1,16253.5,15780.4,,,,
2025-05-27,2025-05-30,16.81,58996.4,,,29.0,2025-08-15,80,37,12.1,37,15.0,,,,,2025-06-06,20.0,0.0956,0.082,303.4,False,6523.1,,16.15,EXPIRED_WORTHLESS,75.85,6523.1,0.0,0.0,303.4,303.4,303.4,-245.55,16329.35,16083.8,CARRIED_FROM_ROLL,,,
2025-06-02,2025-06-06,16.33,61316.3,,,29.0,2025-08-15,74,37,12.4,37,15.0,,,,,2025-06-06,19.0,0.119,0.092,340.4,True,6382.5,,19.17,ITM_ASSIGNED loss=629,,6382.5,0.0,0.0,-288.6,-288.6,-288.6,-534.15,16329.35,15795.2,CARRIED_FROM_ROLL,EXPIRED_WORTHLESS,,
2025-06-09,2025-06-13,20.36,49650.2,,,29.0,2025-08-15,67,37,9.15,37,19.0,-0.2233,0.322,1191.4,True,2025-06-13,23.0,0.1578,0.164,606.8,False,8140.0,,20.03,EXPIRED_WORTHLESS,449.55,8140.0,0.0,1191.4,606.8,1798.2,1798.2,814.5,16778.9,17593.4,,EXPIRED_WORTHLESS,,
2025-06-16,2025-06-20,21.46,47008.4,,,29.0,2025-08-15,60,37,7.95,37,20.0,-0.184,0.252,932.4,False,2025-06-20,24.0,0.1447,0.132,488.4,True,8428.6,,21.21,EXPIRED_WORTHLESS,355.2,8428.6,0.0,932.4,488.4,1420.8,1420.8,1880.1,17134.1,19014.2,,EXPIRED_WORTHLESS,,
2025-06-23,2025-06-27,21.58,49446.7,,,29.0,2025-08-15,53,37,8.225,37,20.0,-0.2319,0.344,1272.8,True,2025-06-27,24.0,0.108,0.084,310.8,True,8295.4,,25.09,ITM_ASSIGNED loss=4033,,8295.4,0.0,1272.8,-3722.2,-2449.4,-2449.4,-569.3,17134.1,16564.8,,EXPIRED_WORTHLESS,,
2025-06-30,2025-07-03,24.89,36637.3,,,29.0,2025-08-15,46,37,5.425,37,24.0,-0.2741,0.356,1317.2,True,2025-07-03,27.0,0.1578,0.134,495.8,False,11107.4,,26.45,EXPIRED_WORTHLESS,453.25,11107.4,0.0,1317.2,495.8,1813.0,1813.0,790.45,17587.35,18377.8,,EXPIRED_WORTHLESS,,
2025-07-07,2025-07-11,25.85,38450.3,,,29.0,2025-08-15,39,37,5.425,37,23.0,-0.1953,0.284,1050.8,False,2025-07-11,28.0,0.1131,0.122,451.4,True,11625.4,,27.25,EXPIRED_WORTHLESS,375.55,11625.4,0.0,1050.8,451.4,1502.2,1502.2,1917.1,17962.9,19880.0,,EXPIRED_WORTHLESS,,
2025-07-14,2025-07-18,25.54,35327.5,,,29.0,2025-08-15,32,37,4.175,37,25.0,-0.2613,0.442,1635.4,True,2025-07-18,30.0,0.0872,0.092,340.4,False,9790.2,,27.35,EXPIRED_WORTHLESS,493.95,9790.2,0.0,1635.4,340.4,1975.8,1975.8,3398.95,18456.85,21855.8,,EXPIRED_WORTHLESS,,
2025-07-21,2025-07-25,28.1,34250.8,ANCHOR,4977.0,28.0,2025-11-21,123,9,5.5,9,26.0,-0.2698,0.482,433.8,True,2025-07-25,31.0,0.1096,0.132,118.8,True,2647.8,ROLLED@2025-07-23 closeK=26.0 delta=-0.54 btc=0.82 -> newK=23.0 exp=2025-08-08 credit=0.80 net=-22 ROLL_NET_DEBIT,25.58,EXPIRED_WORTHLESS,132.75,2647.8,7307.0,412.2,118.8,7838.0,531.0,11104.2,18589.6,29693.8,,,,12284.0
2025-07-28,2025-08-01,26.86,34153.3,,,28.0,2025-11-21,116,9,5.325,9,23.0,,,,,2025-08-08,30.0,0.1213,0.142,127.8,True,2545.2,,24.07,EXPIRED_WORTHLESS,31.95,2545.2,0.0,0.0,127.8,127.8,127.8,11200.05,18621.55,29821.6,CARRIED_FROM_ROLL,,,
2025-08-04,2025-08-08,24.78,35131.6,,,28.0,2025-11-21,109,9,6.2,9,23.0,,,,,2025-08-08,28.0,0.1013,0.102,91.8,True,2322.0,,25.72,EXPIRED_WORTHLESS,22.95,2322.0,0.0,0.0,91.8,91.8,91.8,11268.9,18644.5,29913.4,CARRIED_FROM_ROLL,EXPIRED_WORTHLESS,,
2025-08-11,2025-08-15,26.77,35043.4,,,28.0,2025-11-21,102,9,5.7,9,24.0,-0.2424,0.392,352.8,True,2025-08-15,28.0,0.1559,0.172,154.8,False,3866.4,,27.31,EXPIRED_WORTHLESS,126.9,3866.4,0.0,352.8,154.8,507.6,507.6,11649.6,18771.4,30421.0,,EXPIRED_WORTHLESS,,
2025-08-18,2025-08-22,27.32,34673.5,,,28.0,2025-11-21,95,9,4.725,9,26.0,-0.2365,0.342,307.8,True,2025-08-22,30.0,0.1366,0.142,127.8,True,2633.4,ROLLED@2025-08-20 closeK=26.0 delta=-0.53 btc=0.87 -> newK=23.0 exp=2025-09-05 credit=0.72 net=-139 ROLL_NET_DEBIT,27.43,EXPIRED_WORTHLESS,74.25,2633.4,0.0,169.2,127.8,297.0,297.0,11872.35,18845.65,30718.0,,,,
2025-08-25,2025-08-29,27.12,34340.5,,,28.0,2025-11-21,88,9,4.325,9,23.0,,,,,2025-09-05,30.0,0.1464,0.16,144.0,True,2584.8,,26.04,EXPIRED_WORTHLESS,36.0,2584.8,0.0,0.0,144.0,144.0,144.0,11980.35,18881.65,30862.0,CARRIED_FROM_ROLL,,,
2025-09-02,2025-09-05,24.68,34984.0,,,28.0,2025-11-21,80,9,4.8,9,23.0,,,,,2025-09-05,28.0,0.1194,0.122,109.8,True,2331.0,,26.52,EXPIRED_WORTHLESS,27.45,2331.0,0.0,0.0,109.8,109.8,109.8,12062.7,18909.1,30971.8,CARRIED_FROM_ROLL,EXPIRED_WORTHLESS,,
2025-09-08,2025-09-12,26.96,34886.8,,,28.0,2025-11-21,74,9,4.35,9,26.0,-0.2977,0.438,394.2,True,2025-09-12,30.0,0.0817,0.072,64.8,False,2491.2,,29.26,EXPIRED_WORTHLESS,114.75,2491.2,0.0,394.2,64.8,459.0,459.0,12406.95,19023.85,31430.8,,EXPIRED_WORTHLESS,,
2025-09-15,2025-09-19,29.83,34324.3,,,28.0,2025-11-21,67,9,3.215,9,28.0,-0.2327,0.41,369.0,True,2025-09-19,33.0,0.1128,0.08,72.0,True,2756.7,,32.97,EXPIRED_WORTHLESS,110.25,2756.7,0.0,369.0,72.0,441.0,441.0,12737.7,19134.1,31871.8,,EXPIRED_WORTHLESS,,
2025-09-22,2025-09-26,34.09,33635.8,ANCHOR,5370.0,34.0,2026-02-20,151,6,8.125,6,32.0,-0.2085,0.394,236.4,True,2025-09-26,38.0,0.1523,0.23,138.0,False,2183.4,,33.99,EXPIRED_WORTHLESS,93.6,2183.4,-3670.8,236.4,138.0,-3296.4,374.4,9347.7,19227.7,28575.4,,EXPIRED_WORTHLESS,ROLLUP_+10%,1699.2
2025-09-29,2025-10-03,35.29,32460.4,,,34.0,2026-02-20,144,6,6.475,6,32.0,-0.2454,0.496,297.6,True,2025-10-03,38.0,0.1222,0.182,109.2,True,2718.0,,38.23,ITM_ASSIGNED loss=138,67.2,2718.0,0.0,297.6,-28.8,268.8,268.8,9549.3,19294.9,28844.2,,EXPIRED_WORTHLESS,,
2025-10-06,2025-10-10,42.65,31529.2,ANCHOR,3872.0,43.0,2026-02-20,137,4,9.275,4,39.0,-0.2718,0.896,358.4,True,2025-10-10,49.0,0.112,0.266,106.4,True,1812.4,ROLLED@2025-10-10 closeK=39.0 delta=-1.00 btc=4.57 -> newK=31.0 exp=2025-10-24 credit=1.47 net=-1241 ROLL_NET_DEBIT,34.21,EXPIRED_WORTHLESS,,1812.4,-1736.0,-882.4,106.4,-2512.0,-776.0,7037.3,19294.9,26332.2,,,ROLLUP_+10%,2136.0
2025-10-13,2025-10-17,38.69,30472.2,,,43.0,2026-02-20,130,4,10.925,4,31.0,,,,,2025-10-24,45.0,0.1368,0.3,120.0,True,1667.6,,40.18,EXPIRED_WORTHLESS,30.0,1667.6,0.0,0.0,120.0,120.0,120.0,7127.3,19324.9,26452.2,CARRIED_FROM_ROLL,,,
2025-10-20,2025-10-24,42.31,30374.2,,,43.0,2026-02-20,123,4,9.925,4,31.0,,,,,2025-10-24,48.0,0.1237,0.226,90.4,True,1782.8,,43.16,EXPIRED_WORTHLESS,22.6,1782.8,0.0,0.0,90.4,90.4,90.4,7195.1,19347.5,26542.6,CARRIED_FROM_ROLL,EXPIRED_WORTHLESS,,
2025-10-27,2025-10-31,45.69,29672.6,,,43.0,2026-02-20,116,4,7.825,4,43.0,-0.2545,1.094,437.6,True,2025-10-31,53.0,0.1361,0.272,108.8,True,1936.4,,47.71,EXPIRED_WORTHLESS,136.6,1936.4,0.0,437.6,108.8,546.4,546.4,7604.9,19484.1,27089.0,,EXPIRED_WORTHLESS,,
2025-11-03,2025-11-07,49.04,30009.0,,,,,,0,,4,,,,,,,,,,,,,,,,,,2800.0,0.0,0.0,2800.0,0.0,10404.9,19484.1,29889.0,,,ROLLUP_+10%,2800.0
2025-11-10,2025-11-14,44.84,29889.0,,,,,,0,,4,,,,,,,,,,,,,,,,,,0.0,0.0,0.0,0.0,0.0,10404.9,19484.1,29889.0,,,,
2025-11-17,2025-11-21,39.57,29889.0,ANCHOR,3774.0,40.0,2026-05-15,179,3,12.25,3,33.0,-0.2293,0.84,252.0,True,2025-11-21,44.0,0.1295,0.288,86.4,True,1273.5,ROLLED@2025-11-20 closeK=33.0 delta=-0.81 btc=2.68 -> newK=25.0 exp=2025-12-05 credit=1.22 net=-439 ROLL_NET_DEBIT,31.7,EXPIRED_WORTHLESS,,1273.5,-3774.0,-186.6,86.4,-3874.2,-100.2,6530.7,19484.1,26014.8,,,,
2025-11-24,2025-11-28,34.6,29743.8,,,40.0,2026-05-15,172,3,12.7,3,25.0,,,,,2025-12-05,41.0,0.1168,0.204,61.2,True,1099.2,,41.3,ITM_ASSIGNED loss=90,,1099.2,0.0,0.0,-28.8,-28.8,-28.8,6501.9,19484.1,25986.0,CARRIED_FROM_ROLL,,,
2025-12-01,2025-12-05,40.81,29016.0,,,40.0,2026-05-15,165,3,10.125,3,25.0,,,,,2025-12-05,46.0,0.1435,0.276,82.8,True,1307.1,,46.51,ITM_ASSIGNED loss=153,,1307.1,0.0,0.0,-70.2,-70.2,-70.2,6431.7,19484.1,25915.8,CARRIED_FROM_ROLL,EXPIRED_WORTHLESS,,
2025-12-08,2025-12-12,47.8,28353.3,ANCHOR,2500.0,48.0,2026-05-15,158,2,12.275,2,44.0,-0.2263,0.804,160.8,True,2025-12-12,55.0,0.1073,0.222,44.4,True,1000.4,ROLLED@2025-12-12 closeK=44.0 delta=-1.00 btc=2.51 -> newK=38.0 exp=2025-12-26 credit=1.28 net=-244 ROLL_NET_DEBIT,41.7,EXPIRED_WORTHLESS,,1000.4,-130.0,-83.6,44.4,-169.2,-39.2,6262.5,19484.1,25746.6,,,ROLLUP_+10%,2370.0
2025-12-15,2025-12-19,42.23,28380.6,,,48.0,2026-05-15,151,2,14.5,2,38.0,,,,,2025-12-26,47.0,0.12,0.22,44.0,True,888.6,,41.79,EXPIRED_WORTHLESS,11.0,888.6,0.0,0.0,44.0,44.0,44.0,6295.5,19495.1,25790.6,CARRIED_FROM_ROLL,,,
2025-12-22,2025-12-26,43.8,28361.6,,,48.0,2026-05-15,144,2,12.975,2,38.0,,,,,2025-12-26,47.0,0.1023,0.114,22.8,True,1134.8,,44.19,EXPIRED_WORTHLESS,5.7,1134.8,0.0,0.0,22.8,22.8,22.8,6312.6,19500.8,25813.4,CARRIED_FROM_ROLL,EXPIRED_WORTHLESS,,
2025-12-29,2026-01-02,43.19,28418.4,,,48.0,2026-05-15,137,2,13.025,2,42.0,-0.2429,0.38,76.0,True,2026-01-02,47.0,0.1312,0.14,28.0,True,993.6,,47.27,ITM_ASSIGNED loss=54,12.5,993.6,0.0,76.0,-26.0,50.0,50.0,6350.1,19513.3,25863.4,,EXPIRED_WORTHLESS,,
2026-01-05,2026-01-09,49.87,27918.4,,,48.0,2026-05-15,130,2,10.275,2,46.0,-0.2577,0.896,179.2,True,2026-01-09,56.0,0.1146,0.234,46.8,True,1044.2,,53.91,EXPIRED_WORTHLESS,56.5,1044.2,0.0,179.2,46.8,226.0,226.0,6519.6,19569.8,26089.4,,EXPIRED_WORTHLESS,,
2026-01-12,2026-01-16,54.09,27914.4,ANCHOR,2374.0,54.0,2026-05-15,123,2,11.675,2,51.0,-0.238,0.82,164.0,True,2026-01-16,61.0,0.1458,0.354,70.8,True,1152.6,,60.72,EXPIRED_WORTHLESS,58.7,1152.6,-642.0,164.0,70.8,-407.2,234.8,6053.7,19628.5,25682.2,,EXPIRED_WORTHLESS,ROLLUP_+10%,1732.0
2026-01-20,2026-01-23,60.24,27777.2,,,,,,0,,2,,,,,,,,,,,,,,,,,,1942.0,0.0,0.0,1942.0,0.0,7995.7,19628.5,27624.2,,,ROLLUP_+10%,1942.0
2026-01-26,2026-01-30,61.68,27624.2,,,,,,0,,2,,,,,,,,,,,,,,,,,,0.0,0.0,0.0,0.0,0.0,7995.7,19628.5,27624.2,,,,
2026-02-02,2026-02-06,62.76,27624.2,,,,,,0,,2,,,,,,,,,,,,,,,,,,0.0,0.0,0.0,0.0,0.0,7995.7,19628.5,27624.2,,,,
2026-02-09,2026-02-13,62.27,27624.2,,,,,,0,,2,,,,,,,,,,,,,,,,,,0.0,0.0,0.0,0.0,0.0,7995.7,19628.5,27624.2,,,,
2026-02-17,2026-02-20,59.79,27624.2,,,,,,0,,2,,,,,,,,,,,,,,,,,,0.0,0.0,0.0,0.0,0.0,7995.7,19628.5,27624.2,,,,
2026-02-23,2026-02-27,67.0,27624.2,ANCHOR,2090.0,67.0,2026-08-21,179,1,20.45,1,60.0,-0.2583,1.73,173.0,True,2026-02-27,77.0,0.1357,0.522,52.2,True,722.2,,62.77,EXPIRED_WORTHLESS,56.3,722.2,-2090.0,173.0,52.2,-1864.8,225.2,6074.6,19684.8,25759.4,,EXPIRED_WORTHLESS,,
2026-03-02,2026-03-06,60.44,27894.4,,,67.0,2026-08-21,172,1,21.35,1,57.0,-0.2495,1.514,151.4,True,2026-03-06,73.0,0.1149,0.366,36.6,True,641.0,ROLLED@2026-03-03 closeK=57.0 delta=-0.67 btc=5.21 -> newK=47.0 exp=2026-03-20 credit=3.21 net=-200 ROLL_NET_DEBIT,47.88,EXPIRED_WORTHLESS,,641.0,0.0,-48.6,36.6,-12.0,-12.0,6062.6,19684.8,25747.4,,,,
2026-03-09,2026-03-13,45.28,27963.9,,,67.0,2026-08-21,165,1,25.125,1,47.0,,,,,2026-03-20,62.0,0.1191,0.276,27.6,True,480.4,,50.73,EXPIRED_WORTHLESS,6.9,480.4,0.0,0.0,27.6,27.6,27.6,6083.3,19691.7,25775.0,CARRIED_FROM_ROLL,,,
2026-03-16,2026-03-20,55.23,27997.5,,,67.0,2026-08-21,158,1,23.5,1,47.0,,,,,2026-03-20,63.0,0.1367,0.446,44.6,True,596.9,,51.14,EXPIRED_WORTHLESS,11.15,596.9,0.0,0.0,44.6,44.6,44.6,6116.75,19702.85,25819.6,CARRIED_FROM_ROLL,EXPIRED_WORTHLESS,,
2026-03-23,2026-03-27,55.86,28114.6,,,67.0,2026-08-21,151,1,22.95,1,48.0,-0.245,1.322,132.2,True,2026-03-27,63.0,0.1149,0.362,36.2,True,594.8,ROLLED@2026-03-27 closeK=48.0 delta=-0.91 btc=1.69 -> newK=41.0 exp=2026-04-10 credit=2.26 net=+57,46.6,EXPIRED_WORTHLESS,56.4,594.8,0.0,189.4,36.2,225.6,225.6,6285.95,19759.25,26045.2,,,,
2026-03-30,2026-04-02,43.53,28710.2,,,67.0,2026-08-21,144,1,30.625,1,41.0,,,,,2026-04-10,47.0,0.1253,0.266,26.6,True,550.2,,52.74,ITM_ASSIGNED loss=574,,550.2,0.0,0.0,-547.4,-547.4,-547.4,5738.55,19759.25,25497.8,CARRIED_FROM_ROLL,,,
2026-04-06,2026-04-10,54.56,27795.3,,,67.0,2026-08-21,137,1,23.225,1,41.0,,,,,2026-04-10,64.0,0.1231,0.388,38.8,True,584.4,,76.38,ITM_ASSIGNED loss=1238,,584.4,0.0,0.0,-1199.2,-1199.2,-1199.2,4539.35,19759.25,24298.6,CARRIED_FROM_ROLL,EXPIRED_WORTHLESS,,
2026-04-13,2026-04-17,77.01,25693.6,ANCHOR,2133.0,77.0,2026-09-18,158,1,20.4,1,74.0,-0.2473,1.656,165.6,True,2026-04-17,94.0,0.1249,0.548,54.8,True,824.9,,94.72,ITM_ASSIGNED loss=72,37.1,824.9,-789.0,165.6,-17.2,-640.6,148.4,3861.65,19796.35,23658.0,,EXPIRED_WORTHLESS,ROLLUP_+10%,1344.0
2026-04-20,2026-04-24,95.07,25280.5,,,,,,0,,0,,,,,,,,,,,,,,,,,,1555.0,0.0,0.0,1555.0,0.0,5416.65,19796.35,25213.0,,,ROLLUP_+10%,1555.0
2026-04-27,2026-05-01,124.09,25213.0,,,,,,0,,0,,,,,,,,,,,,,,,,,,0.0,0.0,0.0,0.0,0.0,5416.65,19796.35,25213.0,,,,
2026-05-04,2026-05-08,132.91,25213.0,,,,,,0,,0,,,,,,,,,,,,,,,,,,0.0,0.0,0.0,0.0,0.0,5416.65,19796.35,25213.0,,,,
2026-05-11,2026-05-15,179.46,25213.0,,,,,,0,,0,,,,,,,,,,,,,,,,,,0.0,0.0,0.0,0.0,0.0,5416.65,19796.35,25213.0,,,,
2026-05-18,2026-05-22,158.58,25213.0,,,,,,0,,0,,,,,,,,,,,,,,,,,,0.0,0.0,0.0,0.0,0.0,5416.65,19796.35,25213.0,,,,
2026-05-26,2026-05-29,219.45,25213.0,,,,,,0,,0,,,,,,,,,,,,,,,,,,0.0,0.0,0.0,0.0,0.0,5416.65,19796.35,25213.0,,,,
2026-06-01,2026-06-05,210.87,25213.0,,,,,,0,,0,,,,,,,,,,,,,,,,,,0.0,0.0,0.0,0.0,0.0,5416.65,19796.35,25213.0,,,,
2026-06-08,2026-06-12,202.12,25213.0,,,,,,0,,0,,,,,,,,,,,,,,,,,,0.0,0.0,0.0,0.0,0.0,5416.65,19796.35,25213.0,,,,
2026-06-15,2026-06-18,264.15,25213.0,,,,,,0,,0,,,,,,,,,,,,,,,,,,0.0,0.0,0.0,0.0,0.0,5416.65,19796.35,25213.0,,,,
2026-06-22,2026-06-26,297.94,25213.0,,,,,,0,,0,,,,,,,,,,,,,,,,,,0.0,0.0,0.0,0.0,0.0,5416.65,19796.35,25213.0,,,,
2026-06-29,2026-07-02,208.79,25213.0,,,,,,0,,0,,,,,,,,,,,,,,,,,,0.0,0.0,0.0,0.0,0.0,5416.65,19796.35,25213.0,,,,
