week_start,week_end,begin_cash,begin_total_balance,begin_side_account,stock_action,stock_buy_units,stock_buy_price,stock_buy_cost,put_action,put_open_price,put_open_cost,put_sell_price,put_sell_proceeds,put_roll_price,put_roll_cost,put_realized_pnl,put_pricing_source,put_strike,put_expiration,put_contracts,call_action,call_strike,call_expiration,call_contracts,call_sell_price,call_premium_received,call_close_cost,call_realized_pnl,call_outcome,call_pricing_source,basis_price,friday_1530_price,move_vs_basis_pct,friday_close_price,realized_gain_total,swept_to_side_account,side_account_balance,cash_ledger_reconciled,end_shares,end_share_value,end_put_value,call_liability_value,end_cash,end_total_balance,end_total_with_side,stock_assigned_units,stock_realized_pnl
2024-01-02,2024-01-05,150000.0,150000.0,0.0,BUY,3839,29.3,112482.7,BUY,5.53,21014.0,,,,,,OPTIMAL SCAN of 1 exps 120-180d: chose dte=136 K=29.0 cost/day=0.0407 (worst: dte=136 0.0407); REAL QUOTE bid=5.45 ask=5.55 exp=2024-05-17,29.0,2024-05-17,38,SOLD,29.5,2024-01-05,38,0.246,934.8,,934.8,EXPIRED_WORTHLESS@2024-01-05(close 25.94),REAL QUOTE bid=0.24 ask=0.27 K=29.5 exp=2024-01-05 dte=3,29.3,25.64,-12.49,25.94,934.8,93.48,93.48,True,3839,99583.66,24320.0,0.0,17344.62,141248.28,141341.76,,
2024-01-08,2024-01-12,17344.62,139609.82,93.48,HELD,0,,,HELD,,,,,,,,,29.0,2024-05-17,38,SOLD,29.5,2024-01-12,38,0.458,1740.4,,1740.4,EXPIRED_WORTHLESS@2024-01-12(close 28.07),REAL QUOTE bid=0.45 ask=0.49 K=29.5 exp=2024-01-12 dte=4,29.3,28.01,-4.4,28.07,1740.4,174.04,267.52,True,3839,107760.73,19570.0,0.0,18910.98,146241.71,146509.23,,
2024-01-16,2024-01-19,18910.98,143921.37,267.52,ASSIGNED,0,,,HELD,,,,,,,,,29.0,2024-05-17,38,SOLD,29.5,2024-01-19,38,0.656,2492.8,,2492.8,ASSIGNED@2024-01-19(close 34.90),REAL QUOTE bid=0.65 ask=0.68 K=29.5 exp=2024-01-19 dte=3,29.3,34.75,18.6,34.9,3252.8,325.28,592.8,True,39,1361.1,11590.0,0.0,133178.5,146129.6,146722.4,3800.0,760.0
2024-01-22,2024-01-26,133178.5,145653.76,592.8,BUY,2738,36.34,99498.92,HELD,,,,,,,,,29.0,2024-05-17,38,SOLD,36.0,2024-01-26,27,1.014,2737.8,,2737.8,EXPIRED_WORTHLESS@2024-01-26(close 34.01),REAL QUOTE bid=1.0 ask=1.07 K=36.0 exp=2024-01-26 dte=4,36.2411,34.17,-5.71,34.01,2737.8,273.78,866.58,True,2777,94445.77,12540.0,0.0,36143.6,143129.37,143995.95,,
2024-01-29,2024-02-02,36143.6,142774.23,866.58,HELD,0,,,HELD,,,,,,,,,29.0,2024-05-17,38,SOLD,36.0,2024-02-02,27,1.094,2953.8,,2953.8,EXPIRED_WORTHLESS@2024-02-02(close 33.68),REAL QUOTE bid=1.08 ask=1.15 K=36.0 exp=2024-02-02 dte=4,36.2411,33.82,-6.68,33.68,2953.8,295.38,1161.96,True,2777,93529.36,10146.0,0.0,38802.02,142477.38,143639.34,,
2024-02-05,2024-02-09,38802.02,146737.87,1161.96,ASSIGNED,0,,,HELD,,,,,,,,,29.0,2024-05-17,38,SOLD,36.0,2024-02-09,27,0.918,2478.6,,2478.6,ASSIGNED@2024-02-09(close 39.35),REAL QUOTE bid=0.91 ask=0.95 K=36.0 exp=2024-02-09 dte=4,36.2411,39.2,8.16,39.35,1827.55,182.75,1344.71,True,77,3029.95,7771.0,0.0,138297.87,149098.82,150443.53,2700.0,-651.05
2024-02-12,2024-02-16,138297.87,149143.48,1344.71,BUY,2578,39.93,102939.54,HELD,,,,,,,,,29.0,2024-05-17,38,SOLD,40.0,2024-02-16,26,1.094,2844.4,,2844.4,EXPIRED_WORTHLESS@2024-02-16(close 38.32),REAL QUOTE bid=1.05 ask=1.27 K=40.0 exp=2024-02-16 dte=4,39.823,38.86,-2.42,38.32,2844.4,284.44,1629.15,True,2655,101739.6,9576.0,0.0,37918.29,149233.89,150863.04,,
2024-02-20,2024-02-23,37918.29,146268.59,1629.15,ASSIGNED,0,,,HELD,,,,,,,,,29.0,2024-05-17,38,SOLD,40.0,2024-02-23,26,0.884,2298.4,,2298.4,ASSIGNED@2024-02-23(close 40.05),REAL QUOTE bid=0.88 ask=0.9 K=40.0 exp=2024-02-23 dte=3,39.823,39.92,0.24,40.05,2758.56,275.86,1905.01,True,55,2202.75,6403.0,0.0,143940.83,152546.58,154451.59,2600.0,460.16
2024-02-26,2024-03-01,143940.83,151793.63,1905.01,BUY+ASSIGNED,2583,41.56,107349.48,HELD,,,,,,,,,29.0,2024-05-17,38,SOLD,42.0,2024-03-01,26,1.178,3062.8,,3062.8,ASSIGNED@2024-03-01(close 48.34),REAL QUOTE bid=1.17 ask=1.21 K=42.0 exp=2024-03-01 dte=4,41.5238,48.03,15.67,48.34,4300.96,430.1,2335.11,True,38,1836.92,2774.0,0.0,148424.05,153034.97,155370.08,2600.0,1238.16
2024-03-04,2024-03-08,148424.05,153688.95,2335.11,BUY,2237,49.55,110843.35,HELD,,,,,,,,,29.0,2024-05-17,38,SOLD,49.0,2024-03-08,22,2.474,5442.8,,5442.8,EXPIRED_WORTHLESS@2024-03-08(close 48.83),REAL QUOTE bid=2.44 ask=2.61 K=49.0 exp=2024-03-08 dte=4,49.4159,49.36,-0.11,48.83,5442.8,544.28,2879.39,True,2275,111088.25,3895.0,0.0,42479.22,157462.47,160341.86,,
2024-03-11,2024-03-15,42479.22,150608.72,2879.39,HELD,0,,,HELD,,,,,,,,,29.0,2024-05-17,38,SOLD,49.0,2024-03-15,22,1.534,3374.8,,3374.8,EXPIRED_WORTHLESS@2024-03-15(close 42.67),REAL QUOTE bid=1.52 ask=1.59 K=49.0 exp=2024-03-15 dte=4,49.4159,43.24,-12.5,42.67,3374.8,337.48,3216.87,True,2275,97074.25,5529.0,0.0,45516.54,148119.79,151336.66,,
2024-03-18,2024-03-22,45516.54,151978.29,3216.87,HELD,0,,,HELD,,,,,,,,,29.0,2024-05-17,38,SOLD,49.0,2024-03-22,22,0.498,1095.6,,1095.6,EXPIRED_WORTHLESS@2024-03-22(close 46.41),REAL QUOTE bid=0.49 ask=0.53 K=49.0 exp=2024-03-22 dte=4,49.4159,46.2,-6.51,46.41,1095.6,109.56,3326.43,True,2275,105582.75,2565.0,0.0,46502.58,154650.33,157976.76,,
2024-03-25,2024-03-28,46502.58,151609.08,3326.43,HELD,0,,,HELD,,,,,,,,,29.0,2024-05-17,38,SOLD,49.0,2024-03-28,22,0.536,1179.2,,1179.2,EXPIRED_WORTHLESS@2024-03-28(close 46.53),REAL QUOTE bid=0.53 ask=0.56 K=49.0 exp=2024-03-28 dte=3; 2024-03-28 weekly (holiday week),49.4159,46.56,-5.78,46.53,1179.2,117.92,3444.35,True,2275,105855.75,1767.0,0.0,47563.86,155186.61,158630.96,,
2024-04-01,2024-04-05,47563.86,158378.61,3444.35,HELD,0,,,HELD,,,,,,,,,29.0,2024-05-17,38,SOLD,49.0,2024-04-05,22,1.392,3062.4,,3062.4,EXPIRED_WORTHLESS@2024-04-05(close 43.71),REAL QUOTE bid=1.38 ask=1.44 K=49.0 exp=2024-04-05 dte=4,49.4159,43.46,-12.05,43.71,3062.4,306.24,3750.59,True,2275,99440.25,2185.0,0.0,50320.02,151945.27,155695.86,,
2024-04-08,2024-04-12,50320.02,152919.02,3750.59,HELD,0,,,HELD_15PCT_CHECK,,,,,,,,,29.0,2024-05-17,38,SOLD,49.0,2024-04-12,22,0.3,660.0,,660.0,EXPIRED_WORTHLESS@2024-04-12(close 41.36),REAL QUOTE bid=0.29 ask=0.34 K=49.0 exp=2024-04-12 dte=4,49.4159,41.07,-16.89,41.36,660.0,66.0,3816.59,True,2275,94094.0,2546.0,0.0,50914.02,147554.02,151370.61,,
2024-04-15,2024-04-19,50914.02,150797.02,3816.59,HELD,0,,,HELD_15PCT_CHECK,,,,,,,,,29.0,2024-05-17,38,SOLD,49.0,2024-04-19,22,0.062,136.4,,136.4,EXPIRED_WORTHLESS@2024-04-19(close 30.69),REAL QUOTE bid=0.06 ask=0.07 K=49.0 exp=2024-04-19 dte=4,49.4159,30.8,-37.67,30.69,136.4,13.64,3830.23,True,2275,69819.75,9424.0,0.0,51036.78,130280.53,134110.76,,
2024-04-22,2024-04-26,51036.78,128188.53,3830.23,HELD,0,,,HELD_15PCT_CHECK,,,,,,,,,29.0,2024-05-17,38,SOLD,49.5,2024-04-26,22,0.09,198.0,,198.0,EXPIRED_WORTHLESS@2024-04-26(close 39.75),REAL QUOTE bid=0.0 ask=0.45 K=49.5 exp=2024-04-26 dte=4; ZERO BID (deep OTM),49.4159,40.04,-18.97,39.75,198.0,19.8,3850.03,True,2275,90431.25,1368.0,0.0,51214.98,143014.23,146864.26,,
2024-04-29,2024-05-03,51214.98,142698.73,3850.03,HELD,0,,,HELD_15PCT_CHECK,,,,,,,,,29.0,2024-05-17,38,SOLD,49.5,2024-05-03,22,0.136,299.2,,299.2,EXPIRED_WORTHLESS@2024-05-03(close 38.97),REAL QUOTE bid=0.13 ask=0.16 K=49.5 exp=2024-05-03 dte=4,49.4159,39.04,-21.0,38.97,299.2,29.92,3879.95,True,2275,88656.75,684.0,0.0,51484.26,140825.01,144704.96,,
2024-05-06,2024-05-10,51484.26,142450.76,3879.95,HELD,0,,,HELD_15PCT_CHECK,,,,,,,,,29.0,2024-05-17,38,SOLD,49.5,2024-05-10,22,0.094,206.8,,206.8,EXPIRED_WORTHLESS@2024-05-10(close 41.02),REAL QUOTE bid=0.05 ask=0.27 K=49.5 exp=2024-05-10 dte=4,49.4159,40.87,-17.29,41.02,206.8,20.68,3900.63,True,2275,93320.5,1045.0,0.0,51670.38,146035.88,149936.51,,
2024-05-13,2024-05-17,51670.38,146204.38,3900.63,HELD,0,,,EXPIRED_WORTHLESS,,,0.0,0.0,,,-21014.0,,29.0,2024-05-17,38,SOLD,49.0,2024-05-17,22,0.062,136.4,,136.4,EXPIRED_WORTHLESS@2024-05-17(close 45.43),REAL QUOTE bid=0.06 ask=0.07 K=49.0 exp=2024-05-17 dte=4,49.4159,45.51,-7.9,45.43,-20877.6,0.0,3900.63,True,2275,103353.25,0.0,0.0,51806.78,155160.03,159060.66,,
2024-05-20,2024-05-24,51806.78,158549.78,3900.63,ASSIGNED,0,,,BUY,10.06,22132.0,,,,,,OPTIMAL SCAN of 1 exps 120-180d: chose dte=179 K=47.0 cost/day=0.0562 (worst: dte=179 0.0562); REAL QUOTE bid=9.9 ask=10.1 exp=2024-11-15,47.0,2024-11-15,22,SOLD,49.5,2024-05-24,22,1.856,4083.2,,4083.2,ASSIGNED@2024-05-24(close 51.54),REAL QUOTE bid=1.77 ask=2.2 K=49.5 exp=2024-05-24 dte=4,49.4159,51.27,3.75,51.54,4268.14,426.81,4327.44,True,75,3865.5,17930.0,0.0,142231.17,164026.67,168354.11,2200.0,184.94
2024-05-28,2024-05-31,142231.17,162373.17,4327.44,BUY,1995,52.96,105655.2,HELD,,,,,,,,,47.0,2024-11-15,22,SOLD,53.0,2024-05-31,20,2.104,4208.0,,4208.0,EXPIRED_WORTHLESS@2024-05-31(close 48.55),REAL QUOTE bid=2.04 ask=2.36 K=53.0 exp=2024-05-31 dte=3,52.8316,46.93,-11.17,48.55,4208.0,420.8,4748.24,True,2070,100498.5,20625.0,0.0,40363.17,161486.67,166234.91,,
2024-06-03,2024-06-07,40363.17,164669.77,4748.24,HELD,0,,,HELD,,,,,,,,,47.0,2024-11-15,22,SOLD,53.0,2024-06-07,20,0.502,1004.0,,1004.0,EXPIRED_WORTHLESS@2024-06-07(close 51.91),REAL QUOTE bid=0.48 ask=0.59 K=53.0 exp=2024-06-07 dte=4,52.8316,51.53,-2.46,51.91,1004.0,100.4,4848.64,True,2070,107453.7,18425.0,0.0,41266.77,167145.47,171994.11,,
2024-06-10,2024-06-14,41266.77,163766.77,4848.64,ASSIGNED,0,,,HELD,,,,,,,,,47.0,2024-11-15,22,SOLD,53.0,2024-06-14,20,2.76,5520.0,,5520.0,ASSIGNED@2024-06-14(close 60.03),REAL QUOTE bid=2.71 ask=2.96 K=53.0 exp=2024-06-14 dte=4,52.8316,60.23,14.0,60.03,5856.82,585.68,5434.32,True,70,4202.1,13475.0,0.0,152201.09,169878.19,175312.51,2000.0,336.82
2024-06-17,2024-06-21,152201.09,168591.09,5434.32,BUY,1869,60.5,113074.5,HELD,,,,,,,,,47.0,2024-11-15,22,SOLD,60.0,2024-06-21,19,3.62,6878.0,,6878.0,EXPIRED_WORTHLESS@2024-06-21(close 58.02),REAL QUOTE bid=3.6 ask=3.7 K=60.0 exp=2024-06-21 dte=4,60.2232,58.16,-3.43,58.02,6878.0,687.8,6122.12,True,1939,112500.78,13310.0,0.0,45316.79,171127.57,177249.69,,
2024-06-24,2024-06-28,45316.79,173316.0,6122.12,HELD,0,,,HELD,,,,,,,,,47.0,2024-11-15,22,SOLD,60.0,2024-06-28,19,0.272,516.8,,516.8,EXPIRED_WORTHLESS@2024-06-28(close 55.35),REAL QUOTE bid=0.26 ask=0.32 K=60.0 exp=2024-06-28 dte=4,60.2232,55.05,-8.59,55.35,516.8,51.68,6173.8,True,1939,107323.65,14905.0,0.0,45781.91,168010.56,174184.36,,
2024-07-01,2024-07-05,45781.91,165732.05,6173.8,ASSIGNED,0,,,HELD,,,,,,,,,47.0,2024-11-15,22,SOLD,60.0,2024-07-05,19,0.204,387.6,,387.6,ASSIGNED@2024-07-05(close 60.81),REAL QUOTE bid=0.2 ask=0.22 K=60.0 exp=2024-07-05 dte=4,60.2232,61.11,1.47,60.81,-36.41,0.0,6173.8,True,39,2371.59,11495.0,0.0,160169.51,174036.1,180209.9,1900.0,-424.01
2024-07-08,2024-07-12,160169.51,172199.24,6173.8,BUY+ASSIGNED,1894,63.07,119454.58,HELD,,,,,,,,,47.0,2024-11-15,22,SOLD,63.0,2024-07-12,19,2.782,5285.8,,5285.8,ASSIGNED@2024-07-12(close 64.08),REAL QUOTE bid=2.73 ask=2.99 K=63.0 exp=2024-07-12 dte=4,63.0126,66.12,4.93,64.08,5261.93,526.19,6700.0,True,33,2114.64,9405.0,0.0,165174.53,176694.17,183394.17,1900.0,-23.87
2024-07-15,2024-07-19,165174.53,177064.43,6700.0,BUY,1888,65.3,123286.4,HELD_15PCT_CHECK,,,,,,,,,47.0,2024-11-15,22,SOLD,65.0,2024-07-19,19,1.92,3648.0,,3648.0,EXPIRED_WORTHLESS@2024-07-19(close 47.00),REAL QUOTE bid=1.85 ask=2.2 K=65.0 exp=2024-07-19 dte=4,65.2607,48.39,-25.85,47.0,3648.0,364.8,7064.8,True,1921,90287.0,19745.0,0.0,45171.33,155203.33,162268.13,,
2024-07-22,2024-07-26,45171.33,154745.04,7064.8,HELD,0,,,HELD_15PCT_CHECK,,,,,,,,,47.0,2024-11-15,22,SOLD,65.0,2024-07-26,19,0.082,155.8,,155.8,EXPIRED_WORTHLESS@2024-07-26(close 41.99),REAL QUOTE bid=0.08 ask=0.09 K=65.0 exp=2024-07-26 dte=4,65.2607,41.77,-36.0,41.99,155.8,15.58,7080.38,True,1921,80662.79,25300.0,0.0,45311.55,151274.34,158354.72,,
2024-07-29,2024-08-02,45311.55,155760.56,7080.38,HELD,0,,,HELD_15PCT_CHECK,,,,,,,,,47.0,2024-11-15,22,SOLD,65.0,2024-08-02,19,0.012,22.8,,22.8,EXPIRED_WORTHLESS@2024-08-02(close 29.32),REAL QUOTE bid=0.01 ask=0.02 K=65.0 exp=2024-08-02 dte=4,65.2607,29.16,-55.32,29.32,22.8,2.28,7082.66,True,1921,56323.72,45045.0,0.0,45332.07,146700.79,153783.45,,
2024-08-05,2024-08-09,45332.07,140713.67,7082.66,HELD,0,,,HELD_15PCT_CHECK,,,,,,,,,47.0,2024-11-15,22,SOLD,65.0,2024-08-09,19,0.004,7.6,,7.6,EXPIRED_WORTHLESS@2024-08-09(close 30.96),REAL QUOTE bid=0.0 ask=0.02 K=65.0 exp=2024-08-09 dte=4; ZERO BID (deep OTM),65.2607,31.35,-51.96,30.96,7.6,0.76,7083.42,True,1921,59474.16,40975.0,0.0,45338.91,145788.07,152871.49,,
2024-08-12,2024-08-16,45338.91,146384.61,7083.42,HELD,0,,,HELD_15PCT_CHECK,,,,,,,,,47.0,2024-11-15,22,SOLD,65.5,2024-08-16,19,0.006,11.4,,11.4,EXPIRED_WORTHLESS@2024-08-16(close 39.72),REAL QUOTE bid=0.0 ask=0.03 K=65.5 exp=2024-08-16 dte=4; ZERO BID (deep OTM),65.2607,39.63,-39.27,39.72,11.4,1.14,7084.56,True,1921,76302.12,27005.0,0.0,45349.17,148656.29,155740.85,,
2024-08-19,2024-08-23,45349.17,143557.64,7084.56,HELD,0,,,HELD_15PCT_CHECK,,,,,,,,,47.0,2024-11-15,22,SOLD,65.0,2024-08-23,19,0.002,3.8,,3.8,EXPIRED_WORTHLESS@2024-08-23(close 40.39),REAL QUOTE bid=0.0 ask=0.01 K=65.0 exp=2024-08-23 dte=4; ZERO BID (deep OTM),65.2607,40.23,-38.35,40.39,3.8,0.38,7084.94,True,1921,77589.19,25685.0,0.0,45352.59,148626.78,155711.72,,
2024-08-26,2024-08-30,45352.59,151210.75,7084.94,HELD,0,,,HELD_15PCT_CHECK,,,,,,,,,47.0,2024-11-15,22,SOLD,65.5,2024-08-30,19,0.088,167.2,,167.2,EXPIRED_WORTHLESS@2024-08-30(close 38.92),REAL QUOTE bid=0.01 ask=0.4 K=65.5 exp=2024-08-30 dte=4,65.2607,38.35,-41.24,38.92,167.2,16.72,7101.66,True,1921,74765.32,25575.0,0.0,45503.07,145843.39,152945.05,,
2024-09-03,2024-09-06,45503.07,156864.08,7101.66,HELD,0,,,HELD_15PCT_CHECK,,,,,,,,,47.0,2024-11-15,22,NONE,,,0,,,,,,,65.2607,26.44,-59.49,25.95,0.0,0.0,7101.66,True,1921,49849.95,48345.0,0.0,45503.07,143698.02,150799.68,,
2024-09-09,2024-09-13,45503.07,143995.32,7101.66,HELD,0,,,HELD_15PCT_CHECK,,,,,,,,,47.0,2024-11-15,22,NONE,,,0,,,,,,,65.2607,33.43,-48.77,33.44,0.0,0.0,7101.66,True,1921,64238.24,33605.0,0.0,45503.07,143346.31,150447.97,,
2024-09-16,2024-09-20,45503.07,143043.52,7101.66,HELD,0,,,HELD_15PCT_CHECK,,,,,,,,,47.0,2024-11-15,22,SOLD,65.0,2024-09-20,19,0.004,7.6,,7.6,EXPIRED_WORTHLESS@2024-09-20(close 33.55),REAL QUOTE bid=0.0 ask=0.02 K=65.0 exp=2024-09-20 dte=4; ZERO BID (deep OTM),65.2607,33.58,-48.54,33.55,7.6,0.76,7102.42,True,1921,64449.55,34155.0,0.0,45509.91,144114.46,151216.88,,
2024-09-23,2024-09-27,45509.91,144349.44,7102.42,HELD,0,,,HELD_15PCT_CHECK,,,,,,,,,47.0,2024-11-15,22,NONE,,,0,,,,,,,65.2607,37.76,-42.14,37.64,0.0,0.0,7102.42,True,1921,72306.44,26290.0,0.0,45509.91,144106.35,151208.77,,
2024-09-30,2024-10-04,45509.91,141993.25,7102.42,HELD,0,,,HELD_15PCT_CHECK,,,,,,,,,47.0,2024-11-15,22,NONE,,,0,,,,,,,65.2607,36.43,-44.18,36.71,0.0,0.0,7102.42,True,1921,70519.91,26400.0,0.0,45509.91,142429.82,149532.24,,
2024-10-07,2024-10-11,45509.91,141825.62,7102.42,HELD,0,,,HELD_15PCT_CHECK,,,,,,,,,47.0,2024-11-15,22,NONE,,,0,,,,,,,65.2607,38.88,-40.42,38.65,0.0,0.0,7102.42,True,1921,74246.65,22495.0,0.0,45509.91,142251.56,149353.98,,
2024-10-14,2024-10-18,45509.91,139509.91,7102.42,HELD,0,,,HELD_15PCT_CHECK,,,,,,,,,47.0,2024-11-15,22,SOLD,63.0,2024-10-18,19,0.002,3.8,,3.8,EXPIRED_WORTHLESS@2024-10-18(close 35.28),REAL QUOTE bid=0.0 ask=0.01 K=63.0 exp=2024-10-18 dte=4; ZERO BID (deep OTM),65.2607,35.3,-45.91,35.28,3.8,0.38,7102.8,True,1921,67772.88,26345.0,0.0,45513.33,139631.21,146734.01,,
2024-10-21,2024-10-25,45513.33,139259.13,7102.8,HELD,0,,,HELD_15PCT_CHECK,,,,,,,,,47.0,2024-11-15,22,NONE,,,0,,,,,,,65.2607,35.66,-45.36,35.31,0.0,0.0,7102.8,True,1921,67830.51,25960.0,0.0,45513.33,139303.84,146406.64,,
2024-10-28,2024-11-01,45513.33,138866.47,7102.8,HELD,0,,,HELD_15PCT_CHECK,,,,,,,,,47.0,2024-11-15,22,NONE,,,0,,,,,,,65.2607,31.02,-52.47,30.89,0.0,0.0,7102.8,True,1921,59339.69,35695.0,0.0,45513.33,140548.02,147650.82,,
2024-11-04,2024-11-08,45513.33,140536.47,7102.8,HELD,0,,,HELD_15PCT_CHECK,,,,,,,,,47.0,2024-11-15,22,NONE,,,0,,,,,,,65.2607,35.16,-46.12,35.42,0.0,0.0,7102.8,True,1921,68041.82,25795.0,0.0,45513.33,139350.15,146452.95,,
2024-11-11,2024-11-15,45513.33,141395.78,7102.8,HELD,0,,,EXPIRED_ITM_SOLD_AT_INTRINSIC,,,20.34,44748.0,,,22616.0,,47.0,2024-11-15,22,SOLD,65.0,2024-11-15,19,0.002,3.8,,3.8,EXPIRED_WORTHLESS@2024-11-15(close 26.66),REAL QUOTE bid=0.0 ask=0.01 K=65.0 exp=2024-11-15 dte=4; ZERO BID (deep OTM),65.2607,26.67,-59.13,26.66,22619.8,2261.98,9364.78,True,1921,51213.86,0.0,0.0,88003.15,139217.01,148581.79,,
2024-11-18,2024-11-22,88003.15,139485.95,9364.78,HELD,0,,,BUY+HELD_15PCT_CHECK,6.41,12179.0,,,,,,OPTIMAL SCAN of 1 exps 120-180d: chose dte=179 K=27.0 cost/day=0.0358 (worst: dte=179 0.0358); REAL QUOTE bid=6.25 ask=6.45 exp=2025-05-16,27.0,2025-05-16,19,NONE,,,0,,,,,,,65.2607,28.2,-56.79,28.48,0.0,0.0,9364.78,True,1921,54710.08,11210.0,0.0,75824.15,141744.23,151109.01,,
2024-11-25,2024-11-29,75824.15,142825.24,9364.78,HELD,0,,,HELD_15PCT_CHECK,,,,,,,,,27.0,2025-05-16,19,NONE,,,0,,,,,,,65.2607,28.12,-56.91,28.08,0.0,0.0,9364.78,True,1921,53941.68,10830.0,0.0,75824.15,140595.83,149960.61,,
2024-12-02,2024-12-06,75824.15,141129.2,9364.78,HELD,0,,,HELD_15PCT_CHECK,,,,,,,,,27.0,2025-05-16,19,NONE,,,0,,,,,,,65.2607,29.61,-54.63,29.65,0.0,0.0,9364.78,True,1921,56957.65,9785.0,0.0,75824.15,142566.8,151931.58,,
2024-12-09,2024-12-13,75824.15,140779.22,9364.78,HELD,0,,,HELD_15PCT_CHECK,,,,,,,,,27.0,2025-05-16,19,NONE,,,0,,,,,,,65.2607,31.0,-52.5,30.79,0.0,0.0,9364.78,True,1921,59147.59,8977.5,0.0,75824.15,143949.24,153314.02,,
2024-12-16,2024-12-20,75824.15,142922.4,9364.78,HELD,0,,,HELD_15PCT_CHECK,,,,,,,,,27.0,2025-05-16,19,NONE,,,0,,,,,,,65.2607,27.74,-57.49,27.35,0.0,0.0,9364.78,True,1921,52539.35,10260.0,0.0,75824.15,138623.5,147988.28,,
2024-12-23,2024-12-27,75824.15,140772.24,9364.78,HELD,0,,,HELD_15PCT_CHECK,,,,,,,,,27.0,2025-05-16,19,NONE,,,0,,,,,,,65.2607,29.54,-54.74,29.72,0.0,0.0,9364.78,True,1921,57092.12,9072.5,0.0,75824.15,141988.77,151353.55,,
2024-12-30,2025-01-03,75824.15,139636.38,9364.78,HELD,0,,,HELD_15PCT_CHECK,,,,,,,,,27.0,2025-05-16,19,NONE,,,0,,,,,,,65.2607,30.02,-54.0,29.88,0.0,0.0,9364.78,True,1921,57399.48,7362.5,0.0,75824.15,140586.13,149950.91,,
2025-01-06,2025-01-10,75824.15,146470.32,9364.78,HELD,0,,,HELD_15PCT_CHECK,,,,,,,,,27.0,2025-05-16,19,NONE,,,0,,,,,,,65.2607,27.94,-57.19,28.0,0.0,0.0,9364.78,True,1921,53788.0,9880.0,0.0,75824.15,139492.15,148856.93,,
2025-01-13,2025-01-17,75824.15,137544.59,9364.78,HELD,0,,,HELD_15PCT_CHECK,,,,,,,,,27.0,2025-05-16,19,SOLD,65.0,2025-01-17,19,0.002,3.8,,3.8,EXPIRED_WORTHLESS@2025-01-17(close 32.51),REAL QUOTE bid=0.0 ask=0.01 K=65.0 exp=2025-01-17 dte=4; ZERO BID (deep OTM),65.2607,32.48,-50.23,32.51,3.8,0.38,9365.16,True,1921,62451.71,6507.5,0.0,75827.57,144786.78,154151.94,,
2025-01-21,2025-01-24,75827.57,145006.49,9365.16,HELD,0,,,HELD_15PCT_CHECK,,,,,,,,,27.0,2025-05-16,19,NONE,,,0,,,,,,,65.2607,32.59,-50.06,32.73,0.0,0.0,9365.16,True,1921,62874.33,5985.0,0.0,75827.57,144686.9,154052.06,,
2025-01-27,2025-01-31,75827.57,141285.19,9365.16,HELD,0,,,HELD_15PCT_CHECK,,,,,,,,,27.0,2025-05-16,19,NONE,,,0,,,,,,,65.2607,26.79,-58.95,26.97,0.0,0.0,9365.16,True,1921,51809.37,9975.0,0.0,75827.57,137611.94,146977.1,,
2025-02-03,2025-02-07,75827.57,134359.83,9365.16,HELD,0,,,HELD_15PCT_CHECK,,,,,,,,,27.0,2025-05-16,19,NONE,,,0,,,,,,,65.2607,26.04,-60.1,26.33,0.0,0.0,9365.16,True,1921,50579.93,9595.0,0.0,75827.57,136002.5,145367.66,,
2025-02-10,2025-02-14,75827.57,136303.25,9365.16,HELD,0,,,HELD_15PCT_CHECK,,,,,,,,,27.0,2025-05-16,19,NONE,,,0,,,,,,,65.2607,28.48,-56.36,28.54,0.0,0.0,9365.16,True,1921,54825.34,7172.5,0.0,75827.57,137825.41,147190.57,,
2025-02-18,2025-02-21,75827.57,139467.71,9365.16,HELD,0,,,HELD_15PCT_CHECK,,,,,,,,,27.0,2025-05-16,19,SOLD,65.0,2025-02-21,19,0.002,3.8,,3.8,EXPIRED_WORTHLESS@2025-02-21(close 28.75),REAL QUOTE bid=0.0 ask=0.01 K=65.0 exp=2025-02-21 dte=3; ZERO BID (deep OTM),65.2607,28.78,-55.9,28.75,3.8,0.38,9365.54,True,1921,55228.75,7220.0,0.0,75830.99,138279.74,147645.28,,
2025-02-24,2025-02-28,75830.99,139771.45,9365.54,HELD,0,,,HELD_15PCT_CHECK,,,,,,,,,27.0,2025-05-16,19,NONE,,,0,,,,,,,65.2607,22.39,-65.69,22.73,0.0,0.0,9365.54,True,1921,43664.33,12017.5,0.0,75830.99,131512.82,140878.36,,
2025-03-03,2025-03-07,75830.99,135196.88,9365.54,HELD,0,,,HELD_15PCT_CHECK,,,,,,,,,27.0,2025-05-16,19,NONE,,,0,,,,,,,65.2607,20.84,-68.07,20.89,0.0,0.0,9365.54,True,1921,40129.69,13062.5,0.0,75830.99,129023.18,138388.72,,
2025-03-10,2025-03-14,75830.99,131744.58,9365.54,HELD,0,,,HELD_15PCT_CHECK,,,,,,,,,27.0,2025-05-16,19,NONE,,,0,,,,,,,65.2607,19.66,-69.87,19.79,0.0,0.0,9365.54,True,1921,38016.59,15295.0,0.0,75830.99,129142.58,138508.12,,
2025-03-17,2025-03-21,75830.99,128492.28,9365.54,HELD,0,,,HELD_15PCT_CHECK,,,,,,,,,27.0,2025-05-16,19,NONE,,,0,,,,,,,65.2607,19.23,-70.53,19.24,0.0,0.0,9365.54,True,1921,36960.04,15580.0,0.0,75830.99,128371.03,137736.57,,
2025-03-24,2025-03-28,75830.99,128638.98,9365.54,HELD,0,,,HELD_15PCT_CHECK,,,,,,,,,27.0,2025-05-16,19,NONE,,,0,,,,,,,65.2607,15.96,-75.54,16.01,0.0,0.0,9365.54,True,1921,30755.21,20947.5,0.0,75830.99,127533.7,136899.24,,
2025-03-31,2025-04-04,75830.99,124207.59,9365.54,HELD,0,,,HELD_15PCT_CHECK,,,,,,,,,27.0,2025-05-16,19,NONE,,,0,,,,,,,65.2607,9.13,-86.01,8.72,0.0,0.0,9365.54,True,1921,16751.12,34437.5,0.0,75830.99,127019.61,136385.15,,
2025-04-07,2025-04-11,75830.99,123931.37,9365.54,HELD,0,,,HELD_15PCT_CHECK,,,,,,,,,27.0,2025-05-16,19,NONE,,,0,,,,,,,65.2607,10.28,-84.25,10.25,0.0,0.0,9365.54,True,1921,19690.25,31920.0,0.0,75830.99,127441.24,136806.78,,
2025-04-14,2025-04-17,75830.99,128330.15,9365.54,HELD,0,,,HELD_15PCT_CHECK,,,,,,,,,27.0,2025-05-16,19,NONE,,,0,,,,,,,65.2607,9.12,-86.03,9.18,0.0,0.0,9365.54,True,1921,17634.78,32537.5,0.0,75830.99,126003.27,135368.81,,
2025-04-21,2025-04-25,75830.99,127636.06,9365.54,HELD,0,,,HELD_15PCT_CHECK,,,,,,,,,27.0,2025-05-16,19,NONE,,,0,,,,,,,65.2607,12.28,-81.18,12.33,0.0,0.0,9365.54,True,1921,23685.93,27407.5,0.0,75830.99,126924.42,136289.96,,
2025-04-28,2025-05-02,75830.99,127272.98,9365.54,HELD,0,,,HELD_15PCT_CHECK,,,,,,,,,27.0,2025-05-16,19,NONE,,,0,,,,,,,65.2607,13.41,-79.45,13.32,0.0,0.0,9365.54,True,1921,25587.72,26030.0,0.0,75830.99,127448.71,136814.25,,
2025-05-05,2025-05-09,75830.99,128317.67,9365.54,HELD,0,,,HELD_15PCT_CHECK,,,,,,,,,27.0,2025-05-16,19,NONE,,,0,,,,,,,65.2607,14.16,-78.3,14.09,0.0,0.0,9365.54,True,1921,27066.89,24177.5,0.0,75830.99,127075.38,136440.92,,
2025-05-12,2025-05-16,75830.99,127353.52,9365.54,HELD,0,,,EXPIRED_ITM_SOLD_AT_INTRINSIC,,,8.61,16359.0,,,4180.0,,27.0,2025-05-16,19,NONE,,,0,,,,,,,65.2607,18.34,-71.9,18.39,4180.0,418.0,9783.54,True,1921,35327.19,0.0,0.0,91771.99,127099.18,136882.72,,
2025-05-19,2025-05-23,91771.99,125005.29,9783.54,HELD,0,,,HELD,,,,,,,,,,,0,NONE,,,0,,,,,,,65.2607,15.77,-75.84,15.72,0.0,0.0,9783.54,True,1921,30198.12,0.0,0.0,91771.99,121970.11,131753.65,,
2025-05-27,2025-05-30,91771.99,123410.86,9783.54,HELD,0,,,BUY+HELD_15PCT_CHECK,3.73,7087.0,,,,,,OPTIMAL SCAN of 1 exps 120-180d: chose dte=178 K=16.0 cost/day=0.0210 (worst: dte=178 0.0210); REAL QUOTE bid=3.65 ask=3.75 exp=2025-11-21,16.0,2025-11-21,19,NONE,,,0,,,,,,,65.2607,16.31,-75.01,16.15,0.0,0.0,9783.54,True,1921,31024.15,7505.0,0.0,84684.99,123214.14,132997.68,,
2025-06-02,2025-06-06,84684.99,123116.36,9783.54,HELD,0,,,HELD_15PCT_CHECK,,,,,,,,,16.0,2025-11-21,19,NONE,,,0,,,,,,,65.2607,19.32,-70.4,19.17,0.0,0.0,9783.54,True,1921,36825.57,5529.0,0.0,84684.99,127039.56,136823.1,,
2025-06-09,2025-06-13,84684.99,128631.84,9783.54,HELD,0,,,HELD_15PCT_CHECK,,,,,,,,,16.0,2025-11-21,19,NONE,,,0,,,,,,,65.2607,20.02,-69.32,20.03,0.0,0.0,9783.54,True,1921,38477.63,5196.5,0.0,84684.99,128359.12,138142.66,,
2025-06-16,2025-06-20,84684.99,129815.46,9783.54,HELD,0,,,HELD_15PCT_CHECK,,,,,,,,,16.0,2025-11-21,19,NONE,,,0,,,,,,,65.2607,21.12,-67.64,21.21,0.0,0.0,9783.54,True,1921,40744.41,4883.0,0.0,84684.99,130312.4,140095.94,,
2025-06-23,2025-06-27,84684.99,129885.95,9783.54,HELD,0,,,HELD_15PCT_CHECK,,,,,,,,,16.0,2025-11-21,19,NONE,,,0,,,,,,,65.2607,24.73,-62.11,25.09,0.0,0.0,9783.54,True,1921,48197.89,3192.0,0.0,84684.99,136074.88,145858.42,,
2025-06-30,2025-07-03,84684.99,135414.76,9783.54,HELD,0,,,HELD_15PCT_CHECK,,,,,,,,,16.0,2025-11-21,19,NONE,,,0,,,,,,,65.2607,26.47,-59.44,26.45,0.0,0.0,9783.54,True,1921,50810.45,2698.0,0.0,84684.99,138193.44,147976.98,,
2025-07-07,2025-07-11,84684.99,137113.9,9783.54,HELD,0,,,HELD_15PCT_CHECK,,,,,,,,,16.0,2025-11-21,19,NONE,,,0,,,,,,,65.2607,27.32,-58.14,27.25,0.0,0.0,9783.54,True,1921,52347.25,2270.5,0.0,84684.99,139302.74,149086.28,,
2025-07-14,2025-07-18,84684.99,136555.29,9783.54,HELD,0,,,HELD_15PCT_CHECK,,,,,,,,,16.0,2025-11-21,19,NONE,,,0,,,,,,,65.2607,27.42,-57.98,27.35,0.0,0.0,9783.54,True,1921,52539.35,2251.5,0.0,84684.99,139475.84,149259.38,,
2025-07-21,2025-07-25,84684.99,140418.81,9783.54,HELD,0,,,HELD_15PCT_CHECK,,,,,,,,,16.0,2025-11-21,19,NONE,,,0,,,,,,,65.2607,25.5,-60.93,25.58,0.0,0.0,9783.54,True,1921,49139.18,2071.0,0.0,84684.99,135895.17,145678.71,,
2025-07-28,2025-08-01,84684.99,137597.46,9783.54,HELD,0,,,HELD_15PCT_CHECK,,,,,,,,,16.0,2025-11-21,19,NONE,,,0,,,,,,,65.2607,23.98,-63.26,24.07,0.0,0.0,9783.54,True,1921,46238.47,2831.0,0.0,84684.99,133754.46,143538.0,,
2025-08-04,2025-08-08,84684.99,134067.7,9783.54,HELD,0,,,HELD_15PCT_CHECK,,,,,,,,,16.0,2025-11-21,19,NONE,,,0,,,,,,,65.2607,25.69,-60.63,25.72,0.0,0.0,9783.54,True,1921,49408.12,1919.0,0.0,84684.99,136012.11,145795.65,,
2025-08-11,2025-08-15,84684.99,137136.42,9783.54,HELD,0,,,HELD_15PCT_CHECK,,,,,,,,,16.0,2025-11-21,19,NONE,,,0,,,,,,,65.2607,27.4,-58.01,27.31,0.0,0.0,9783.54,True,1921,52462.51,1643.5,0.0,84684.99,138791.0,148574.54,,
2025-08-18,2025-08-22,84684.99,138773.47,9783.54,HELD,0,,,HELD_15PCT_CHECK,,,,,,,,,16.0,2025-11-21,19,NONE,,,0,,,,,,,65.2607,27.66,-57.62,27.43,0.0,0.0,9783.54,True,1921,52693.03,1482.0,0.0,84684.99,138860.02,148643.56,,
2025-08-25,2025-08-29,84684.99,138530.3,9783.54,HELD,0,,,HELD_15PCT_CHECK,,,,,,,,,16.0,2025-11-21,19,NONE,,,0,,,,,,,65.2607,25.95,-60.24,26.04,0.0,0.0,9783.54,True,1921,50022.84,1463.0,0.0,84684.99,136170.83,145954.37,,
2025-09-02,2025-09-05,84684.99,132528.54,9783.54,HELD,0,,,HELD_15PCT_CHECK,,,,,,,,,16.0,2025-11-21,19,NONE,,,0,,,,,,,65.2607,26.5,-59.39,26.52,0.0,0.0,9783.54,True,1921,50944.92,1244.5,0.0,84684.99,136874.41,146657.95,,
2025-09-08,2025-09-12,84684.99,137816.96,9783.54,HELD,0,,,HELD_15PCT_CHECK,,,,,,,,,16.0,2025-11-21,19,NONE,,,0,,,,,,,65.2607,29.4,-54.95,29.26,0.0,0.0,9783.54,True,1921,56208.46,1159.0,0.0,84684.99,142052.45,151835.99,,
2025-09-15,2025-09-19,84684.99,141745.3,9783.54,HELD,0,,,HELD_15PCT_CHECK,,,,,,,,,16.0,2025-11-21,19,NONE,,,0,,,,,,,65.2607,32.96,-49.49,32.97,0.0,0.0,9783.54,True,1921,63335.37,579.5,0.0,84684.99,148599.86,158383.4,,
2025-09-22,2025-09-26,84684.99,150185.21,9783.54,HELD,0,,,HELD_15PCT_CHECK,,,,,,,,,16.0,2025-11-21,19,NONE,,,0,,,,,,,65.2607,34.0,-47.9,33.99,0.0,0.0,9783.54,True,1921,65294.79,484.5,0.0,84684.99,150464.28,160247.82,,
2025-09-29,2025-10-03,84684.99,152903.32,9783.54,HELD,0,,,HELD_15PCT_CHECK,,,,,,,,,16.0,2025-11-21,19,NONE,,,0,,,,,,,65.2607,38.36,-41.22,38.23,0.0,0.0,9783.54,True,1921,73439.83,494.0,0.0,84684.99,158618.82,168402.36,,
2025-10-06,2025-10-10,84684.99,166908.88,9783.54,HELD,0,,,HELD_15PCT_CHECK,,,,,,,,,16.0,2025-11-21,19,NONE,,,0,,,,,,,65.2607,35.33,-45.86,34.21,0.0,0.0,9783.54,True,1921,65717.41,494.0,0.0,84684.99,150896.4,160679.94,,
2025-10-13,2025-10-17,84684.99,157544.11,9783.54,HELD,0,,,HELD_15PCT_CHECK,,,,,,,,,16.0,2025-11-21,19,SOLD,65.0,2025-10-17,19,0.058,110.2,,110.2,EXPIRED_WORTHLESS@2025-10-17(close 40.18),REAL QUOTE bid=0.0 ask=0.29 K=65.0 exp=2025-10-17 dte=4; ZERO BID (deep OTM),65.2607,40.32,-38.22,40.18,110.2,11.02,9794.56,True,1921,77185.78,437.0,0.0,84784.17,162406.95,172201.51,,
2025-10-20,2025-10-24,84784.17,166018.85,9794.56,HELD,0,,,HELD_15PCT_CHECK,,,,,,,,,16.0,2025-11-21,19,SOLD,65.0,2025-10-24,19,0.002,3.8,,3.8,EXPIRED_WORTHLESS@2025-10-24(close 43.16),REAL QUOTE bid=0.0 ask=0.01 K=65.0 exp=2025-10-24 dte=4; ZERO BID (deep OTM),65.2607,43.66,-33.1,43.16,3.8,0.38,9794.94,True,1921,82910.36,285.0,0.0,84787.59,167982.95,177777.89,,
2025-10-27,2025-10-31,84787.59,172872.42,9794.94,HELD,0,,,HELD_15PCT_CHECK,,,,,,,,,16.0,2025-11-21,19,SOLD,65.0,2025-10-31,19,0.004,7.6,,7.6,EXPIRED_WORTHLESS@2025-10-31(close 47.71),REAL QUOTE bid=0.0 ask=0.02 K=65.0 exp=2025-10-31 dte=4; ZERO BID (deep OTM),65.2607,48.52,-25.65,47.71,7.6,0.76,9795.7,True,1921,91650.91,190.0,0.0,84794.43,176635.34,186431.04,,
2025-11-03,2025-11-07,84794.43,179997.93,9795.7,HELD,0,,,HELD_15PCT_CHECK,,,,,,,,,16.0,2025-11-21,19,SOLD,65.0,2025-11-07,19,0.018,34.2,,34.2,EXPIRED_WORTHLESS@2025-11-07(close 41.73),REAL QUOTE bid=0.01 ask=0.05 K=65.0 exp=2025-11-07 dte=4,65.2607,40.06,-38.62,41.73,34.2,3.42,9799.12,True,1921,80163.33,133.0,0.0,84825.21,165121.54,174920.66,,
2025-11-10,2025-11-14,84825.21,171884.51,9799.12,HELD,0,,,HELD_15PCT_CHECK,,,,,,,,,16.0,2025-11-21,19,SOLD,65.0,2025-11-14,19,0.006,11.4,,11.4,EXPIRED_WORTHLESS@2025-11-14(close 38.86),REAL QUOTE bid=0.0 ask=0.03 K=65.0 exp=2025-11-14 dte=4; ZERO BID (deep OTM),65.2607,39.01,-40.22,38.86,11.4,1.14,9800.26,True,1921,74650.06,28.5,0.0,84835.47,159514.03,169314.29,,
2025-11-17,2025-11-21,84835.47,159552.45,9800.26,HELD,0,,,EXPIRED_WORTHLESS,,,0.0,0.0,,,-7087.0,,16.0,2025-11-21,19,SOLD,65.0,2025-11-21,19,0.004,7.6,,7.6,EXPIRED_WORTHLESS@2025-11-21(close 31.70),REAL QUOTE bid=0.0 ask=0.02 K=65.0 exp=2025-11-21 dte=4; ZERO BID (deep OTM),65.2607,32.2,-50.66,31.7,-7079.4,0.0,9800.26,True,1921,60895.7,0.0,0.0,84843.07,145738.77,155539.03,,
2025-11-24,2025-11-28,84843.07,149715.24,9800.26,HELD,0,,,BUY+HELD_15PCT_CHECK,9.16,17404.0,,,,,,OPTIMAL SCAN of 1 exps 120-180d: chose dte=172 K=34.0 cost/day=0.0533 (worst: dte=172 0.0533); REAL QUOTE bid=8.6 ask=9.3 exp=2026-05-15,34.0,2026-05-15,19,SOLD,65.0,2025-11-28,19,0.008,15.2,,15.2,EXPIRED_WORTHLESS@2025-11-28(close 41.30),REAL QUOTE bid=0.0 ask=0.04 K=65.0 exp=2025-11-28 dte=4; ZERO BID (deep OTM),65.2607,40.77,-37.53,41.3,15.2,1.52,9801.78,True,1921,79337.3,14915.0,0.0,67452.75,161705.05,171506.83,,
2025-12-01,2025-12-05,67452.75,157712.89,9801.78,HELD,0,,,HELD_15PCT_CHECK,,,,,,,,,34.0,2026-05-15,19,SOLD,65.0,2025-12-05,19,0.008,15.2,,15.2,EXPIRED_WORTHLESS@2025-12-05(close 46.51),REAL QUOTE bid=0.0 ask=0.04 K=65.0 exp=2025-12-05 dte=4; ZERO BID (deep OTM),65.2607,47.01,-27.97,46.51,15.2,1.52,9803.3,True,1921,89345.71,11162.5,0.0,67466.43,167974.64,177777.94,,
2025-12-08,2025-12-12,67466.43,170729.02,9803.3,HELD,0,,,HELD_15PCT_CHECK,,,,,,,,,34.0,2026-05-15,19,SOLD,65.0,2025-12-12,19,0.026,49.4,,49.4,EXPIRED_WORTHLESS@2025-12-12(close 41.70),REAL QUOTE bid=0.02 ask=0.05 K=65.0 exp=2025-12-12 dte=4,65.2607,41.54,-36.35,41.7,49.4,4.94,9808.24,True,1921,80105.7,11970.0,0.0,67510.89,159586.59,169394.83,,
2025-12-15,2025-12-19,67510.89,161799.94,9808.24,HELD,0,,,HELD_15PCT_CHECK,,,,,,,,,34.0,2026-05-15,19,SOLD,65.0,2025-12-19,19,0.002,3.8,,3.8,EXPIRED_WORTHLESS@2025-12-19(close 41.79),REAL QUOTE bid=0.0 ask=0.01 K=65.0 exp=2025-12-19 dte=4; ZERO BID (deep OTM),65.2607,42.3,-35.18,41.79,3.8,0.38,9808.62,True,1921,80278.59,11162.5,0.0,67514.31,158955.4,168764.02,,
2025-12-22,2025-12-26,67514.31,161250.84,9808.62,HELD,0,,,HELD_15PCT_CHECK,,,,,,,,,34.0,2026-05-15,19,SOLD,65.0,2025-12-26,19,0.008,15.2,,15.2,EXPIRED_WORTHLESS@2025-12-26(close 44.19),REAL QUOTE bid=0.0 ask=0.04 K=65.0 exp=2025-12-26 dte=4; ZERO BID (deep OTM),65.2607,44.39,-31.98,44.19,15.2,1.52,9810.14,True,1921,84888.99,9690.0,0.0,67527.99,162106.98,171917.12,,
2025-12-29,2026-01-02,67527.99,159763.73,9810.14,HELD,0,,,HELD_15PCT_CHECK,,,,,,,,,34.0,2026-05-15,19,SOLD,65.0,2026-01-02,19,0.002,3.8,,3.8,EXPIRED_WORTHLESS@2026-01-02(close 47.27),REAL QUOTE bid=0.0 ask=0.01 K=65.0 exp=2026-01-02 dte=4; ZERO BID (deep OTM),65.2607,47.92,-26.57,47.27,3.8,0.38,9810.52,True,1921,90805.67,8835.0,0.0,67531.41,167172.08,176982.6,,
2026-01-05,2026-01-09,67531.41,173688.47,9810.52,HELD,0,,,HELD_15PCT_CHECK,,,,,,,,,34.0,2026-05-15,19,SOLD,65.0,2026-01-09,19,0.022,41.8,,41.8,EXPIRED_WORTHLESS@2026-01-09(close 53.91),REAL QUOTE bid=0.01 ask=0.07 K=65.0 exp=2026-01-09 dte=4,65.2607,54.49,-16.5,53.91,41.8,4.18,9814.7,True,1921,103561.11,7011.0,0.0,67569.03,178141.14,187955.84,,
2026-01-12,2026-01-16,67569.03,177933.45,9814.7,HELD,0,,,HELD,,,,,,,,,34.0,2026-05-15,19,SOLD,65.0,2026-01-16,19,0.102,193.8,,193.8,EXPIRED_WORTHLESS@2026-01-16(close 60.72),REAL QUOTE bid=0.1 ask=0.11 K=65.0 exp=2026-01-16 dte=4,65.2607,60.98,-6.56,60.72,193.8,19.38,9834.08,True,1921,116643.12,6184.5,0.0,67743.45,190571.07,200405.15,,
2026-01-20,2026-01-23,67743.45,188807.16,9834.08,HELD,0,,,HELD,,,,,,,,,34.0,2026-05-15,19,SOLD,65.0,2026-01-23,19,0.304,577.6,,577.6,EXPIRED_WORTHLESS@2026-01-23(close 61.55),REAL QUOTE bid=0.25 ask=0.52 K=65.0 exp=2026-01-23 dte=3,65.2607,60.34,-7.54,61.55,577.6,57.76,9891.84,True,1921,118237.55,5177.5,0.0,68263.29,191678.34,201570.18,,
2026-01-26,2026-01-30,68263.29,189737.71,9891.84,HELD,0,,,HELD,,,,,,,,,34.0,2026-05-15,19,SOLD,65.0,2026-01-30,19,1.162,2207.8,,2207.8,EXPIRED_WORTHLESS@2026-01-30(close 61.79),REAL QUOTE bid=1.14 ask=1.25 K=65.0 exp=2026-01-30 dte=4,65.2607,60.66,-7.05,61.79,2207.8,220.78,10112.62,True,1921,118698.59,5557.5,0.0,70250.31,194506.4,204619.02,,
2026-02-02,2026-02-06,70250.31,194874.75,10112.62,HELD,0,,,HELD,,,,,,,,,34.0,2026-05-15,19,SOLD,65.0,2026-02-06,19,3.34,6346.0,,6346.0,EXPIRED_WORTHLESS@2026-02-06(close 61.76),REAL QUOTE bid=3.2 ask=3.9 K=65.0 exp=2026-02-06 dte=4,65.2607,61.86,-5.21,61.76,6346.0,634.6,10747.22,True,1921,118640.96,5491.0,0.0,75961.71,200093.67,210840.89,,
2026-02-09,2026-02-13,75961.71,198193.61,10747.22,HELD,0,,,HELD,,,,,,,,,34.0,2026-05-15,19,SOLD,65.0,2026-02-13,19,3.01,5719.0,,5719.0,EXPIRED_WORTHLESS@2026-02-13(close 64.59),REAL QUOTE bid=2.9 ask=3.45 K=65.0 exp=2026-02-13 dte=4,65.2607,64.2,-1.63,64.59,5719.0,571.9,11319.12,True,1921,124077.39,5092.0,0.0,81108.81,210278.2,221597.32,,
2026-02-17,2026-02-20,81108.81,207329.78,11319.12,ASSIGNED,0,,,HELD,,,,,,,,,34.0,2026-05-15,19,SOLD,65.0,2026-02-20,19,2.828,5373.2,,5373.2,ASSIGNED@2026-02-20(close 67.11),REAL QUOTE bid=2.79 ask=2.98 K=65.0 exp=2026-02-20 dte=3,65.2607,66.57,2.01,67.11,4877.86,487.79,11806.9,True,21,1409.31,4370.0,0.0,209494.23,215273.54,227080.44,1900.0,-495.34
2026-02-23,2026-02-27,209494.23,215073.46,11806.9,BUY,2352,66.63,156713.76,HELD,,,,,,,,,34.0,2026-05-15,19,SOLD,67.0,2026-02-27,23,2.952,6789.6,,6789.6,EXPIRED_WORTHLESS@2026-02-27(close 62.77),REAL QUOTE bid=2.84 ask=3.4 K=67.0 exp=2026-02-27 dte=4,66.6179,62.55,-6.11,62.77,6789.6,678.96,12485.86,True,2373,148953.21,5073.0,0.0,58891.11,212917.32,225403.18,,
2026-03-02,2026-03-06,58891.11,206486.01,12485.86,HELD,0,,,HELD_15PCT_CHECK,,,,,,,,,34.0,2026-05-15,19,SOLD,66.5,2026-03-06,23,1.654,3804.2,,3804.2,EXPIRED_WORTHLESS@2026-03-06(close 47.88),REAL QUOTE bid=1.55 ask=2.07 K=66.5 exp=2026-03-06 dte=4,66.6179,47.62,-28.52,47.88,3804.2,380.42,12866.28,True,2373,113619.24,8692.5,0.0,62314.89,184626.63,197492.91,,
2026-03-09,2026-03-13,62314.89,178146.7,12866.28,HELD,0,,,HELD_15PCT_CHECK,,,,,,,,,34.0,2026-05-15,19,SOLD,66.5,2026-03-13,23,0.06,138.0,,138.0,EXPIRED_WORTHLESS@2026-03-13(close 50.73),REAL QUOTE bid=0.02 ask=0.22 K=66.5 exp=2026-03-13 dte=4,66.6179,50.36,-24.4,50.73,138.0,13.8,12880.08,True,2373,120382.29,6450.5,0.0,62439.09,189271.88,202151.96,,
2026-03-16,2026-03-20,62439.09,197993.82,12880.08,HELD,0,,,HELD_15PCT_CHECK,,,,,,,,,34.0,2026-05-15,19,SOLD,66.5,2026-03-20,23,0.198,455.4,,455.4,EXPIRED_WORTHLESS@2026-03-20(close 51.14),REAL QUOTE bid=0.19 ask=0.23 K=66.5 exp=2026-03-20 dte=4,66.6179,49.21,-26.13,51.14,455.4,45.54,12925.62,True,2373,121355.22,6545.5,0.0,62848.95,190749.67,203675.29,,
2026-03-23,2026-03-27,62848.95,196324.78,12925.62,HELD,0,,,HELD_15PCT_CHECK,,,,,,,,,34.0,2026-05-15,19,SOLD,67.0,2026-03-27,23,0.138,317.4,,317.4,EXPIRED_WORTHLESS@2026-03-27(close 46.60),REAL QUOTE bid=0.13 ask=0.17 K=67.0 exp=2026-03-27 dte=4,66.6179,46.14,-30.74,46.6,317.4,31.74,12957.36,True,2373,110581.8,6602.5,0.0,63134.61,180318.91,193276.27,,
2026-03-30,2026-04-02,63134.61,183191.56,12957.36,HELD,0,,,HELD_15PCT_CHECK,,,,,,,,,34.0,2026-05-15,19,SOLD,66.5,2026-04-02,23,0.018,41.4,,41.4,EXPIRED_WORTHLESS@2026-04-02(close 52.74),REAL QUOTE bid=0.0 ask=0.09 K=66.5 exp=2026-04-02 dte=3; ZERO BID (deep OTM); 2026-04-02 weekly (holiday week),66.6179,52.38,-21.37,52.74,41.4,4.14,12961.5,True,2373,125152.02,3885.5,0.0,63171.87,192209.39,205170.89,,
2026-04-06,2026-04-10,63171.87,197638.31,12961.5,ASSIGNED,0,,,HELD,,,,,,,,,34.0,2026-05-15,19,SOLD,66.5,2026-04-10,23,0.188,432.4,,432.4,ASSIGNED@2026-04-10(close 76.38),REAL QUOTE bid=0.18 ask=0.22 K=66.5 exp=2026-04-10 dte=4,66.6179,77.62,16.52,76.38,161.27,16.13,12977.63,True,73,5575.74,988.0,0.0,216538.14,223101.88,236079.51,2300.0,-271.13
2026-04-13,2026-04-17,216538.14,223084.3,12977.63,BUY+ASSIGNED,2093,76.92,160993.56,ROLLED,,,0.178,338.2,26.64,50616.0,-17065.8,sold K=34.0 exp=2026-05-15 (REAL QUOTE bid=0.15 ask=0.29); OPTIMAL SCAN of 2 exps 120-180d: chose dte=154 K=95.0 cost/day=0.1730 (worst: dte=126 0.1851); REAL QUOTE bid=25.6 ask=26.9 exp=2026-09-18,95.0,2026-09-18,19,SOLD,77.0,2026-04-17,21,6.13,12873.0,,12873.0,ASSIGNED@2026-04-17(close 94.72),REAL QUOTE bid=5.8500000000000005 ask=7.25 K=77.0 exp=2026-04-17 dte=4,76.5728,93.14,21.64,94.72,-3295.66,0.0,12977.63,True,66,6251.52,49875.0,0.0,179839.78,235966.3,248943.93,2100.0,897.14
2026-04-20,2026-04-24,179839.78,235123.86,12977.63,BUY+ASSIGNED,1393,95.63,133212.59,ROLLED,,,18.53,35207.0,39.5,75050.0,-15409.0,sold K=95.0 exp=2026-09-18 (REAL QUOTE bid=18.05 ask=20.45); OPTIMAL SCAN of 1 exps 120-180d: chose dte=147 K=130.0 cost/day=0.2687 (worst: dte=147 0.2687); REAL QUOTE bid=36.7 ask=40.2 exp=2026-09-18,130.0,2026-09-18,19,SOLD,95.0,2026-04-24,14,5.14,7196.0,,7196.0,ASSIGNED@2026-04-24(close 128.25),REAL QUOTE bid=5.1000000000000005 ask=5.3 K=95.0 exp=2026-04-24 dte=4,94.7679,127.88,34.94,128.25,-7888.09,0.0,12977.63,True,59,7566.75,73055.0,0.0,146980.19,227601.94,240579.57,1400.0,324.91
2026-04-27,2026-05-01,146980.19,229329.35,12977.63,BUY+ASSIGNED,848,127.74,108323.52,HELD,,,,,,,,,130.0,2026-09-18,19,SOLD,126.0,2026-05-01,9,6.18,5562.0,,5562.0,ASSIGNED@2026-05-01(close 130.33),REAL QUOTE bid=6.0 ask=6.9 K=126.0 exp=2026-05-01 dte=4,125.5952,131.12,4.4,130.33,5926.34,592.63,13570.26,True,7,912.31,67497.5,0.0,157026.04,225435.85,239006.11,900.0,364.34
2026-05-04,2026-05-08,157026.04,227673.25,13570.26,BUY+ASSIGNED,897,131.03,117533.91,ROLLED,,,26.44,50236.0,51.8,93240.0,-24814.0,sold K=130.0 exp=2026-09-18 (REAL QUOTE bid=25.9 ask=28.6); OPTIMAL SCAN of 1 exps 120-180d: chose dte=133 K=175.0 cost/day=0.3895 (worst: dte=133 0.3895); REAL QUOTE bid=50.0 ask=52.25 exp=2026-09-18; TRIMMED to 18 contracts to fit cash,175.0,2026-09-18,19,SOLD,131.0,2026-05-08,9,5.18,4662.0,,4662.0,ASSIGNED@2026-05-08(close 177.44),REAL QUOTE bid=4.9 ask=6.3 K=131.0 exp=2026-05-08 dte=4,130.9879,174.37,33.12,177.44,-20141.12,0.0,13570.26,True,4,709.76,92025.0,0.0,119050.13,211784.89,225355.15,900.0,10.88
2026-05-11,2026-05-15,119050.13,207865.49,13570.26,BUY,474,187.59,88917.66,HELD,,,,,,,,,175.0,2026-09-18,18,SOLD,187.0,2026-05-15,4,12.72,5088.0,,5088.0,EXPIRED_WORTHLESS@2026-05-15(close 164.23),REAL QUOTE bid=12.0 ask=15.6 K=187.0 exp=2026-05-15 dte=4,187.1163,168.21,-10.1,164.23,5088.0,508.8,14079.06,True,478,78501.94,103005.0,0.0,34711.67,216218.61,230297.67,,
2026-05-18,2026-05-22,34711.67,226702.33,14079.06,ASSIGNED,0,,,HELD,,,,,,,,,175.0,2026-09-18,18,SOLD,187.0,2026-05-22,4,1.604,641.6,,641.6,ASSIGNED@2026-05-22(close 190.61),REAL QUOTE bid=1.47 ask=2.14 K=187.0 exp=2026-05-22 dte=4,187.1163,189.52,1.28,190.61,595.06,59.51,14138.57,True,78,14867.58,84240.0,0.0,110093.76,209201.34,223339.91,400.0,-46.54
2026-05-26,2026-05-29,110093.76,199541.76,14138.57,BUY+ASSIGNED,371,211.0,78281.0,HELD,,,,,,,,,175.0,2026-09-18,18,SOLD,207.5,2026-05-29,4,23.91,9564.0,,9564.0,ASSIGNED@2026-05-29(close 224.06),REAL QUOTE bid=23.25 ask=26.55 K=207.5 exp=2026-05-29 dte=3,206.8509,221.16,6.92,224.06,9823.62,982.36,15120.93,True,49,10978.94,75420.0,0.0,123394.4,209793.34,224914.27,400.0,259.62
2026-06-01,2026-06-05,123394.4,210721.44,15120.93,BUY,406,220.96,89709.76,HELD,,,,,,,,,175.0,2026-09-18,18,SOLD,220.0,2026-06-05,4,18.6,7440.0,,7440.0,EXPIRED_WORTHLESS@2026-06-05(close 182.11),REAL QUOTE bid=18.2 ask=20.2 K=220.0 exp=2026-06-05 dte=4,219.4406,193.95,-11.62,182.11,7440.0,744.0,15864.93,True,455,82860.05,101295.0,0.0,40380.64,224535.69,240400.62,,
2026-06-08,2026-06-12,40380.64,218717.74,15864.93,ASSIGNED,0,,,HELD,,,,,,,,,175.0,2026-09-18,18,SOLD,220.0,2026-06-12,4,14.12,5648.0,,5648.0,ASSIGNED@2026-06-12(close 234.48),REAL QUOTE bid=13.85 ask=15.2 K=220.0 exp=2026-06-12 dte=4,219.4406,236.62,7.83,234.48,5871.77,587.18,16452.11,True,55,12896.4,79695.0,0.0,133441.46,226032.86,242484.97,400.0,223.77
2026-06-15,2026-06-18,133441.46,212555.51,16452.11,BUY+ASSIGNED,367,262.71,96414.57,HELD,,,,,,,,,175.0,2026-09-18,18,SOLD,257.5,2026-06-18,4,25.82,10328.0,,10328.0,ASSIGNED@2026-06-18(close 279.47),REAL QUOTE bid=25.1 ask=28.7 K=257.5 exp=2026-06-18 dte=3; 2026-06-18 weekly (holiday week),257.0706,281.44,9.48,279.47,10499.75,1049.98,17502.08,True,22,6148.34,64845.0,0.0,149304.92,220298.26,237800.34,400.0,171.75
2026-06-22,2026-06-26,149304.92,213213.7,17502.08,BUY,371,296.99,110183.29,HELD_15PCT_CHECK,,,,,,,,,175.0,2026-09-18,18,SOLD,295.0,2026-06-26,3,27.78,8334.0,,8334.0,EXPIRED_WORTHLESS@2026-06-26(close 215.10),REAL QUOTE bid=27.1 ask=30.5 K=295.0 exp=2026-06-26 dte=4,294.7553,217.29,-26.28,215.1,8334.0,833.4,18335.48,True,393,84534.3,83745.0,0.0,46622.23,214901.53,233237.01,,
2026-06-29,2026-07-02,46622.23,204521.2,18335.48,HELD,0,,,HELD_15PCT_CHECK,,,,,,,,,175.0,2026-09-18,18,SOLD,295.0,2026-07-02,3,1.336,400.8,,400.8,EXPIRED_WORTHLESS@2026-07-02(close 181.03),REAL QUOTE bid=1.2 ask=1.88 K=295.0 exp=2026-07-02 dte=3; 2026-07-02 weekly (holiday week),294.7553,173.59,-41.11,181.03,400.8,40.08,18375.56,True,393,71144.79,94275.0,0.0,46982.95,212402.74,230778.3,,
