final_equity,total_ret_pct,cagr_pct,max_dd_pct,avg_deployed_pct,wins,stalls,soxs_pnl,target,stall,mode,sizing
449245.0,199.5,27.7,-86.8,88.1,2449,445,0.0,1.0,1,none,half_cash
185995.0,24.0,4.9,-91.3,100.0,2449,445,0.0,1.0,1,stop,full
151716.0,1.1,0.3,-80.3,87.8,2346,419,-97300.0,1.0,1,soxs_recover,half_cash
337653.0,125.1,19.8,-76.4,88.4,2409,438,-137030.0,1.0,1,soxs_fixed5,half_cash
145133.0,-3.2,-0.7,-50.1,91.4,1851,312,-279155.0,1.0,1,soxs_lot,half_cash
384569.0,156.4,23.3,-83.2,81.7,1882,243,0.0,1.0,2,none,half_cash
171106.0,14.1,3.0,-93.5,100.0,1882,243,0.0,1.0,2,stop,full
204070.0,36.0,7.1,-76.2,81.9,1874,240,-93249.0,1.0,2,soxs_recover,half_cash
294125.0,96.1,16.2,-74.1,81.9,1884,242,-103328.0,1.0,2,soxs_fixed5,half_cash
102767.0,-31.5,-8.1,-60.2,86.8,1524,195,-149670.0,1.0,2,soxs_lot,half_cash
400078.0,166.7,24.4,-82.1,76.2,1609,157,0.0,1.0,3,none,half_cash
228303.0,52.2,9.8,-91.5,100.0,1609,157,0.0,1.0,3,stop,full
183346.0,22.2,4.6,-77.9,76.8,1604,157,-68644.0,1.0,3,soxs_recover,half_cash
283751.0,89.2,15.2,-70.1,76.6,1613,157,-80608.0,1.0,3,soxs_fixed5,half_cash
78774.0,-47.5,-13.4,-66.3,83.6,1498,146,-140549.0,1.0,3,soxs_lot,half_cash
540103.0,260.1,33.0,-76.7,71.8,1519,121,0.0,1.0,4,none,half_cash
143574.0,-4.3,-1.0,-93.7,100.0,1519,121,0.0,1.0,4,stop,full
195583.0,30.4,6.1,-71.7,71.9,1514,121,-99042.0,1.0,4,soxs_recover,half_cash
250247.0,66.8,12.1,-68.4,73.4,1519,121,-135963.0,1.0,4,soxs_fixed5,half_cash
79883.0,-46.7,-13.1,-60.2,79.8,1483,116,-191943.0,1.0,4,soxs_lot,half_cash
356329.0,137.6,21.2,-76.5,68.7,1363,97,0.0,1.0,5,none,half_cash
231750.0,54.5,10.2,-91.4,100.0,1363,97,0.0,1.0,5,stop,full
86382.0,-42.4,-11.6,-84.9,69.3,1363,97,-64192.0,1.0,5,soxs_recover,half_cash
246302.0,64.2,11.7,-64.9,69.6,1363,97,-97656.0,1.0,5,soxs_fixed5,half_cash
99860.0,-33.4,-8.7,-60.8,76.7,1352,96,-133715.0,1.0,5,soxs_lot,half_cash
287453.0,91.6,15.6,-80.5,65.1,1128,76,0.0,1.0,7,none,half_cash
229496.0,53.0,9.9,-91.4,100.0,1128,76,0.0,1.0,7,stop,full
277017.0,84.7,14.6,-72.8,64.6,1125,76,-39230.0,1.0,7,soxs_recover,half_cash
492642.0,228.4,30.3,-59.4,64.4,1128,76,-71728.0,1.0,7,soxs_fixed5,half_cash
142972.0,-4.7,-1.1,-60.1,72.5,1121,75,-139872.0,1.0,7,soxs_lot,half_cash
440957.0,194.0,27.1,-87.1,88.4,1993,468,0.0,1.25,1,none,half_cash
225512.0,50.3,9.5,-90.5,100.0,1993,468,0.0,1.25,1,stop,full
156556.0,4.4,1.0,-81.4,88.1,1921,437,-91024.0,1.25,1,soxs_recover,half_cash
347251.0,131.5,20.5,-75.4,88.7,1937,453,-138082.0,1.25,1,soxs_fixed5,half_cash
186866.0,24.6,5.0,-43.5,91.5,1432,297,-347295.0,1.25,1,soxs_lot,half_cash
373378.0,148.9,22.5,-82.6,81.8,1568,248,0.0,1.25,2,none,half_cash
229475.0,53.0,9.9,-91.3,100.0,1568,248,0.0,1.25,2,stop,full
167774.0,11.8,2.5,-80.3,81.8,1547,248,-88544.0,1.25,2,soxs_recover,half_cash
340699.0,127.1,20.0,-74.3,82.1,1571,247,-111323.0,1.25,2,soxs_fixed5,half_cash
96967.0,-35.4,-9.3,-57.4,87.4,1311,203,-186407.0,1.25,2,soxs_lot,half_cash
426429.0,184.3,26.2,-81.5,76.9,1334,166,0.0,1.25,3,none,half_cash
232248.0,54.8,10.2,-90.7,100.0,1334,166,0.0,1.25,3,stop,full
178410.0,18.9,3.9,-75.8,77.4,1317,165,-72833.0,1.25,3,soxs_recover,half_cash
266584.0,77.7,13.7,-70.8,77.1,1334,166,-81654.0,1.25,3,soxs_fixed5,half_cash
72770.0,-51.5,-14.9,-67.4,84.1,1245,159,-128907.0,1.25,3,soxs_lot,half_cash
491469.0,227.6,30.2,-79.7,72.2,1243,123,0.0,1.25,4,none,half_cash
187919.0,25.3,5.1,-92.3,100.0,1243,123,0.0,1.25,4,stop,full
161988.0,8.0,1.7,-77.1,72.1,1243,123,-85723.0,1.25,4,soxs_recover,half_cash
256967.0,71.3,12.7,-70.1,73.7,1243,123,-129614.0,1.25,4,soxs_fixed5,half_cash
62428.0,-58.4,-17.7,-69.2,79.9,1184,116,-157186.0,1.25,4,soxs_lot,half_cash
375927.0,150.6,22.7,-76.7,68.7,1111,96,0.0,1.25,5,none,half_cash
245849.0,63.9,11.6,-91.0,100.0,1111,96,0.0,1.25,5,stop,full
98674.0,-34.2,-8.9,-82.3,68.8,1111,96,-71075.0,1.25,5,soxs_recover,half_cash
329183.0,119.5,19.1,-64.8,69.8,1111,96,-119125.0,1.25,5,soxs_fixed5,half_cash
110075.0,-26.6,-6.7,-56.1,76.7,1108,95,-152003.0,1.25,5,soxs_lot,half_cash
333107.0,122.1,19.4,-77.9,65.1,943,76,0.0,1.25,7,none,half_cash
252396.0,68.3,12.3,-91.4,100.0,943,76,0.0,1.25,7,stop,full
289582.0,93.1,15.8,-72.2,64.6,943,76,-47973.0,1.25,7,soxs_recover,half_cash
453956.0,202.6,28.0,-63.4,64.5,943,76,-81973.0,1.25,7,soxs_fixed5,half_cash
151944.0,1.3,0.3,-59.6,72.6,931,74,-155100.0,1.25,7,soxs_lot,half_cash
451128.0,200.8,27.8,-87.5,88.4,1715,469,0.0,1.5,1,none,half_cash
351934.0,134.6,20.9,-90.8,100.0,1715,469,0.0,1.5,1,stop,full
177586.0,18.4,3.8,-79.8,88.1,1611,435,-97971.0,1.5,1,soxs_recover,half_cash
322989.0,115.3,18.6,-76.4,88.8,1664,452,-144185.0,1.5,1,soxs_fixed5,half_cash
184462.0,23.0,4.7,-48.2,91.5,1306,309,-340600.0,1.5,1,soxs_lot,half_cash
425852.0,183.9,26.1,-83.2,81.7,1346,250,0.0,1.5,2,none,half_cash
349084.0,132.7,20.7,-91.1,100.0,1346,250,0.0,1.5,2,stop,full
215486.0,43.7,8.4,-77.0,81.8,1341,248,-102025.0,1.5,2,soxs_recover,half_cash
342487.0,128.3,20.2,-73.1,82.0,1352,249,-124557.0,1.5,2,soxs_fixed5,half_cash
68580.0,-54.3,-16.0,-70.5,87.4,1158,216,-149233.0,1.5,2,soxs_lot,half_cash
424774.0,183.2,26.1,-80.9,77.3,1143,170,0.0,1.5,3,none,half_cash
375464.0,150.3,22.7,-90.2,100.0,1143,170,0.0,1.5,3,stop,full
156831.0,4.6,1.0,-82.5,77.4,1128,168,-70061.0,1.5,3,soxs_recover,half_cash
275770.0,83.8,14.5,-68.8,77.4,1143,170,-75832.0,1.5,3,soxs_fixed5,half_cash
63552.0,-57.6,-17.4,-74.6,84.6,1041,162,-122706.0,1.5,3,soxs_lot,half_cash
620540.0,313.7,37.2,-79.2,72.2,1088,125,0.0,1.5,4,none,half_cash
294642.0,96.4,16.2,-90.9,100.0,1088,125,0.0,1.5,4,stop,full
207167.0,38.1,7.5,-75.9,71.9,1081,125,-105231.0,1.5,4,soxs_recover,half_cash
370039.0,146.7,22.3,-63.4,73.6,1088,125,-169889.0,1.5,4,soxs_fixed5,half_cash
85644.0,-42.9,-11.7,-66.1,80.0,1042,118,-180153.0,1.5,4,soxs_lot,half_cash
465592.0,210.4,28.7,-77.1,69.2,969,98,0.0,1.5,5,none,half_cash
323945.0,116.0,18.7,-91.0,100.0,969,98,0.0,1.5,5,stop,full
122477.0,-18.3,-4.4,-80.0,69.5,969,98,-77697.0,1.5,5,soxs_recover,half_cash
329399.0,119.6,19.1,-64.7,70.2,969,98,-138975.0,1.5,5,soxs_fixed5,half_cash
144023.0,-4.0,-0.9,-53.8,76.8,952,97,-172899.0,1.5,5,soxs_lot,half_cash
327550.0,118.4,19.0,-79.8,65.5,817,80,0.0,1.5,7,none,half_cash
271031.0,80.7,14.1,-91.7,100.0,817,80,0.0,1.5,7,stop,full
283493.0,89.0,15.2,-70.6,65.6,817,80,-45983.0,1.5,7,soxs_recover,half_cash
490936.0,227.3,30.2,-61.4,64.7,817,80,-93226.0,1.5,7,soxs_fixed5,half_cash
215910.0,43.9,8.4,-55.2,72.4,809,79,-178878.0,1.5,7,soxs_lot,half_cash
436232.0,190.8,26.8,-87.2,88.7,1506,484,0.0,1.7500000000000002,1,none,half_cash
380730.0,153.8,23.0,-89.2,100.0,1506,484,0.0,1.7500000000000002,1,stop,full
177529.0,18.4,3.8,-80.2,88.3,1389,455,-96454.0,1.7500000000000002,1,soxs_recover,half_cash
346131.0,130.8,20.5,-74.4,89.1,1449,463,-155608.0,1.7500000000000002,1,soxs_fixed5,half_cash
157516.0,5.0,1.1,-48.5,91.5,988,280,-281286.0,1.7500000000000002,1,soxs_lot,half_cash
380706.0,153.8,23.0,-83.1,82.0,1172,256,0.0,1.7500000000000002,2,none,half_cash
306308.0,104.2,17.2,-91.1,100.0,1172,256,0.0,1.7500000000000002,2,stop,full
174348.0,16.2,3.4,-79.7,82.0,1159,252,-90355.0,1.7500000000000002,2,soxs_recover,half_cash
302397.0,101.6,16.9,-74.1,82.0,1170,252,-110894.0,1.7500000000000002,2,soxs_fixed5,half_cash
85316.0,-43.1,-11.8,-62.1,87.4,914,200,-167749.0,1.7500000000000002,2,soxs_lot,half_cash
437280.0,191.5,26.9,-81.4,77.1,995,169,0.0,1.7500000000000002,3,none,half_cash
302375.0,101.6,16.9,-90.2,100.0,995,169,0.0,1.7500000000000002,3,stop,full
181234.0,20.8,4.3,-79.4,77.0,985,169,-75220.0,1.7500000000000002,3,soxs_recover,half_cash
275539.0,83.7,14.5,-71.3,77.0,994,169,-72188.0,1.7500000000000002,3,soxs_fixed5,half_cash
81737.0,-45.5,-12.6,-64.6,84.4,891,156,-153248.0,1.7500000000000002,3,soxs_lot,half_cash
546362.0,264.2,33.3,-78.8,72.3,931,124,0.0,1.7500000000000002,4,none,half_cash
269264.0,79.5,13.9,-90.4,100.0,931,124,0.0,1.7500000000000002,4,stop,full
183979.0,22.7,4.6,-75.9,72.3,925,124,-96079.0,1.7500000000000002,4,soxs_recover,half_cash
350655.0,133.8,20.8,-63.8,73.6,931,124,-149304.0,1.7500000000000002,4,soxs_fixed5,half_cash
92461.0,-38.4,-10.2,-56.9,80.0,910,119,-182257.0,1.7500000000000002,4,soxs_lot,half_cash
399831.0,166.6,24.4,-76.7,69.2,824,100,0.0,1.7500000000000002,5,none,half_cash
254553.0,69.7,12.5,-91.5,100.0,824,100,0.0,1.7500000000000002,5,stop,full
109013.0,-27.3,-6.9,-83.1,69.6,821,100,-64990.0,1.7500000000000002,5,soxs_recover,half_cash
320311.0,113.5,18.4,-62.8,70.2,824,100,-124806.0,1.7500000000000002,5,soxs_fixed5,half_cash
128926.0,-14.0,-3.3,-59.5,76.8,825,97,-171491.0,1.7500000000000002,5,soxs_lot,half_cash
340582.0,127.1,20.0,-78.9,65.3,716,77,0.0,1.7500000000000002,7,none,half_cash
264736.0,76.5,13.5,-91.0,100.0,716,77,0.0,1.7500000000000002,7,stop,full
274615.0,83.1,14.4,-68.1,65.3,715,77,-40156.0,1.7500000000000002,7,soxs_recover,half_cash
429407.0,186.3,26.4,-63.8,64.5,716,77,-99600.0,1.7500000000000002,7,soxs_fixed5,half_cash
164811.0,9.9,2.1,-55.1,72.3,710,76,-145307.0,1.7500000000000002,7,soxs_lot,half_cash
388206.0,158.8,23.6,-87.8,88.9,1328,500,0.0,2.0,1,none,half_cash
361519.0,141.0,21.6,-90.6,100.0,1328,500,0.0,2.0,1,stop,full
163369.0,8.9,1.9,-79.0,88.7,1235,471,-102249.0,2.0,1,soxs_recover,half_cash
359373.0,139.6,21.5,-72.1,89.1,1277,472,-148935.0,2.0,1,soxs_fixed5,half_cash
88045.0,-41.3,-11.2,-57.7,92.1,966,334,-190397.0,2.0,1,soxs_lot,half_cash
424226.0,182.8,26.0,-83.5,82.0,1045,255,0.0,2.0,2,none,half_cash
339824.0,126.5,20.0,-91.3,100.0,1045,255,0.0,2.0,2,stop,full
177407.0,18.3,3.8,-80.5,81.9,1032,250,-89441.0,2.0,2,soxs_recover,half_cash
270945.0,80.6,14.1,-77.6,82.1,1041,248,-106202.0,2.0,2,soxs_fixed5,half_cash
74597.0,-50.3,-14.4,-67.1,87.6,816,197,-142431.0,2.0,2,soxs_lot,half_cash
370410.0,146.9,22.3,-81.9,77.5,874,174,0.0,2.0,3,none,half_cash
286049.0,90.7,15.5,-91.1,100.0,874,174,0.0,2.0,3,stop,full
208369.0,38.9,7.6,-71.8,77.7,859,172,-78426.0,2.0,3,soxs_recover,half_cash
286403.0,90.9,15.5,-70.1,77.3,867,174,-69911.0,2.0,3,soxs_fixed5,half_cash
64078.0,-57.3,-17.2,-70.8,84.4,826,162,-129986.0,2.0,3,soxs_lot,half_cash
679479.0,353.0,40.0,-75.8,72.8,819,130,0.0,2.0,4,none,half_cash
235179.0,56.8,10.5,-91.8,100.0,819,130,0.0,2.0,4,stop,full
214609.0,43.1,8.3,-70.3,72.9,810,130,-121041.0,2.0,4,soxs_recover,half_cash
266495.0,77.7,13.6,-68.0,74.1,819,130,-143429.0,2.0,4,soxs_fixed5,half_cash
82748.0,-44.8,-12.4,-61.7,80.1,782,124,-184732.0,2.0,4,soxs_lot,half_cash
461784.0,207.9,28.4,-77.3,69.3,730,100,0.0,2.0,5,none,half_cash
283929.0,89.3,15.3,-90.9,100.0,730,100,0.0,2.0,5,stop,full
101366.0,-32.4,-8.4,-83.4,69.5,727,100,-71619.0,2.0,5,soxs_recover,half_cash
312310.0,108.2,17.7,-68.8,70.2,730,100,-139572.0,2.0,5,soxs_fixed5,half_cash
129286.0,-13.8,-3.3,-51.1,77.1,736,99,-199438.0,2.0,5,soxs_lot,half_cash
306476.0,104.3,17.2,-79.6,65.5,620,78,0.0,2.0,7,none,half_cash
290500.0,93.7,15.8,-90.9,100.0,620,78,0.0,2.0,7,stop,full
280985.0,87.3,15.0,-75.8,65.0,619,78,-41525.0,2.0,7,soxs_recover,half_cash
480711.0,220.5,29.6,-62.0,64.7,620,78,-84344.0,2.0,7,soxs_fixed5,half_cash
117834.0,-21.4,-5.2,-58.1,73.3,603,76,-98966.0,2.0,7,soxs_lot,half_cash
390234.0,160.2,23.7,-88.4,89.7,1077,541,0.0,2.5,1,none,half_cash
417127.0,178.1,25.6,-90.2,100.0,1077,541,0.0,2.5,1,stop,full
106442.0,-29.0,-7.4,-86.3,89.3,998,498,-72616.0,2.5,1,soxs_recover,half_cash
238507.0,59.0,10.9,-77.9,90.0,1048,503,-116463.0,2.5,1,soxs_fixed5,half_cash
81441.0,-45.7,-12.7,-57.3,92.7,677,319,-235509.0,2.5,1,soxs_lot,half_cash
429218.0,186.1,26.4,-83.0,82.9,847,279,0.0,2.5,2,none,half_cash
320115.0,113.4,18.4,-91.2,100.0,847,279,0.0,2.5,2,stop,full
266895.0,77.9,13.7,-71.6,82.6,838,271,-100218.0,2.5,2,soxs_recover,half_cash
282411.0,88.3,15.1,-70.8,83.2,838,275,-92169.0,2.5,2,soxs_fixed5,half_cash
124681.0,-16.9,-4.0,-51.5,87.8,660,191,-207331.0,2.5,2,soxs_lot,half_cash
504865.0,236.6,31.0,-80.7,78.0,725,184,0.0,2.5,3,none,half_cash
331644.0,121.1,19.3,-90.0,100.0,725,184,0.0,2.5,3,stop,full
186027.0,24.0,4.9,-79.4,78.1,709,182,-82352.0,2.5,3,soxs_recover,half_cash
315819.0,110.5,18.0,-66.8,78.1,708,184,-78625.0,2.5,3,soxs_fixed5,half_cash
61262.0,-59.2,-18.1,-71.7,84.7,633,168,-126853.0,2.5,3,soxs_lot,half_cash
628708.0,319.1,37.6,-76.1,73.1,697,134,0.0,2.5,4,none,half_cash
276665.0,84.4,14.6,-91.7,100.0,697,134,0.0,2.5,4,stop,full
176993.0,18.0,3.8,-75.4,72.4,692,133,-106893.0,2.5,4,soxs_recover,half_cash
269558.0,79.7,13.9,-67.1,74.2,696,134,-137287.0,2.5,4,soxs_fixed5,half_cash
81524.0,-45.7,-12.7,-56.7,80.9,687,127,-176718.0,2.5,4,soxs_lot,half_cash
467918.0,211.9,28.8,-76.7,69.7,602,103,0.0,2.5,5,none,half_cash
290824.0,93.9,15.9,-91.4,100.0,602,103,0.0,2.5,5,stop,full
142806.0,-4.8,-1.1,-75.5,69.5,599,103,-86235.0,2.5,5,soxs_recover,half_cash
338673.0,125.8,19.9,-63.2,70.2,602,103,-113585.0,2.5,5,soxs_fixed5,half_cash
128484.0,-14.3,-3.4,-54.0,77.3,604,100,-178405.0,2.5,5,soxs_lot,half_cash
400761.0,167.2,24.4,-77.5,65.7,533,81,0.0,2.5,7,none,half_cash
343618.0,129.1,20.3,-89.8,100.0,533,81,0.0,2.5,7,stop,full
266356.0,77.6,13.6,-68.5,65.2,533,81,-54022.0,2.5,7,soxs_recover,half_cash
364861.0,143.2,21.9,-66.5,65.3,533,81,-105648.0,2.5,7,soxs_fixed5,half_cash
204366.0,36.2,7.1,-51.2,72.6,527,79,-165451.0,2.5,7,soxs_lot,half_cash
478946.0,219.3,29.5,-87.9,90.0,917,564,0.0,3.0,1,none,half_cash
431394.0,187.6,26.5,-90.6,100.0,917,564,0.0,3.0,1,stop,full
140567.0,-6.3,-1.4,-84.0,89.4,856,518,-85982.0,3.0,1,soxs_recover,half_cash
255743.0,70.5,12.6,-75.2,90.3,886,536,-126625.0,3.0,1,soxs_fixed5,half_cash
104070.0,-30.6,-7.8,-50.0,92.4,585,327,-271497.0,3.0,1,soxs_lot,half_cash
452209.0,201.5,27.8,-83.2,83.2,714,289,0.0,3.0,2,none,half_cash
357766.0,138.5,21.3,-90.6,100.0,714,289,0.0,3.0,2,stop,full
303365.0,102.2,17.0,-69.0,83.1,696,283,-113045.0,3.0,2,soxs_recover,half_cash
266513.0,77.7,13.6,-75.1,83.3,704,284,-89285.0,3.0,2,soxs_fixed5,half_cash
98485.0,-34.3,-8.9,-65.9,87.5,584,223,-160226.0,3.0,2,soxs_lot,half_cash
492703.0,228.5,30.3,-80.6,78.4,614,191,0.0,3.0,3,none,half_cash
357243.0,138.2,21.3,-90.7,100.0,614,191,0.0,3.0,3,stop,full
158881.0,5.9,1.3,-81.4,78.2,600,188,-79310.0,3.0,3,soxs_recover,half_cash
336509.0,124.3,19.7,-69.0,78.4,604,190,-70284.0,3.0,3,soxs_fixed5,half_cash
83138.0,-44.6,-12.3,-65.0,85.4,536,177,-143281.0,3.0,3,soxs_lot,half_cash
508574.0,239.0,31.2,-78.9,74.0,577,140,0.0,3.0,4,none,half_cash
283817.0,89.2,15.3,-91.1,100.0,577,140,0.0,3.0,4,stop,full
143100.0,-4.6,-1.0,-78.9,73.2,574,140,-80130.0,3.0,4,soxs_recover,half_cash
292632.0,95.1,16.0,-63.5,74.5,573,140,-140550.0,3.0,4,soxs_fixed5,half_cash
56094.0,-62.6,-19.7,-70.2,82.8,546,134,-146100.0,3.0,4,soxs_lot,half_cash
485792.0,223.9,29.9,-75.6,69.7,509,106,0.0,3.0,5,none,half_cash
313977.0,109.3,17.9,-90.5,100.0,509,106,0.0,3.0,5,stop,full
171586.0,14.4,3.0,-71.2,69.9,509,106,-84008.0,3.0,5,soxs_recover,half_cash
365613.0,143.7,21.9,-65.8,70.5,509,106,-120714.0,3.0,5,soxs_fixed5,half_cash
102088.0,-31.9,-8.2,-59.4,77.2,509,105,-168659.0,3.0,5,soxs_lot,half_cash
395212.0,163.5,24.1,-79.0,65.7,446,80,0.0,3.0,7,none,half_cash
299237.0,99.5,16.6,-91.1,100.0,446,80,0.0,3.0,7,stop,full
402463.0,168.3,24.6,-66.8,64.8,444,80,-59565.0,3.0,7,soxs_recover,half_cash
398309.0,165.5,24.3,-65.8,65.1,444,80,-103365.0,3.0,7,soxs_fixed5,half_cash
146830.0,-2.1,-0.5,-56.5,72.9,435,78,-142295.0,3.0,7,soxs_lot,half_cash
420319.0,180.2,25.8,-89.4,91.0,675,633,0.0,4.0,1,none,half_cash
360794.0,140.5,21.6,-89.8,100.0,675,633,0.0,4.0,1,stop,full
193215.0,28.8,5.8,-79.9,90.6,617,571,-95343.0,4.0,1,soxs_recover,half_cash
399948.0,166.6,24.4,-74.2,90.7,635,570,-157619.0,4.0,1,soxs_fixed5,half_cash
76169.0,-49.2,-14.0,-60.7,92.7,315,306,-175341.0,4.0,1,soxs_lot,half_cash
536108.0,257.4,32.8,-84.5,84.2,546,315,0.0,4.0,2,none,half_cash
365751.0,143.8,21.9,-91.2,100.0,546,315,0.0,4.0,2,stop,full
238803.0,59.2,10.9,-78.9,83.5,538,311,-104298.0,4.0,2,soxs_recover,half_cash
311829.0,107.9,17.7,-75.6,84.0,542,310,-101570.0,4.0,2,soxs_fixed5,half_cash
136896.0,-8.7,-2.0,-51.9,89.3,409,218,-212275.0,4.0,2,soxs_lot,half_cash
477190.0,218.1,29.4,-80.9,78.6,467,199,0.0,4.0,3,none,half_cash
370061.0,146.7,22.3,-90.1,100.0,467,199,0.0,4.0,3,stop,full
241984.0,61.3,11.2,-75.9,78.7,453,196,-91819.0,4.0,3,soxs_recover,half_cash
370339.0,146.9,22.3,-65.3,78.1,464,199,-87961.0,4.0,3,soxs_fixed5,half_cash
111314.0,-25.8,-6.4,-56.4,85.3,400,174,-142640.0,4.0,3,soxs_lot,half_cash
672959.0,348.6,39.7,-77.0,74.4,447,148,0.0,4.0,4,none,half_cash
335630.0,123.8,19.6,-90.4,100.0,447,148,0.0,4.0,4,stop,full
279741.0,86.5,14.9,-67.7,74.0,446,148,-118441.0,4.0,4,soxs_recover,half_cash
312234.0,108.2,17.7,-67.0,75.1,441,147,-146142.0,4.0,4,soxs_fixed5,half_cash
110636.0,-26.2,-6.6,-47.5,82.3,420,139,-190898.0,4.0,4,soxs_lot,half_cash
553391.0,268.9,33.7,-77.2,70.6,392,113,0.0,4.0,5,none,half_cash
294059.0,96.0,16.2,-91.5,100.0,392,113,0.0,4.0,5,stop,full
182992.0,22.0,4.5,-76.1,69.7,390,113,-115155.0,4.0,5,soxs_recover,half_cash
265629.0,77.1,13.6,-68.4,71.6,392,113,-145101.0,4.0,5,soxs_fixed5,half_cash
88393.0,-41.1,-11.1,-62.1,78.3,353,110,-178263.0,4.0,5,soxs_lot,half_cash
372947.0,148.6,22.5,-77.7,66.2,346,82,0.0,4.0,7,none,half_cash
331853.0,121.2,19.3,-91.3,100.0,346,82,0.0,4.0,7,stop,full
275443.0,83.6,14.5,-75.1,64.9,344,82,-37211.0,4.0,7,soxs_recover,half_cash
485210.0,223.5,29.9,-61.4,65.0,346,82,-100416.0,4.0,7,soxs_fixed5,half_cash
123473.0,-17.7,-4.2,-62.3,74.2,326,81,-141582.0,4.0,7,soxs_lot,half_cash
