entry_date,exit_date,entry,exit,tdays,ret
2020-07-16,2020-07-16,13.18,13.3118,0,0.010000000000000009
2020-07-16,2020-07-16,13.374,13.50774,0,0.010000000000000009
2020-07-16,2020-07-16,13.478666666666667,13.613453333333334,0,0.010000000000000009
2020-07-16,2020-07-16,13.594666666666665,13.730613333333332,0,0.010000000000000009
2020-07-16,2020-07-17,13.75,13.8875,1,0.010000000000000009
2020-07-17,2020-07-17,13.833333333333334,13.971666666666668,0,0.010000000000000009
2020-07-17,2020-07-20,13.952666666666666,14.092193333333332,1,0.010000000000000009
2020-07-20,2020-07-20,14.1,14.241,0,0.010000000000000009
2020-07-20,2020-07-20,14.261333333333333,14.403946666666666,0,0.010000000000000009
2020-07-20,2020-07-20,14.416,14.56016,0,0.010000000000000009
2020-07-20,2020-07-20,14.560666666666666,14.706273333333334,0,0.010000000000000009
2020-07-20,2020-07-21,14.715333333333332,14.957333333333334,1,0.0164454310696327
2020-07-21,2020-07-30,14.92,15.0692,7,0.010000000000000009
2020-07-30,2020-07-30,15.08,15.2308,0,0.010000000000000009
2020-07-30,2020-07-31,15.237333333333334,15.493333333333334,1,0.016800840042002108
2020-07-31,2020-08-03,15.184666666666667,15.390666666666668,1,0.013566316898625974
2020-08-03,2020-08-03,15.610000000000001,15.766100000000002,0,0.010000000000000009
2020-08-03,2020-08-03,15.866000000000001,16.02466,0,0.010000000000000009
2020-08-03,2020-08-04,16.049333333333333,16.209826666666668,1,0.010000000000000009
2020-08-04,2020-08-04,16.21333333333333,16.375466666666664,0,0.010000000000000009
2020-08-04,2020-08-04,16.352,16.516000000000002,0,0.010029354207436558
2020-08-04,2020-08-04,16.528,16.693279999999998,0,0.010000000000000009
2020-08-04,2020-08-12,16.710666666666665,16.87777333333333,6,0.010000000000000009
2020-08-12,2020-08-12,16.877333333333333,17.046106666666667,0,0.010000000000000009
2020-08-12,2020-08-17,17.072,17.24272,3,0.010000000000000009
2020-08-17,2020-08-26,17.246,17.504,7,0.014959990722486438
2020-08-26,2020-08-26,17.333333333333332,17.506666666666664,0,0.010000000000000009
2020-08-26,2020-08-26,17.533333333333335,17.70866666666667,0,0.010000000000000009
2020-08-26,2020-08-31,17.717333333333332,17.894506666666665,3,0.010000000000000009
2020-08-31,2020-08-31,17.834,18.01234,0,0.010000000000000009
2020-08-31,2020-09-01,18.017999999999997,18.198179999999997,1,0.010000000000000009
2020-09-01,2020-09-01,17.974,18.15374,0,0.010000000000000009
2020-09-01,2020-09-01,18.245333333333335,18.42778666666667,0,0.010000000000000009
2020-09-01,2020-09-01,18.430666666666664,18.61497333333333,0,0.010000000000000009
2020-09-01,2020-09-02,18.647333333333332,19.628,1,0.052590182689213893
2020-09-02,2020-09-02,19.825333333333333,20.023586666666667,0,0.010000000000000009
2020-09-02,2020-09-02,20.004666666666665,20.20471333333333,0,0.010000000000000009
2020-09-02,2020-09-02,20.208000000000002,20.41008,0,0.010000000000000009
2020-09-02,2020-09-02,20.40266666666667,20.606693333333336,0,0.010000000000000009
2020-09-02,2020-10-12,20.666666666666668,21.089333333333332,27,0.020451612903225724
2020-10-12,2020-10-12,21.052666666666667,21.263193333333334,0,0.010000000000000009
2020-10-12,2020-10-12,21.244000000000003,21.456440000000004,0,0.010000000000000009
2020-10-12,2020-10-13,21.448,21.662480000000002,1,0.010000000000000009
2020-10-13,2020-11-05,21.658666666666665,21.875253333333333,17,0.010000000000000009
2020-11-05,2020-11-05,21.96466666666667,22.184313333333336,0,0.010000000000000009
2020-11-05,2020-11-05,22.191333333333333,22.413246666666666,0,0.010000000000000009
2020-11-05,2020-11-06,22.45266666666667,22.677193333333335,1,0.010000000000000009
2020-11-06,2020-11-06,22.78533333333333,23.013186666666662,0,0.010000000000000009
2020-11-06,2020-11-06,23.012666666666668,23.242793333333335,0,0.010000000000000009
2020-11-06,2020-11-06,23.299333333333333,23.532326666666666,0,0.010000000000000009
2020-11-06,2020-11-09,23.514,24.936,1,0.06047461087011996
2020-11-09,2020-11-09,24.83,25.0783,0,0.010000000000000009
2020-11-09,2020-11-09,25.333333333333332,25.586666666666666,0,0.010000000000000009
2020-11-09,2020-11-25,25.5,25.755,12,0.010000000000000009
2020-11-25,2020-11-27,25.85,26.108500000000003,1,0.010000000000000009
2020-11-27,2020-11-27,26.176666666666666,26.438433333333332,0,0.010000000000000009
2020-11-27,2020-11-30,26.450666666666667,26.715173333333333,1,0.010000000000000009
2020-11-30,2020-11-30,26.708000000000002,26.975080000000002,0,0.010000000000000009
2020-11-30,2020-12-01,27.003333333333334,27.746,1,0.027502777434884607
2020-12-01,2020-12-01,27.872666666666664,28.15139333333333,0,0.010000000000000009
2020-12-01,2020-12-01,28.300666666666665,28.58367333333333,0,0.010000000000000009
2020-12-01,2020-12-01,28.555999999999997,28.841559999999998,0,0.010000000000000009
2020-12-01,2020-12-03,28.814666666666668,29.220000000000002,2,0.014066910369719077
2020-12-03,2020-12-03,29.252,29.54452,0,0.010000000000000009
2020-12-03,2020-12-04,29.55666666666667,29.852233333333334,1,0.010000000000000009
2020-12-04,2020-12-04,29.874666666666666,30.173413333333333,0,0.010000000000000009
2020-12-04,2020-12-04,30.332,30.63532,0,0.010000000000000009
2020-12-04,2020-12-04,30.612666666666666,30.918793333333333,0,0.010000000000000009
2020-12-04,2020-12-07,30.904666666666667,31.333333333333332,1,0.013870612852427744
2020-12-07,2020-12-07,31.333333333333332,31.646666666666665,0,0.010000000000000009
2020-12-07,2020-12-07,30.882,31.190820000000002,0,0.010000000000000009
2020-12-07,2020-12-07,31.273333333333333,31.586066666666667,0,0.010000000000000009
2020-12-07,2020-12-08,31.582,31.89782,1,0.010000000000000009
2020-12-08,2020-12-08,31.908,32.22708,0,0.010000000000000009
2020-12-08,2021-01-04,32.266,32.58866,17,0.010000000000000009
2021-01-04,2021-01-04,32.94266666666667,33.27209333333334,0,0.010000000000000009
2021-01-04,2021-01-06,33.333333333333336,33.66666666666667,2,0.010000000000000009
2021-01-06,2021-01-06,33.562666666666665,33.898293333333335,0,0.010000000000000009
2021-01-06,2021-01-07,33.824,34.16224,1,0.010000000000000009
2021-01-07,2021-01-07,34.19733333333333,34.53930666666667,0,0.010000000000000009
2021-01-07,2021-01-07,34.846000000000004,35.19446000000001,0,0.010000000000000009
2021-01-07,2021-01-07,35.17133333333334,35.52304666666667,0,0.010000000000000009
2021-01-07,2021-01-07,35.534666666666666,35.890013333333336,0,0.010000000000000009
2021-01-07,2021-01-08,36.12133333333334,37.507333333333335,1,0.03837067660846771
2021-01-08,2021-01-08,37.20466666666667,37.57671333333334,0,0.010000000000000009
2021-01-08,2021-01-12,37.6,37.976,2,0.010000000000000009
2021-01-12,2021-01-12,38.03333333333333,38.413666666666664,0,0.010000000000000009
2021-01-12,2021-01-13,38.45133333333333,38.83584666666666,1,0.010000000000000009
2021-01-13,2021-01-14,38.13066666666667,39.19266666666667,1,0.027851598013846957
2021-01-14,2021-01-14,39.59666666666667,39.99263333333334,0,0.010000000000000009
2021-01-14,2021-01-14,39.93,40.3293,0,0.010000000000000009
2021-01-14,2021-01-14,40.35733333333334,40.76090666666667,0,0.010000000000000009
2021-01-14,2021-01-14,40.781333333333336,41.18914666666667,0,0.010000000000000009
2021-01-14,2021-01-14,41.2,41.612,0,0.010000000000000009
2021-01-14,2021-01-20,41.45733333333333,43.163333333333334,3,0.041150741324413875
2021-01-20,2021-01-20,42.78333333333333,43.211166666666664,0,0.010000000000000009
2021-01-20,2021-02-11,43.147333333333336,43.57880666666667,16,0.010000000000000009
2021-02-11,2021-02-11,43.662666666666674,44.09929333333334,0,0.010000000000000009
2021-02-11,2021-02-12,44.11666666666667,44.557833333333335,1,0.010000000000000009
2021-02-12,2021-02-12,44.51866666666667,44.96385333333333,0,0.010000000000000009
2021-02-12,2021-02-12,45.162,45.61362,0,0.010000000000000009
2021-02-12,2021-02-16,45.733333333333334,47.336666666666666,1,0.03505830903790086
2021-02-16,2021-02-16,47.058,47.52858,0,0.010000000000000009
2021-02-16,2021-08-04,47.6,48.076,118,0.010000000000000009
2021-08-04,2021-08-30,48.0,48.480000000000004,18,0.010000000000000009
2021-08-30,2021-09-16,48.95,49.4395,12,0.010000000000000009
2021-09-16,2021-11-01,49.43,49.9243,32,0.010000000000000009
2021-11-01,2021-11-02,49.96,50.4596,1,0.010000000000000009
2021-11-02,2021-11-02,50.9,51.409,0,0.010000000000000009
2021-11-02,2021-11-03,51.67,52.1867,1,0.010000000000000009
2021-11-03,2021-11-03,52.33,52.8533,0,0.010000000000000009
2021-11-03,2021-11-03,53.15,53.6815,0,0.010000000000000009
2021-11-03,2021-11-04,53.73,55.41,1,0.03126744835287543
2021-11-04,2021-11-04,55.02,55.57020000000001,0,0.010000000000000009
2021-11-04,2021-11-04,55.87,56.4287,0,0.010000000000000009
2021-11-04,2021-11-04,56.18,56.7418,0,0.010000000000000009
2021-11-04,2021-11-04,56.76,57.3276,0,0.010000000000000009
2021-11-04,2021-11-04,57.27,57.8427,0,0.010000000000000009
2021-11-04,2021-11-04,57.73,58.3073,0,0.010000000000000009
2021-11-04,2021-11-04,58.33,58.9133,0,0.010000000000000009
2021-11-04,2021-11-04,58.98,59.5698,0,0.010000000000000009
2021-11-04,2021-11-05,59.48,60.074799999999996,1,0.010000000000000009
2021-11-05,2021-11-05,61.49,62.1049,0,0.010000000000000009
2021-11-05,2021-11-08,62.17,62.7917,1,0.010000000000000009
2021-11-08,2021-11-08,62.84,63.4684,0,0.010000000000000009
2021-11-08,2021-11-08,63.46,64.0946,0,0.010000000000000009
2021-11-08,2021-11-09,64.1,65.27,1,0.018252730109204363
2021-11-09,2021-11-16,65.0,65.65,5,0.010000000000000009
2021-11-16,2021-11-16,65.56,66.21560000000001,0,0.010000000000000009
2021-11-16,2021-11-18,66.29,67.96,2,0.02519233670236809
2021-11-18,2021-11-18,67.26,67.93260000000001,0,0.010000000000000009
2021-11-18,2021-11-19,68.3,68.983,1,0.010000000000000009
2021-11-19,2021-11-19,68.85,69.5385,0,0.010000000000000009
2021-11-19,2021-11-22,69.62,70.31620000000001,1,0.010000000000000009
2021-11-22,2021-11-22,70.63,71.3363,0,0.010000000000000009
2021-11-22,2021-11-22,71.51,72.22510000000001,0,0.010000000000000009
2021-11-22,2021-12-27,72.16,72.88159999999999,23,0.010000000000000009
2021-12-27,2021-12-28,72.81,74.07,1,0.017305315203955285
2021-12-28,2021-12-28,72.08,72.8008,0,0.010000000000000009
2021-12-28,2022-01-04,72.27,72.9927,5,0.010000000000000009
2022-01-04,2022-01-04,73.22,73.9522,0,0.010000000000000009
2022-01-04,2026-04-10,73.9,74.63900000000001,1069,0.010000000000000009
2026-04-10,2026-04-10,75.58,76.33579999999999,0,0.010000000000000009
2026-04-10,2026-04-10,75.06,75.81060000000001,0,0.010000000000000009
2026-04-10,2026-04-10,76.21,76.9721,0,0.010000000000000009
2026-04-10,2026-04-10,77.4,78.174,0,0.010000000000000009
2026-04-10,2026-04-13,78.27,79.0527,1,0.010000000000000009
2026-04-13,2026-04-13,78.99,79.7799,0,0.010000000000000009
2026-04-13,2026-04-13,79.74,80.53739999999999,0,0.010000000000000009
2026-04-13,2026-04-14,80.58,83.27,1,0.033382973442541486
2026-04-14,2026-04-14,82.03,82.8503,0,0.010000000000000009
2026-04-14,2026-04-14,82.61,83.4361,0,0.010000000000000009
2026-04-14,2026-04-14,83.38,84.21379999999999,0,0.010000000000000009
2026-04-14,2026-04-14,84.18,85.02180000000001,0,0.010000000000000009
2026-04-14,2026-04-15,85.0,85.85,1,0.010000000000000009
2026-04-15,2026-04-15,84.58,85.4258,0,0.010000000000000009
2026-04-15,2026-04-16,85.42,86.27420000000001,1,0.010000000000000009
2026-04-16,2026-04-16,86.99,87.8599,0,0.010000000000000009
2026-04-16,2026-04-16,88.02,88.9002,0,0.010000000000000009
2026-04-16,2026-04-17,89.09,93.17,1,0.04579638567740485
2026-04-17,2026-04-17,92.39,93.3139,0,0.010000000000000009
2026-04-17,2026-04-17,93.36,94.2936,0,0.010000000000000009
2026-04-17,2026-04-20,94.11,95.97,1,0.01976410583359889
2026-04-20,2026-04-21,95.63,97.97,1,0.02446930879431153
2026-04-21,2026-04-21,98.61,99.5961,0,0.010000000000000009
2026-04-21,2026-04-22,99.65,102.94,1,0.03301555444054172
2026-04-22,2026-04-22,102.4,103.424,0,0.010000000000000009
2026-04-22,2026-04-22,103.58,104.6158,0,0.010000000000000009
2026-04-22,2026-04-22,104.51,105.55510000000001,0,0.010000000000000009
2026-04-22,2026-04-23,105.5,108.61,1,0.029478672985781884
2026-04-23,2026-04-23,109.78,110.87780000000001,0,0.010000000000000009
2026-04-23,2026-04-23,112.2,113.322,0,0.010000000000000009
2026-04-23,2026-04-23,113.26,114.3926,0,0.010000000000000009
2026-04-23,2026-04-23,114.88,116.02879999999999,0,0.010000000000000009
2026-04-23,2026-04-24,115.91,125.21,1,0.08023466482615826
2026-04-24,2026-04-24,127.46,128.7346,0,0.010000000000000009
2026-04-24,2026-04-24,127.87,129.14870000000002,0,0.010000000000000009
2026-04-24,2026-05-01,129.16,130.45159999999998,5,0.010000000000000009
2026-05-01,2026-05-04,130.63,132.2,1,0.012018678710862707
2026-05-04,2026-05-04,131.03,132.3403,0,0.010000000000000009
2026-05-04,2026-05-04,130.93,132.23930000000001,0,0.010000000000000009
2026-05-04,2026-05-05,132.92,135.0,1,0.015648510382184844
2026-05-05,2026-05-05,134.53,135.8753,0,0.010000000000000009
2026-05-05,2026-05-05,137.73,139.10729999999998,0,0.010000000000000009
2026-05-05,2026-05-05,138.7,140.087,0,0.010000000000000009
2026-05-05,2026-05-05,140.7,142.107,0,0.010000000000000009
2026-05-05,2026-05-05,141.91,143.3291,0,0.010000000000000009
2026-05-05,2026-05-05,143.42,144.8542,0,0.010000000000000009
2026-05-05,2026-05-05,144.77,146.2177,0,0.010000000000000009
2026-05-05,2026-05-06,146.68,157.84,1,0.07608399236433039
2026-05-06,2026-05-06,161.47,163.0847,0,0.010000000000000009
2026-05-06,2026-05-06,162.88,164.5088,0,0.010000000000000009
2026-05-06,2026-05-08,164.43,166.07430000000002,2,0.010000000000000009
2026-05-08,2026-05-08,166.37,168.0337,0,0.010000000000000009
2026-05-08,2026-05-08,167.8,169.478,0,0.010000000000000009
2026-05-08,2026-05-08,169.32,171.01319999999998,0,0.010000000000000009
2026-05-08,2026-05-08,170.04,171.7404,0,0.010000000000000009
2026-05-08,2026-05-08,171.93,173.6493,0,0.010000000000000009
2026-05-08,2026-05-08,173.19,174.9219,0,0.010000000000000009
2026-05-08,2026-05-08,175.68,177.4368,0,0.010000000000000009
2026-05-08,2026-05-11,177.44,181.0,1,0.020063119927862916
2026-05-11,2026-05-11,187.59,189.4659,0,0.010000000000000009
2026-05-11,2026-05-22,189.7,191.59699999999998,9,0.010000000000000009
2026-05-22,2026-05-22,191.86,193.7786,0,0.010000000000000009
2026-05-22,2026-05-26,194.53,211.38,1,0.08661903048372999
2026-05-26,2026-05-26,211.0,213.11,0,0.010000000000000009
2026-05-26,2026-05-26,214.55,216.6955,0,0.010000000000000009
2026-05-26,2026-05-26,216.03,218.1903,0,0.010000000000000009
2026-05-26,2026-05-26,218.05,220.2305,0,0.010000000000000009
2026-05-26,2026-05-26,221.0,223.21,0,0.010000000000000009
2026-05-26,2026-05-26,223.21,225.4421,0,0.010000000000000009
2026-05-26,2026-05-26,225.79,228.0479,0,0.010000000000000009
2026-05-26,2026-05-27,227.95,242.55,1,0.06404913358192599
2026-05-27,2026-05-29,233.8,236.138,2,0.010000000000000009
2026-05-29,2026-06-02,237.01,243.18,2,0.026032656849922065
2026-06-02,2026-06-02,245.4,247.854,0,0.010000000000000009
2026-06-02,2026-06-02,249.0,251.49,0,0.010000000000000009
2026-06-02,2026-06-02,251.82,254.3382,0,0.010000000000000009
2026-06-02,2026-06-02,253.87,256.4087,0,0.010000000000000009
2026-06-02,2026-06-02,256.81,259.3781,0,0.010000000000000009
2026-06-02,2026-06-02,259.4,261.99399999999997,0,0.010000000000000009
2026-06-02,2026-06-02,262.24,264.86240000000004,0,0.010000000000000009
2026-06-02,2026-06-03,265.03,281.47,1,0.06203071350413181
2026-06-03,2026-06-03,277.78,280.5578,0,0.010000000000000009
2026-06-03,2026-06-18,282.77,285.5977,11,0.010000000000000009
2026-06-18,2026-06-22,285.54,299.26,1,0.048049310079148144
2026-06-22,2026-06-22,296.99,299.9599,0,0.010000000000000009
