kind,entry_date,exit_date,entry,exit_spot,strike,put_cost,share_pnl,put_pnl,pnl,detail,hedge_date
cycle_win,2022-01-03,2022-01-04,72.05,73.491,,0.0,144.10000000000025,0.0,144.10000000000025,target_hit,
cycle_win,2022-01-11,2022-01-12,63.32,64.99,,0.0,166.99999999999946,0.0,166.99999999999946,target_hit,
cycle_win,2022-01-12,2022-01-13,65.78,67.51,,0.0,173.0000000000004,0.0,173.0000000000004,target_hit,
cycle_win,2022-01-21,2022-01-24,43.62,44.492399999999996,,0.0,87.2399999999999,0.0,87.2399999999999,target_hit,
cycle_win,2022-01-24,2022-01-24,44.51,45.4002,,0.0,89.02000000000001,0.0,89.02000000000001,target_hit,
cycle_win,2022-01-24,2022-01-26,45.44,46.3488,,0.0,90.87999999999994,0.0,90.87999999999994,target_hit,
cycle_win,2022-01-26,2022-02-02,46.35,48.39,,0.0,203.99999999999991,0.0,203.99999999999991,target_hit,
cycle_win,2022-02-02,2022-02-02,48.3,49.266,,0.0,96.60000000000011,0.0,96.60000000000011,target_hit,
cycle_win,2022-02-02,2022-02-09,48.85,49.827000000000005,,0.0,97.70000000000039,0.0,97.70000000000039,target_hit,
cycle_win,2022-02-09,2022-02-09,49.8,50.796,,0.0,99.60000000000022,0.0,99.60000000000022,target_hit,
cycle_win,2022-02-09,2022-02-10,50.79,51.8058,,0.0,101.57999999999987,0.0,101.57999999999987,target_hit,
hedged_lot,2022-01-04,2022-02-11,73.66,39.41,64.0,0.0,-3425.0000000000005,555.0,-2870.0000000000005,expiry|call_expired,2022-01-11
hedged_lot,2022-01-13,2022-02-18,68.43,39.54,44.0,0.0,-2889.000000000001,530.0,-2359.000000000001,expiry|call_expired,2022-01-21
cycle_win,2022-02-17,2022-02-25,40.81,41.626200000000004,,0.0,81.6200000000002,0.0,81.6200000000002,target_hit,
cycle_win,2022-03-04,2022-03-07,34.74,35.4348,,0.0,69.48000000000008,0.0,69.48000000000008,target_hit,
cycle_win,2022-03-07,2022-03-09,34.8,35.495999999999995,,0.0,69.5999999999998,0.0,69.5999999999998,target_hit,
cycle_win,2022-03-09,2022-03-16,35.56,36.2712,,0.0,71.1199999999998,0.0,71.1199999999998,target_hit,
hedged_lot,2022-02-10,2022-03-18,51.95,39.21,41.0,0.0,-1274.0,530.0,-744.0,expiry|call_expired,2022-02-17
cycle_win,2022-03-16,2022-03-18,36.39,37.1178,,0.0,72.7800000000002,0.0,72.7800000000002,target_hit,
cycle_win,2022-03-18,2022-03-18,37.23,37.974599999999995,,0.0,74.45999999999984,0.0,74.45999999999984,target_hit,
cycle_win,2022-03-18,2022-03-18,38.2,38.964000000000006,,0.0,76.40000000000029,0.0,76.40000000000029,target_hit,
cycle_win,2022-03-18,2022-03-18,38.88,39.6576,,0.0,77.75999999999996,0.0,77.75999999999996,target_hit,
cycle_win,2022-03-18,2022-03-22,39.66,40.453199999999995,,0.0,79.31999999999988,0.0,79.31999999999988,target_hit,
cycle_win,2022-03-22,2022-03-24,40.41,41.218199999999996,,0.0,80.81999999999994,0.0,80.81999999999994,target_hit,
cycle_win,2022-03-24,2022-03-24,41.05,41.870999999999995,,0.0,82.0999999999998,0.0,82.0999999999998,target_hit,
cycle_win,2022-03-24,2022-03-28,41.84,42.67680000000001,,0.0,83.68000000000038,0.0,83.68000000000038,target_hit,
cycle_win,2022-03-28,2022-03-29,42.76,44.84,,0.0,208.00000000000054,0.0,208.00000000000054,target_hit,
hedged_lot,2022-02-25,2022-04-01,41.47,36.23,35.0,0.0,-647.0,445.0,-202.0,expiry|assigned,2022-03-04
cycle_win,2022-04-12,2022-04-13,26.2,26.76,,0.0,56.00000000000023,0.0,56.00000000000023,target_hit,
cycle_win,2022-04-13,2022-04-13,26.43,26.9586,,0.0,52.860000000000085,0.0,52.860000000000085,target_hit,
cycle_win,2022-04-13,2022-04-13,27.14,27.6828,,0.0,54.27999999999997,0.0,54.27999999999997,target_hit,
cycle_win,2022-04-13,2022-04-13,27.55,28.101000000000003,,0.0,55.10000000000019,0.0,55.10000000000019,target_hit,
cycle_win,2022-04-13,2022-04-19,28.11,28.6722,,0.0,56.22000000000007,0.0,56.22000000000007,target_hit,
cycle_win,2022-04-19,2022-04-20,28.72,30.07,,0.0,135.00000000000014,0.0,135.00000000000014,target_hit,
cycle_win,2022-04-27,2022-04-28,21.89,23.23,,0.0,134.0,0.0,134.0,target_hit,
cycle_win,2022-04-28,2022-04-28,23.75,24.225,,0.0,47.50000000000014,0.0,47.50000000000014,target_hit,
cycle_win,2022-04-28,2022-04-28,24.23,24.7146,,0.0,48.460000000000036,0.0,48.460000000000036,target_hit,
cycle_win,2022-04-28,2022-04-28,24.71,25.2042,,0.0,49.41999999999993,0.0,49.41999999999993,target_hit,
cycle_win,2022-04-28,2022-04-28,25.23,25.7346,,0.0,50.459999999999994,0.0,50.459999999999994,target_hit,
cycle_win,2022-04-28,2022-04-28,25.77,26.2854,,0.0,51.539999999999964,0.0,51.539999999999964,target_hit,
cycle_win,2022-04-28,2022-05-04,26.29,26.8158,,0.0,52.58000000000003,0.0,52.58000000000003,target_hit,
cycle_win,2022-05-04,2022-05-04,26.88,27.4176,,0.0,53.76000000000012,0.0,53.76000000000012,target_hit,
cycle_win,2022-05-04,2022-05-04,27.26,27.805200000000003,,0.0,54.520000000000124,0.0,54.520000000000124,target_hit,
hedged_lot,2022-03-29,2022-05-06,45.59,23.3,33.0,0.0,-2229.0,360.0,-1869.0,expiry|call_expired,2022-04-05
cycle_win,2022-05-11,2022-05-12,19.13,19.5126,,0.0,38.260000000000005,0.0,38.260000000000005,target_hit,
cycle_win,2022-05-12,2022-05-12,19.54,19.930799999999998,,0.0,39.07999999999987,0.0,39.07999999999987,target_hit,
hedged_lot,2022-04-05,2022-05-13,32.78,22.55,26.5,0.0,-1023.0,320.0,-703.0,expiry|call_expired,2022-04-12
cycle_win,2022-05-12,2022-05-13,19.96,20.57,,0.0,60.99999999999994,0.0,60.99999999999994,target_hit,
cycle_win,2022-05-13,2022-05-13,20.31,20.7162,,0.0,40.62000000000019,0.0,40.62000000000019,target_hit,
cycle_win,2022-05-13,2022-05-13,20.6,21.012,,0.0,41.1999999999999,0.0,41.1999999999999,target_hit,
cycle_win,2022-05-13,2022-05-13,21.02,21.4404,,0.0,42.04000000000008,0.0,42.04000000000008,target_hit,
cycle_win,2022-05-13,2022-05-13,21.53,21.960600000000003,,0.0,43.06000000000019,0.0,43.06000000000019,target_hit,
cycle_win,2022-05-13,2022-05-13,21.9,22.337999999999997,,0.0,43.79999999999988,0.0,43.79999999999988,target_hit,
cycle_win,2022-05-13,2022-05-13,22.33,22.7766,,0.0,44.66000000000001,0.0,44.66000000000001,target_hit,
cycle_win,2022-05-13,2022-05-17,22.81,23.266199999999998,,0.0,45.619999999999905,0.0,45.619999999999905,target_hit,
cycle_win,2022-05-17,2022-05-17,23.7,24.174,,0.0,47.40000000000002,0.0,47.40000000000002,target_hit,
cycle_win,2022-05-17,2022-05-17,24.11,24.5922,,0.0,48.219999999999885,0.0,48.219999999999885,target_hit,
cycle_win,2022-05-24,2022-05-25,19.08,19.461599999999997,,0.0,38.15999999999988,0.0,38.15999999999988,target_hit,
cycle_win,2022-05-25,2022-05-25,19.52,19.9104,,0.0,39.039999999999964,0.0,39.039999999999964,target_hit,
cycle_win,2022-05-25,2022-05-25,19.82,20.2164,,0.0,39.639999999999986,0.0,39.639999999999986,target_hit,
cycle_win,2022-05-25,2022-05-25,20.23,20.634600000000002,,0.0,40.46000000000021,0.0,40.46000000000021,target_hit,
cycle_win,2022-05-25,2022-05-26,20.61,21.0222,,0.0,41.22000000000021,0.0,41.22000000000021,target_hit,
cycle_win,2022-05-26,2022-05-26,20.9,21.317999999999998,,0.0,41.799999999999926,0.0,41.799999999999926,target_hit,
cycle_win,2022-05-26,2022-05-26,21.3,21.726000000000003,,0.0,42.60000000000019,0.0,42.60000000000019,target_hit,
cycle_win,2022-05-26,2022-05-26,21.82,22.2564,,0.0,43.6399999999999,0.0,43.6399999999999,target_hit,
cycle_win,2022-05-26,2022-05-26,22.18,22.6236,,0.0,44.36,0.0,44.36,target_hit,
hedged_lot,2022-04-20,2022-05-27,30.68,25.29,22.5,0.0,-818.0,288.0,-530.0,expiry|assigned,2022-04-27
cycle_win,2022-05-26,2022-05-27,22.61,23.6,,0.0,99.0000000000002,0.0,99.0000000000002,target_hit,
cycle_win,2022-05-27,2022-05-27,23.94,24.4188,,0.0,47.87999999999997,0.0,47.87999999999997,target_hit,
cycle_win,2022-05-27,2022-05-27,24.35,24.837000000000003,,0.0,48.70000000000019,0.0,48.70000000000019,target_hit,
cycle_win,2022-05-27,2022-05-27,24.75,25.245,,0.0,49.5000000000001,0.0,49.5000000000001,target_hit,
cycle_win,2022-05-27,2022-06-02,25.25,25.755,,0.0,50.4999999999999,0.0,50.4999999999999,target_hit,
cycle_win,2022-06-02,2022-06-02,25.75,26.265,,0.0,51.50000000000006,0.0,51.50000000000006,target_hit,
hedged_lot,2022-05-04,2022-06-10,27.97,18.75,19.5,0.0,-922.0,277.0,-645.0,expiry|call_expired,2022-05-11
cycle_win,2022-06-16,2022-06-17,13.52,13.7904,,0.0,27.040000000000042,0.0,27.040000000000042,target_hit,
cycle_win,2022-06-17,2022-06-21,13.82,14.54,,0.0,71.99999999999989,0.0,71.99999999999989,target_hit,
cycle_win,2022-06-21,2022-06-21,14.75,15.045,,0.0,29.499999999999993,0.0,29.499999999999993,target_hit,
hedged_lot,2022-05-17,2022-06-24,24.53,15.84,19.5,0.0,-869.0,245.00000000000003,-624.0,expiry|call_expired,2022-05-24
cycle_win,2022-06-21,2022-06-24,15.29,15.595799999999999,,0.0,30.579999999999963,0.0,30.579999999999963,target_hit,
cycle_win,2022-06-24,2022-06-27,15.54,16.31,,0.0,76.99999999999996,0.0,76.99999999999996,target_hit,
cycle_win,2022-06-27,2022-06-27,15.95,16.269,,0.0,31.899999999999906,0.0,31.899999999999906,target_hit,
cycle_win,2022-06-27,2022-06-28,16.22,16.5444,,0.0,32.44000000000007,0.0,32.44000000000007,target_hit,
cycle_win,2022-07-06,2022-07-07,12.1,12.91,,0.0,81.00000000000006,0.0,81.00000000000006,target_hit,
cycle_win,2022-07-07,2022-07-07,13.28,13.5456,,0.0,26.560000000000095,0.0,26.560000000000095,target_hit,
cycle_win,2022-07-07,2022-07-07,13.55,13.821000000000002,,0.0,27.10000000000008,0.0,27.10000000000008,target_hit,
hedged_lot,2022-06-02,2022-07-08,26.26,13.91,21.5,0.0,-1235.0,233.0,-1002.0,expiry|call_expired,2022-06-09
cycle_win,2022-07-07,2022-07-08,13.83,14.1066,,0.0,27.660000000000018,0.0,27.660000000000018,target_hit,
hedged_lot,2022-06-09,2022-07-15,21.04,15.13,14.0,0.0,-704.0,174.0,-530.0,expiry|assigned,2022-06-16
cycle_win,2022-07-08,2022-07-15,14.13,14.75,,0.0,61.99999999999992,0.0,61.99999999999992,target_hit,
cycle_win,2022-07-15,2022-07-15,14.48,14.7696,,0.0,28.960000000000008,0.0,28.960000000000008,target_hit,
cycle_win,2022-07-15,2022-07-15,14.77,15.0654,,0.0,29.540000000000077,0.0,29.540000000000077,target_hit,
cycle_win,2022-07-15,2022-07-18,15.0,15.83,,0.0,83.0,0.0,83.0,target_hit,
cycle_win,2022-07-18,2022-07-18,15.8,16.116,,0.0,31.599999999999895,0.0,31.599999999999895,target_hit,
cycle_win,2022-07-18,2022-07-19,16.14,16.4628,,0.0,32.280000000000086,0.0,32.280000000000086,target_hit,
cycle_win,2022-07-19,2022-07-19,16.43,16.7586,,0.0,32.860000000000156,0.0,32.860000000000156,target_hit,
cycle_win,2022-07-19,2022-07-19,16.73,17.064600000000002,,0.0,33.46000000000018,0.0,33.46000000000018,target_hit,
cycle_win,2022-07-19,2022-07-20,17.1,17.442,,0.0,34.199999999999875,0.0,34.199999999999875,target_hit,
cycle_win,2022-07-20,2022-07-20,17.48,17.8296,,0.0,34.95999999999988,0.0,34.95999999999988,target_hit,
cycle_win,2022-07-20,2022-07-20,18.0,18.36,,0.0,35.99999999999994,0.0,35.99999999999994,target_hit,
cycle_win,2022-07-20,2022-07-21,18.41,18.778200000000002,,0.0,36.820000000000164,0.0,36.820000000000164,target_hit,
cycle_win,2022-07-21,2022-07-28,18.81,19.1862,,0.0,37.620000000000076,0.0,37.620000000000076,target_hit,
cycle_win,2022-07-28,2022-07-29,19.18,19.5636,,0.0,38.36000000000013,0.0,38.36000000000013,target_hit,
cycle_win,2022-07-29,2022-08-01,19.64,20.0328,,0.0,39.280000000000115,0.0,39.280000000000115,target_hit,
cycle_win,2022-08-01,2022-08-01,20.02,20.4204,,0.0,40.04000000000012,0.0,40.04000000000012,target_hit,
cycle_win,2022-08-01,2022-08-03,20.51,20.9202,,0.0,41.01999999999997,0.0,41.01999999999997,target_hit,
cycle_win,2022-08-03,2022-08-03,20.88,21.2976,,0.0,41.76000000000002,0.0,41.76000000000002,target_hit,
cycle_win,2022-08-03,2022-08-04,21.32,21.7464,,0.0,42.6400000000001,0.0,42.6400000000001,target_hit,
cycle_win,2022-08-04,2022-08-04,21.46,21.889200000000002,,0.0,42.92000000000016,0.0,42.92000000000016,target_hit,
hedged_lot,2022-06-28,2022-08-05,16.54,21.54,12.5,0.0,-404.0,143.0,-261.0,expiry|assigned,2022-07-06
cycle_win,2022-08-11,2022-08-12,19.77,20.24,,0.0,46.999999999999886,0.0,46.999999999999886,target_hit,
cycle_win,2022-08-12,2022-08-12,20.15,20.552999999999997,,0.0,40.29999999999987,0.0,40.29999999999987,target_hit,
cycle_win,2022-08-12,2022-08-12,20.77,21.1854,,0.0,41.54000000000018,0.0,41.54000000000018,target_hit,
cycle_win,2022-08-12,2022-08-12,21.01,21.430200000000003,,0.0,42.020000000000124,0.0,42.020000000000124,target_hit,
cycle_win,2022-08-12,2022-08-15,21.52,21.9504,,0.0,43.03999999999988,0.0,43.03999999999988,target_hit,
cycle_win,2022-08-22,2022-08-23,16.98,17.3196,,0.0,33.96000000000008,0.0,33.96000000000008,target_hit,
cycle_win,2022-08-23,2022-08-23,17.34,17.6868,,0.0,34.68000000000018,0.0,34.68000000000018,target_hit,
cycle_win,2022-08-23,2022-08-25,17.77,18.1254,,0.0,35.53999999999995,0.0,35.53999999999995,target_hit,
cycle_win,2022-08-25,2022-08-25,18.21,18.5742,,0.0,36.42000000000003,0.0,36.42000000000003,target_hit,
cycle_win,2022-08-25,2022-08-25,18.47,18.839399999999998,,0.0,36.939999999999884,0.0,36.939999999999884,target_hit,
cycle_win,2022-08-25,2022-08-25,18.86,19.2372,,0.0,37.7200000000002,0.0,37.7200000000002,target_hit,
cycle_win,2022-09-01,2022-09-02,13.21,13.84,,0.0,62.9999999999999,0.0,62.9999999999999,target_hit,
cycle_win,2022-09-02,2022-09-02,13.33,13.5966,,0.0,26.66000000000004,0.0,26.66000000000004,target_hit,
cycle_win,2022-09-02,2022-09-02,13.66,13.933200000000001,,0.0,27.3200000000001,0.0,27.3200000000001,target_hit,
hedged_lot,2022-08-04,2022-09-09,21.91,14.67,20.0,0.0,-724.0,198.0,-526.0,expiry|call_expired,2022-08-11
cycle_win,2022-09-02,2022-09-09,14.0,14.280000000000001,,0.0,28.000000000000114,0.0,28.000000000000114,target_hit,
cycle_win,2022-09-09,2022-09-09,14.5,14.790000000000001,,0.0,29.000000000000092,0.0,29.000000000000092,target_hit,
cycle_win,2022-09-16,2022-09-19,12.06,12.301200000000001,,0.0,24.120000000000097,0.0,24.120000000000097,target_hit,
cycle_win,2022-09-19,2022-09-21,12.35,12.597,,0.0,24.69999999999999,0.0,24.69999999999999,target_hit,
hedged_lot,2022-08-15,2022-09-23,21.92,9.96,17.0,0.0,-1196.0,214.0,-982.0,expiry|call_expired,2022-08-22
hedged_lot,2022-08-25,2022-09-30,19.25,8.77,14.0,0.0,-1048.0,136.0,-912.0,expiry|call_expired,2022-09-01
cycle_win,2022-09-28,2022-10-04,10.2,10.58,,0.0,38.00000000000008,0.0,38.00000000000008,target_hit,
cycle_win,2022-10-04,2022-10-04,10.58,10.7916,,0.0,21.160000000000068,0.0,21.160000000000068,target_hit,
cycle_win,2022-10-04,2022-10-04,10.76,10.9752,,0.0,21.51999999999994,0.0,21.51999999999994,target_hit,
cycle_win,2022-10-04,2022-10-05,10.98,11.1996,,0.0,21.95999999999998,0.0,21.95999999999998,target_hit,
cycle_win,2022-10-05,2022-10-05,11.12,11.3424,,0.0,22.240000000000038,0.0,22.240000000000038,target_hit,
cycle_win,2022-10-05,2022-10-05,11.36,11.5872,,0.0,22.719999999999985,0.0,22.719999999999985,target_hit,
cycle_win,2022-10-05,2022-10-06,11.6,11.831999999999999,,0.0,23.199999999999932,0.0,23.199999999999932,target_hit,
hedged_lot,2022-09-09,2022-10-14,14.81,6.91,12.5,0.0,-790.0,132.0,-658.0,expiry|call_expired,2022-09-16
cycle_win,2022-10-13,2022-10-14,7.96,8.26,,0.0,29.999999999999982,0.0,29.999999999999982,target_hit,
cycle_win,2022-10-14,2022-10-14,7.87,8.0274,,0.0,15.739999999999998,0.0,15.739999999999998,target_hit,
cycle_win,2022-10-14,2022-10-20,8.12,8.282399999999999,,0.0,16.239999999999988,0.0,16.239999999999988,target_hit,
cycle_win,2022-10-20,2022-10-21,8.31,8.4762,,0.0,16.61999999999999,0.0,16.61999999999999,target_hit,
cycle_win,2022-10-21,2022-10-21,8.47,8.6394,,0.0,16.939999999999955,0.0,16.939999999999955,target_hit,
cycle_win,2022-10-21,2022-10-24,8.61,8.7822,,0.0,17.220000000000013,0.0,17.220000000000013,target_hit,
cycle_win,2022-10-24,2022-10-25,8.65,8.823,,0.0,17.300000000000004,0.0,17.300000000000004,target_hit,
cycle_win,2022-10-25,2022-10-25,8.92,9.0984,,0.0,17.83999999999999,0.0,17.83999999999999,target_hit,
cycle_win,2022-10-25,2022-10-25,9.13,9.312600000000002,,0.0,18.260000000000076,0.0,18.260000000000076,target_hit,
cycle_win,2022-10-25,2022-10-26,9.34,9.5268,,0.0,18.679999999999986,0.0,18.679999999999986,target_hit,
hedged_lot,2022-09-21,2022-10-28,12.72,9.52,10.5,0.0,-320.0,130.0,-190.0,expiry|call_expired,2022-09-28
cycle_win,2022-10-26,2022-11-02,9.52,9.7104,,0.0,19.040000000000035,0.0,19.040000000000035,target_hit,
cycle_win,2022-11-02,2022-11-08,9.71,10.11,,0.0,39.99999999999986,0.0,39.99999999999986,target_hit,
cycle_win,2022-11-08,2022-11-08,10.17,10.3734,,0.0,20.340000000000025,0.0,20.340000000000025,target_hit,
cycle_win,2022-11-08,2022-11-10,10.38,10.8,,0.0,41.99999999999999,0.0,41.99999999999999,target_hit,
cycle_win,2022-11-10,2022-11-10,10.78,10.9956,,0.0,21.560000000000024,0.0,21.560000000000024,target_hit,
cycle_win,2022-11-10,2022-11-10,11.01,11.2302,,0.0,22.020000000000017,0.0,22.020000000000017,target_hit,
cycle_win,2022-11-10,2022-11-10,11.25,11.475,,0.0,22.499999999999964,0.0,22.499999999999964,target_hit,
cycle_win,2022-11-10,2022-11-10,11.42,11.6484,,0.0,22.84000000000006,0.0,22.84000000000006,target_hit,
cycle_win,2022-11-10,2022-11-10,11.67,11.9034,,0.0,23.33999999999996,0.0,23.33999999999996,target_hit,
cycle_win,2022-11-10,2022-11-10,11.88,12.117600000000001,,0.0,23.760000000000048,0.0,23.760000000000048,target_hit,
hedged_lot,2022-10-06,2022-11-11,11.87,13.19,8.0,0.0,-387.0,121.0,-266.0,expiry|assigned,2022-10-13
cycle_win,2022-11-10,2022-11-11,12.12,12.3624,,0.0,24.239999999999995,0.0,24.239999999999995,target_hit,
cycle_win,2022-11-11,2022-11-11,12.48,12.729600000000001,,0.0,24.960000000000093,0.0,24.960000000000093,target_hit,
cycle_win,2022-11-11,2022-11-11,12.75,13.005,,0.0,25.500000000000078,0.0,25.500000000000078,target_hit,
cycle_win,2022-11-11,2022-11-11,13.02,13.2804,,0.0,26.040000000000063,0.0,26.040000000000063,target_hit,
cycle_win,2022-11-11,2022-11-14,13.23,13.4946,,0.0,26.459999999999972,0.0,26.459999999999972,target_hit,
cycle_win,2022-11-14,2022-11-15,13.46,14.34,,0.0,87.9999999999999,0.0,87.9999999999999,target_hit,
cycle_win,2022-11-15,2022-11-15,14.15,14.433,,0.0,28.299999999999947,0.0,28.299999999999947,target_hit,
cycle_win,2022-11-22,2022-11-23,12.93,13.1886,,0.0,25.85999999999995,0.0,25.85999999999995,target_hit,
cycle_win,2022-11-23,2022-11-23,13.18,13.4436,,0.0,26.360000000000028,0.0,26.360000000000028,target_hit,
cycle_win,2022-11-23,2022-11-30,13.49,13.7598,,0.0,26.980000000000004,0.0,26.980000000000004,target_hit,
cycle_win,2022-11-30,2022-12-01,13.85,14.127,,0.0,27.700000000000102,0.0,27.700000000000102,target_hit,
cycle_win,2022-12-08,2022-12-09,12.66,12.9132,,0.0,25.319999999999965,0.0,25.319999999999965,target_hit,
cycle_win,2022-12-09,2022-12-13,12.93,14.72,,0.0,179.00000000000009,0.0,179.00000000000009,target_hit,
cycle_win,2022-12-13,2022-12-13,14.33,14.6166,,0.0,28.659999999999997,0.0,28.659999999999997,target_hit,
cycle_win,2022-12-20,2022-12-21,10.43,10.6386,,0.0,20.860000000000056,0.0,20.860000000000056,target_hit,
cycle_win,2022-12-21,2022-12-21,10.76,10.9752,,0.0,21.51999999999994,0.0,21.51999999999994,target_hit,
cycle_win,2022-12-21,2022-12-21,11.01,11.2302,,0.0,22.020000000000017,0.0,22.020000000000017,target_hit,
hedged_lot,2022-11-15,2022-12-23,14.37,9.77,13.0,0.0,-460.0,150.0,-310.0,expiry|call_expired,2022-11-22
cycle_win,2022-12-29,2023-01-03,9.71,10.17,,0.0,45.99999999999991,0.0,45.99999999999991,target_hit,
cycle_win,2023-01-03,2023-01-04,10.01,10.2102,,0.0,20.02000000000006,0.0,20.02000000000006,target_hit,
hedged_lot,2022-12-01,2023-01-06,13.95,10.89,13.0,0.0,-306.0,127.0,-179.0,expiry|call_expired,2022-12-08
cycle_win,2023-01-04,2023-01-06,10.2,10.404,,0.0,20.400000000000063,0.0,20.400000000000063,target_hit,
cycle_win,2023-01-06,2023-01-06,10.4,10.608,,0.0,20.80000000000002,0.0,20.80000000000002,target_hit,
cycle_win,2023-01-06,2023-01-06,10.63,10.842600000000001,,0.0,21.260000000000012,0.0,21.260000000000012,target_hit,
cycle_win,2023-01-06,2023-01-06,10.84,11.0568,,0.0,21.6800000000001,0.0,21.6800000000001,target_hit,
cycle_win,2023-01-06,2023-01-09,11.06,11.53,,0.0,46.999999999999886,0.0,46.999999999999886,target_hit,
cycle_win,2023-01-09,2023-01-09,11.38,11.607600000000001,,0.0,22.76000000000007,0.0,22.76000000000007,target_hit,
cycle_win,2023-01-09,2023-01-09,11.81,12.0462,,0.0,23.62000000000002,0.0,23.62000000000002,target_hit,
cycle_win,2023-01-09,2023-01-11,12.03,12.2706,,0.0,24.06000000000006,0.0,24.06000000000006,target_hit,
cycle_win,2023-01-11,2023-01-12,12.26,12.59,,0.0,33.00000000000001,0.0,33.00000000000001,target_hit,
cycle_win,2023-01-12,2023-01-12,12.55,12.801,,0.0,25.099999999999945,0.0,25.099999999999945,target_hit,
cycle_win,2023-01-12,2023-01-12,12.78,13.035599999999999,,0.0,25.55999999999994,0.0,25.55999999999994,target_hit,
cycle_win,2023-01-12,2023-01-17,13.02,13.2804,,0.0,26.040000000000063,0.0,26.040000000000063,target_hit,
cycle_win,2023-01-17,2023-01-18,13.36,13.6272,,0.0,26.720000000000077,0.0,26.720000000000077,target_hit,
hedged_lot,2022-12-13,2023-01-20,14.79,12.84,10.5,0.0,-429.0,117.0,-312.0,expiry|assigned,2022-12-20
cycle_win,2023-01-18,2023-01-23,13.66,13.933200000000001,,0.0,27.3200000000001,0.0,27.3200000000001,target_hit,
cycle_win,2023-01-23,2023-01-23,13.88,14.1576,,0.0,27.759999999999962,0.0,27.759999999999962,target_hit,
cycle_win,2023-01-23,2023-01-23,14.16,14.443200000000001,,0.0,28.32000000000008,0.0,28.32000000000008,target_hit,
cycle_win,2023-01-23,2023-01-23,14.4,14.688,,0.0,28.800000000000026,0.0,28.800000000000026,target_hit,
cycle_win,2023-01-23,2023-01-26,14.7,15.02,,0.0,32.00000000000003,0.0,32.00000000000003,target_hit,
hedged_lot,2022-12-21,2023-01-27,11.24,14.96,10.0,0.0,-124.0,100.0,-24.0,expiry|assigned,2022-12-29
cycle_win,2023-01-26,2023-01-27,15.05,15.351,,0.0,30.100000000000016,0.0,30.100000000000016,target_hit,
cycle_win,2023-01-27,2023-02-01,15.32,15.6264,,0.0,30.64,0.0,30.64,target_hit,
cycle_win,2023-02-01,2023-02-01,15.6,15.911999999999999,,0.0,31.19999999999994,0.0,31.19999999999994,target_hit,
cycle_win,2023-02-01,2023-02-01,15.95,16.269,,0.0,31.899999999999906,0.0,31.899999999999906,target_hit,
cycle_win,2023-02-01,2023-02-01,16.39,16.7178,,0.0,32.77999999999999,0.0,32.77999999999999,target_hit,
cycle_win,2023-02-01,2023-02-01,16.92,17.2584,,0.0,33.84,0.0,33.84,target_hit,
cycle_win,2023-02-01,2023-02-02,17.21,17.5542,,0.0,34.42000000000007,0.0,34.42000000000007,target_hit,
cycle_win,2023-02-02,2023-02-02,17.59,17.9418,,0.0,35.18000000000008,0.0,35.18000000000008,target_hit,
cycle_win,2023-02-02,2023-02-02,17.95,18.309,,0.0,35.900000000000176,0.0,35.900000000000176,target_hit,
cycle_win,2023-02-09,2023-02-14,16.58,16.9116,,0.0,33.16000000000017,0.0,33.16000000000017,target_hit,
cycle_win,2023-02-14,2023-02-14,16.97,17.3094,,0.0,33.940000000000126,0.0,33.940000000000126,target_hit,
cycle_win,2023-02-22,2023-02-23,13.79,15.14,,0.0,135.00000000000014,0.0,135.00000000000014,target_hit,
cycle_win,2023-03-02,2023-03-03,15.02,15.3204,,0.0,30.039999999999978,0.0,30.039999999999978,target_hit,
cycle_win,2023-03-03,2023-03-03,15.34,15.6468,,0.0,30.680000000000085,0.0,30.680000000000085,target_hit,
cycle_win,2023-03-03,2023-03-06,15.69,16.0038,,0.0,31.379999999999875,0.0,31.379999999999875,target_hit,
cycle_win,2023-03-06,2023-03-09,16.01,16.3302,,0.0,32.01999999999998,0.0,32.01999999999998,target_hit,
hedged_lot,2023-02-02,2023-03-10,18.37,14.04,17.0,0.0,-433.0,165.0,-268.0,expiry|call_expired,2023-02-09
cycle_win,2023-03-16,2023-03-17,16.42,16.748400000000004,,0.0,32.8400000000002,0.0,32.8400000000002,target_hit,
cycle_win,2023-03-17,2023-03-21,16.7,17.034,,0.0,33.39999999999996,0.0,33.39999999999996,target_hit,
cycle_win,2023-03-21,2023-03-21,17.14,17.4828,,0.0,34.280000000000044,0.0,34.280000000000044,target_hit,
cycle_win,2023-03-21,2023-03-22,17.29,17.6358,,0.0,34.580000000000055,0.0,34.580000000000055,target_hit,
cycle_win,2023-03-22,2023-03-22,17.47,17.819399999999998,,0.0,34.93999999999993,0.0,34.93999999999993,target_hit,
hedged_lot,2023-02-14,2023-03-24,17.31,16.56,14.0,0.0,-330.9999999999998,150.0,-180.99999999999977,expiry|assigned,2023-02-22
cycle_win,2023-03-29,2023-03-30,17.13,17.76,,0.0,63.000000000000256,0.0,63.000000000000256,target_hit,
cycle_win,2023-03-30,2023-03-30,17.84,18.1968,,0.0,35.67999999999998,0.0,35.67999999999998,target_hit,
hedged_lot,2023-02-23,2023-03-31,15.14,18.28,15.5,0.0,36.0,139.0,175.0,expiry|assigned,2023-03-02
cycle_win,2023-04-06,2023-04-10,15.66,15.9732,,0.0,31.320000000000014,0.0,31.320000000000014,target_hit,
cycle_win,2023-04-10,2023-04-10,15.96,16.2792,,0.0,31.91999999999986,0.0,31.91999999999986,target_hit,
cycle_win,2023-04-10,2023-04-11,16.3,16.72,,0.0,41.999999999999815,0.0,41.999999999999815,target_hit,
hedged_lot,2023-03-09,2023-04-14,16.37,15.58,16.5,0.0,-79.0,171.0,92.0,expiry|call_expired,2023-03-16
cycle_win,2023-04-25,2023-04-26,13.18,13.62,,0.0,43.99999999999995,0.0,43.99999999999995,target_hit,
cycle_win,2023-04-26,2023-04-26,13.51,13.7802,,0.0,27.02000000000009,0.0,27.02000000000009,target_hit,
hedged_lot,2023-03-22,2023-04-28,17.89,14.26,17.5,0.0,-363.0,155.0,-208.0,expiry|call_expired,2023-03-29
cycle_win,2023-04-26,2023-04-28,13.73,14.0046,,0.0,27.45999999999995,0.0,27.45999999999995,target_hit,
cycle_win,2023-04-28,2023-04-28,13.99,14.2698,,0.0,27.979999999999983,0.0,27.979999999999983,target_hit,
cycle_win,2023-04-28,2023-05-01,14.27,14.5554,,0.0,28.5400000000001,0.0,28.5400000000001,target_hit,
cycle_win,2023-05-01,2023-05-02,14.6,14.892,,0.0,29.19999999999998,0.0,29.19999999999998,target_hit,
hedged_lot,2023-03-30,2023-05-05,18.23,14.49,16.0,0.0,-374.0,141.0,-233.0,expiry|call_expired,2023-04-06
cycle_win,2023-05-09,2023-05-10,13.92,14.38,,0.0,46.000000000000085,0.0,46.000000000000085,target_hit,
cycle_win,2023-05-10,2023-05-15,14.48,14.7696,,0.0,28.960000000000008,0.0,28.960000000000008,target_hit,
cycle_win,2023-05-15,2023-05-15,14.75,15.045,,0.0,29.499999999999993,0.0,29.499999999999993,target_hit,
cycle_win,2023-05-15,2023-05-16,15.03,15.3306,,0.0,30.06000000000011,0.0,30.06000000000011,target_hit,
cycle_win,2023-05-16,2023-05-16,15.18,15.4836,,0.0,30.359999999999943,0.0,30.359999999999943,target_hit,
cycle_win,2023-05-16,2023-05-17,15.34,15.6468,,0.0,30.680000000000085,0.0,30.680000000000085,target_hit,
cycle_win,2023-05-17,2023-05-17,15.68,15.9936,,0.0,31.3600000000001,0.0,31.3600000000001,target_hit,
cycle_win,2023-05-17,2023-05-17,15.99,16.3098,,0.0,31.979999999999897,0.0,31.979999999999897,target_hit,
cycle_win,2023-05-17,2023-05-18,16.28,16.605600000000003,,0.0,32.560000000000144,0.0,32.560000000000144,target_hit,
cycle_win,2023-05-18,2023-05-18,16.81,17.1462,,0.0,33.62000000000016,0.0,33.62000000000016,target_hit,
cycle_win,2023-05-18,2023-05-18,17.07,17.4114,,0.0,34.140000000000015,0.0,34.140000000000015,target_hit,
cycle_win,2023-05-18,2023-05-18,17.43,17.7786,,0.0,34.86000000000011,0.0,34.86000000000011,target_hit,
hedged_lot,2023-04-11,2023-05-19,16.7,17.37,16.0,0.0,-70.0,139.0,69.0,expiry|assigned,2023-04-18
cycle_win,2023-05-18,2023-05-25,17.7,18.16,,0.0,46.000000000000085,0.0,46.000000000000085,target_hit,
cycle_win,2023-05-25,2023-05-25,18.09,18.4518,,0.0,36.17999999999988,0.0,36.17999999999988,target_hit,
cycle_win,2023-05-25,2023-05-25,18.48,18.849600000000002,,0.0,36.96000000000019,0.0,36.96000000000019,target_hit,
cycle_win,2023-05-25,2023-05-25,18.89,19.2678,,0.0,37.78000000000006,0.0,37.78000000000006,target_hit,
hedged_lot,2023-04-18,2023-05-26,15.78,22.91,13.5,0.0,-228.0,121.0,-107.0,expiry|assigned,2023-04-25
cycle_win,2023-05-25,2023-05-26,19.25,20.05,,0.0,80.00000000000007,0.0,80.00000000000007,target_hit,
cycle_win,2023-05-26,2023-05-26,20.18,20.5836,,0.0,40.360000000000085,0.0,40.360000000000085,target_hit,
cycle_win,2023-05-26,2023-05-26,20.48,20.8896,,0.0,40.96000000000011,0.0,40.96000000000011,target_hit,
cycle_win,2023-05-26,2023-05-26,20.93,21.3486,,0.0,41.86000000000014,0.0,41.86000000000014,target_hit,
cycle_win,2023-05-26,2023-05-26,21.4,21.828,,0.0,42.80000000000008,0.0,42.80000000000008,target_hit,
cycle_win,2023-05-26,2023-05-26,21.88,22.3176,,0.0,43.75999999999998,0.0,43.75999999999998,target_hit,
cycle_win,2023-05-26,2023-05-26,22.39,22.8378,,0.0,44.780000000000086,0.0,44.780000000000086,target_hit,
cycle_win,2023-05-26,2023-05-30,22.83,24.57,,0.0,174.0000000000002,0.0,174.0000000000002,target_hit,
cycle_win,2023-06-06,2023-06-07,21.72,22.1544,,0.0,43.44000000000001,0.0,43.44000000000001,target_hit,
cycle_win,2023-06-07,2023-06-07,22.29,22.7358,,0.0,44.5800000000002,0.0,44.5800000000002,target_hit,
hedged_lot,2023-05-02,2023-06-09,14.84,22.42,14.0,0.0,-84.0,124.0,40.0,expiry|assigned,2023-05-09
cycle_win,2023-06-07,2023-06-09,22.74,23.194799999999997,,0.0,45.479999999999876,0.0,45.479999999999876,target_hit,
cycle_win,2023-06-09,2023-06-12,23.15,23.613,,0.0,46.3000000000001,0.0,46.3000000000001,target_hit,
cycle_win,2023-06-12,2023-06-12,23.55,24.021,,0.0,47.10000000000001,0.0,47.10000000000001,target_hit,
cycle_win,2023-06-12,2023-06-12,23.97,24.4494,,0.0,47.94000000000018,0.0,47.94000000000018,target_hit,
cycle_win,2023-06-12,2023-06-13,24.53,25.79,,0.0,125.9999999999998,0.0,125.9999999999998,target_hit,
cycle_win,2023-06-13,2023-06-14,25.86,26.3772,,0.0,51.7199999999999,0.0,51.7199999999999,target_hit,
cycle_win,2023-06-22,2023-06-27,23.13,23.5926,,0.0,46.26000000000019,0.0,46.26000000000019,target_hit,
cycle_win,2023-06-27,2023-06-27,23.6,24.072000000000003,,0.0,47.20000000000013,0.0,47.20000000000013,target_hit,
cycle_win,2023-06-27,2023-06-30,24.06,24.58,,0.0,51.99999999999996,0.0,51.99999999999996,target_hit,
cycle_win,2023-06-30,2023-06-30,24.37,24.857400000000002,,0.0,48.740000000000094,0.0,48.740000000000094,target_hit,
cycle_win,2023-06-30,2023-07-03,24.87,25.3674,,0.0,49.739999999999895,0.0,49.739999999999895,target_hit,
hedged_lot,2023-05-30,2023-07-07,24.48,22.95,22.0,0.0,-248.0,172.0,-76.0,expiry|assigned,2023-06-06
cycle_win,2023-07-11,2023-07-12,24.36,25.43,,0.0,107.00000000000003,0.0,107.00000000000003,target_hit,
cycle_win,2023-07-12,2023-07-13,25.52,26.51,,0.0,99.0000000000002,0.0,99.0000000000002,target_hit,
cycle_win,2023-07-13,2023-07-13,26.44,26.9688,,0.0,52.88000000000004,0.0,52.88000000000004,target_hit,
cycle_win,2023-07-13,2023-07-14,26.94,27.478800000000003,,0.0,53.880000000000194,0.0,53.880000000000194,target_hit,
cycle_win,2023-07-14,2023-07-14,27.33,27.8766,,0.0,54.66000000000015,0.0,54.66000000000015,target_hit,
cycle_win,2023-07-14,2023-07-17,27.87,28.427400000000002,,0.0,55.74000000000012,0.0,55.74000000000012,target_hit,
hedged_lot,2023-06-14,2023-07-21,26.64,24.94,23.5,0.0,-314.0,169.0,-145.0,expiry|assigned,2023-06-22
cycle_win,2023-07-24,2023-07-25,24.89,25.387800000000002,,0.0,49.78000000000016,0.0,49.78000000000016,target_hit,
cycle_win,2023-07-25,2023-07-25,25.69,26.2038,,0.0,51.37999999999998,0.0,51.37999999999998,target_hit,
cycle_win,2023-07-25,2023-07-27,26.29,27.0,,0.0,71.00000000000009,0.0,71.00000000000009,target_hit,
cycle_win,2023-07-27,2023-07-27,27.23,27.7746,,0.0,54.45999999999991,0.0,54.45999999999991,target_hit,
cycle_win,2023-07-27,2023-07-28,27.78,28.335600000000003,,0.0,55.56000000000019,0.0,55.56000000000019,target_hit,
cycle_win,2023-08-04,2023-08-07,24.89,25.46,,0.0,57.00000000000003,0.0,57.00000000000003,target_hit,
hedged_lot,2023-07-03,2023-08-11,25.69,21.16,24.5,0.0,-453.0,214.0,-239.0,expiry|call_expired,2023-07-11
cycle_win,2023-08-21,2023-08-22,21.93,22.71,,0.0,78.00000000000011,0.0,78.00000000000011,target_hit,
cycle_win,2023-08-22,2023-08-24,22.69,23.89,,0.0,119.99999999999993,0.0,119.99999999999993,target_hit,
hedged_lot,2023-07-17,2023-08-25,28.44,20.64,25.0,0.0,-780.0,225.99999999999997,-554.0,expiry|call_expired,2023-07-24
cycle_win,2023-08-24,2023-08-30,23.21,23.674200000000003,,0.0,46.42000000000017,0.0,46.42000000000017,target_hit,
cycle_win,2023-08-30,2023-08-31,23.68,24.1536,,0.0,47.36000000000011,0.0,47.36000000000011,target_hit,
hedged_lot,2023-07-28,2023-09-01,28.3,24.04,25.0,0.0,-426.0,223.0,-203.0,expiry|call_expired,2023-08-04
cycle_win,2023-09-08,2023-09-11,21.48,22.24,,0.0,75.9999999999998,0.0,75.9999999999998,target_hit,
hedged_lot,2023-08-07,2023-09-15,25.54,19.74,23.0,0.0,-580.0000000000002,221.0,-359.0000000000002,expiry|call_expired,2023-08-14
hedged_lot,2023-08-14,2023-09-22,22.94,17.86,22.0,0.0,-508.0,222.00000000000003,-286.0,expiry|call_expired,2023-08-21
cycle_win,2023-09-25,2023-09-28,18.23,18.5946,,0.0,36.45999999999994,0.0,36.45999999999994,target_hit,
cycle_win,2023-09-28,2023-09-28,18.62,18.9924,,0.0,37.239999999999895,0.0,37.239999999999895,target_hit,
cycle_win,2023-09-28,2023-09-29,19.09,19.4718,,0.0,38.18000000000019,0.0,38.18000000000019,target_hit,
hedged_lot,2023-08-31,2023-10-06,24.18,19.5,21.5,0.0,-468.0,179.0,-289.0,expiry|call_expired,2023-09-08
cycle_win,2023-10-06,2023-10-10,19.5,19.89,,0.0,39.00000000000006,0.0,39.00000000000006,target_hit,
cycle_win,2023-10-10,2023-10-10,19.86,20.2572,,0.0,39.720000000000155,0.0,39.720000000000155,target_hit,
cycle_win,2023-10-10,2023-10-11,20.27,20.6754,,0.0,40.54000000000002,0.0,40.54000000000002,target_hit,
cycle_win,2023-10-11,2023-10-12,20.61,21.0222,,0.0,41.22000000000021,0.0,41.22000000000021,target_hit,
cycle_win,2023-10-12,2023-10-12,21.02,21.4404,,0.0,42.04000000000008,0.0,42.04000000000008,target_hit,
hedged_lot,2023-09-11,2023-10-20,21.88,16.63,20.0,0.0,-525.0,169.0,-356.0,expiry|call_expired,2023-09-18
cycle_win,2023-10-19,2023-10-20,17.41,17.758200000000002,,0.0,34.820000000000206,0.0,34.820000000000206,target_hit,
hedged_lot,2023-09-18,2023-10-27,19.96,15.14,18.5,0.0,-482.0,157.0,-325.0,expiry|call_expired,2023-09-25
cycle_win,2023-10-27,2023-11-01,15.14,15.4428,,0.0,30.27999999999995,0.0,30.27999999999995,target_hit,
cycle_win,2023-11-01,2023-11-01,15.42,15.7284,,0.0,30.840000000000067,0.0,30.840000000000067,target_hit,
cycle_win,2023-11-01,2023-11-01,15.66,15.9732,,0.0,31.320000000000014,0.0,31.320000000000014,target_hit,
cycle_win,2023-11-01,2023-11-02,15.98,16.9,,0.0,91.99999999999982,0.0,91.99999999999982,target_hit,
cycle_win,2023-11-02,2023-11-02,16.65,16.983,,0.0,33.300000000000196,0.0,33.300000000000196,target_hit,
cycle_win,2023-11-02,2023-11-02,16.88,17.2176,,0.0,33.76000000000019,0.0,33.76000000000019,target_hit,
hedged_lot,2023-09-29,2023-11-03,19.45,18.39,20.0,0.0,-106.0,151.0,45.0,expiry|call_expired,2023-10-06
cycle_win,2023-11-02,2023-11-03,17.21,17.6,,0.0,39.00000000000006,0.0,39.00000000000006,target_hit,
cycle_win,2023-11-03,2023-11-03,17.66,18.0132,,0.0,35.32000000000011,0.0,35.32000000000011,target_hit,
cycle_win,2023-11-03,2023-11-03,18.08,18.441599999999998,,0.0,36.159999999999926,0.0,36.159999999999926,target_hit,
cycle_win,2023-11-03,2023-11-07,18.46,18.8292,,0.0,36.91999999999993,0.0,36.91999999999993,target_hit,
cycle_win,2023-11-07,2023-11-09,18.82,19.1964,,0.0,37.64000000000003,0.0,37.64000000000003,target_hit,
cycle_win,2023-11-09,2023-11-09,19.27,19.6554,,0.0,38.54000000000006,0.0,38.54000000000006,target_hit,
cycle_win,2023-11-09,2023-11-10,19.63,20.0226,,0.0,39.26000000000016,0.0,39.26000000000016,target_hit,
cycle_win,2023-11-10,2023-11-10,20.03,20.430600000000002,,0.0,40.06000000000007,0.0,40.06000000000007,target_hit,
cycle_win,2023-11-10,2023-11-14,20.49,21.51,,0.0,102.00000000000031,0.0,102.00000000000031,target_hit,
cycle_win,2023-11-14,2023-11-14,21.51,21.9402,,0.0,43.019999999999925,0.0,43.019999999999925,target_hit,
cycle_win,2023-11-14,2023-11-15,21.97,22.61,,0.0,64.00000000000006,0.0,64.00000000000006,target_hit,
cycle_win,2023-11-15,2023-11-15,22.61,23.0622,,0.0,45.22000000000013,0.0,45.22000000000013,target_hit,
hedged_lot,2023-10-12,2023-11-17,21.43,23.15,18.0,0.0,-343.0,149.0,-194.0,expiry|assigned,2023-10-19
cycle_win,2023-11-15,2023-11-20,23.06,23.5212,,0.0,46.12000000000016,0.0,46.12000000000016,target_hit,
cycle_win,2023-11-20,2023-11-20,23.53,24.000600000000002,,0.0,47.0600000000001,0.0,47.0600000000001,target_hit,
hedged_lot,2023-10-20,2023-11-24,17.59,23.09,15.5,0.0,-209.0,136.0,-73.0,expiry|assigned,2023-10-27
cycle_win,2023-11-28,2023-11-29,22.54,23.46,,0.0,92.00000000000017,0.0,92.00000000000017,target_hit,
cycle_win,2023-12-06,2023-12-07,21.48,22.01,,0.0,53.000000000000114,0.0,53.000000000000114,target_hit,
cycle_win,2023-12-07,2023-12-07,22.21,22.654200000000003,,0.0,44.420000000000215,0.0,44.420000000000215,target_hit,
cycle_win,2023-12-07,2023-12-07,22.65,23.102999999999998,,0.0,45.29999999999994,0.0,45.29999999999994,target_hit,
cycle_win,2023-12-07,2023-12-08,23.16,23.6232,,0.0,46.32000000000005,0.0,46.32000000000005,target_hit,
cycle_win,2023-12-08,2023-12-11,23.76,24.38,,0.0,61.999999999999744,0.0,61.999999999999744,target_hit,
cycle_win,2023-12-11,2023-12-11,24.65,25.143,,0.0,49.30000000000021,0.0,49.30000000000021,target_hit,
cycle_win,2023-12-11,2023-12-11,25.15,25.653,,0.0,50.30000000000001,0.0,50.30000000000001,target_hit,
cycle_win,2023-12-11,2023-12-11,25.71,26.2242,,0.0,51.41999999999989,0.0,51.41999999999989,target_hit,
cycle_win,2023-12-11,2023-12-13,26.25,26.775000000000002,,0.0,52.50000000000021,0.0,52.50000000000021,target_hit,
cycle_win,2023-12-13,2023-12-13,26.92,27.4584,,0.0,53.83999999999993,0.0,53.83999999999993,target_hit,
cycle_win,2023-12-13,2023-12-13,27.33,27.8766,,0.0,54.66000000000015,0.0,54.66000000000015,target_hit,
cycle_win,2023-12-13,2023-12-14,27.99,28.62,,0.0,63.000000000000256,0.0,63.000000000000256,target_hit,
cycle_win,2023-12-14,2023-12-14,29.37,29.9574,,0.0,58.73999999999988,0.0,58.73999999999988,target_hit,
cycle_win,2023-12-14,2023-12-15,29.95,30.549,,0.0,59.90000000000002,0.0,59.90000000000002,target_hit,
cycle_win,2023-12-15,2023-12-15,30.94,31.5588,,0.0,61.880000000000024,0.0,61.880000000000024,target_hit,
cycle_win,2023-12-22,2023-12-26,30.53,31.140600000000003,,0.0,61.06000000000016,0.0,61.06000000000016,target_hit,
cycle_win,2023-12-26,2023-12-26,31.4,32.028,,0.0,62.80000000000001,0.0,62.80000000000001,target_hit,
cycle_win,2023-12-26,2023-12-27,32.02,32.6604,,0.0,64.03999999999996,0.0,64.03999999999996,target_hit,
hedged_lot,2023-11-20,2023-12-29,23.99,31.4,23.0,0.0,-99.0,144.0,45.0,expiry|assigned,2023-11-28
hedged_lot,2023-11-29,2024-01-05,23.87,25.94,21.5,0.0,-237.0,164.0,-73.0,expiry|assigned,2023-12-06
cycle_win,2024-01-04,2024-01-05,25.51,26.020200000000003,,0.0,51.02000000000011,0.0,51.02000000000011,target_hit,
cycle_win,2024-01-05,2024-01-05,26.03,26.550600000000003,,0.0,52.06000000000017,0.0,52.06000000000017,target_hit,
cycle_win,2024-01-05,2024-01-08,26.5,27.03,,0.0,53.000000000000114,0.0,53.000000000000114,target_hit,
cycle_win,2024-01-08,2024-01-08,27.12,27.6624,,0.0,54.240000000000066,0.0,54.240000000000066,target_hit,
cycle_win,2024-01-08,2024-01-08,27.7,28.254,,0.0,55.400000000000205,0.0,55.400000000000205,target_hit,
cycle_win,2024-01-08,2024-01-09,28.27,28.8354,,0.0,56.540000000000035,0.0,56.540000000000035,target_hit,
cycle_win,2024-01-09,2024-01-16,28.93,29.5086,,0.0,57.860000000000156,0.0,57.860000000000156,target_hit,
cycle_win,2024-01-16,2024-01-18,29.67,30.7,,0.0,102.99999999999976,0.0,102.99999999999976,target_hit,
hedged_lot,2023-12-15,2024-01-19,31.46,34.9,31.0,0.0,-46.0,202.0,156.0,expiry|assigned,2023-12-22
cycle_win,2024-01-18,2024-01-19,30.8,32.42,,0.0,162.0000000000001,0.0,162.0000000000001,target_hit,
cycle_win,2024-01-19,2024-01-19,32.44,33.0888,,0.0,64.88000000000014,0.0,64.88000000000014,target_hit,
cycle_win,2024-01-19,2024-01-19,33.1,33.762,,0.0,66.1999999999999,0.0,66.1999999999999,target_hit,
cycle_win,2024-01-19,2024-01-19,33.71,34.3842,,0.0,67.4199999999999,0.0,67.4199999999999,target_hit,
cycle_win,2024-01-19,2024-01-22,34.38,35.68,,0.0,129.99999999999972,0.0,129.99999999999972,target_hit,
cycle_win,2024-01-22,2024-01-24,36.34,37.1,,0.0,75.9999999999998,0.0,75.9999999999998,target_hit,
cycle_win,2024-01-24,2024-01-24,36.73,37.4646,,0.0,73.46000000000004,0.0,73.46000000000004,target_hit,
cycle_win,2024-01-24,2024-01-24,37.49,38.2398,,0.0,74.98000000000005,0.0,74.98000000000005,target_hit,
cycle_win,2024-01-24,2024-01-25,38.43,39.5,,0.0,107.00000000000003,0.0,107.00000000000003,target_hit,
hedged_lot,2023-12-27,2024-02-02,32.34,33.68,26.0,0.0,-634.0000000000005,191.0,-443.00000000000045,expiry|assigned,2024-01-04
cycle_win,2024-02-01,2024-02-02,32.45,33.099000000000004,,0.0,64.90000000000009,0.0,64.90000000000009,target_hit,
cycle_win,2024-02-02,2024-02-02,33.19,33.8538,,0.0,66.3800000000002,0.0,66.3800000000002,target_hit,
cycle_win,2024-02-02,2024-02-05,33.65,34.54,,0.0,89.00000000000006,0.0,89.00000000000006,target_hit,
cycle_win,2024-02-05,2024-02-08,35.05,35.751,,0.0,70.10000000000005,0.0,70.10000000000005,target_hit,
cycle_win,2024-02-08,2024-02-08,36.25,36.975,,0.0,72.50000000000014,0.0,72.50000000000014,target_hit,
cycle_win,2024-02-08,2024-02-08,36.68,37.4136,,0.0,73.36000000000027,0.0,73.36000000000027,target_hit,
cycle_win,2024-02-08,2024-02-09,37.53,38.2806,,0.0,75.05999999999986,0.0,75.05999999999986,target_hit,
cycle_win,2024-02-09,2024-02-09,38.27,39.0354,,0.0,76.53999999999996,0.0,76.53999999999996,target_hit,
cycle_win,2024-02-09,2024-02-12,39.02,39.8004,,0.0,78.04000000000002,0.0,78.04000000000002,target_hit,
cycle_win,2024-02-12,2024-02-12,39.93,40.7286,,0.0,79.86000000000004,0.0,79.86000000000004,target_hit,
cycle_win,2024-02-20,2024-02-22,36.4,40.45,,0.0,405.00000000000045,0.0,405.00000000000045,target_hit,
cycle_win,2024-02-22,2024-02-22,40.2,41.004000000000005,,0.0,80.4000000000002,0.0,80.4000000000002,target_hit,
cycle_win,2024-02-22,2024-02-22,41.01,41.8302,,0.0,82.01999999999998,0.0,82.01999999999998,target_hit,
cycle_win,2024-02-22,2024-02-23,41.84,42.67680000000001,,0.0,83.68000000000038,0.0,83.68000000000038,target_hit,
hedged_lot,2024-01-25,2024-03-01,39.14,48.34,32.5,0.0,-664.0,278.0,-386.0,expiry|assigned,2024-02-01
cycle_win,2024-02-23,2024-03-01,42.55,44.4,,0.0,185.00000000000014,0.0,185.00000000000014,target_hit,
cycle_win,2024-03-01,2024-03-01,45.08,45.9816,,0.0,90.1600000000002,0.0,90.1600000000002,target_hit,
cycle_win,2024-03-01,2024-03-01,45.98,46.8996,,0.0,91.96000000000026,0.0,91.96000000000026,target_hit,
cycle_win,2024-03-01,2024-03-01,46.81,47.7462,,0.0,93.61999999999995,0.0,93.61999999999995,target_hit,
cycle_win,2024-03-01,2024-03-01,47.75,48.705,,0.0,95.49999999999983,0.0,95.49999999999983,target_hit,
cycle_win,2024-03-01,2024-03-04,48.71,49.99,,0.0,128.0000000000001,0.0,128.0000000000001,target_hit,
cycle_win,2024-03-04,2024-03-04,49.55,50.541,,0.0,99.09999999999997,0.0,99.09999999999997,target_hit,
cycle_win,2024-03-04,2024-03-04,50.17,51.1734,,0.0,100.33999999999992,0.0,100.33999999999992,target_hit,
cycle_win,2024-03-04,2024-03-07,51.32,52.3464,,0.0,102.64000000000024,0.0,102.64000000000024,target_hit,
cycle_win,2024-03-07,2024-03-07,53.08,54.1416,,0.0,106.15999999999985,0.0,106.15999999999985,target_hit,
cycle_win,2024-03-07,2024-03-07,53.92,54.998400000000004,,0.0,107.8400000000002,0.0,107.8400000000002,target_hit,
cycle_win,2024-03-07,2024-03-08,55.12,56.2224,,0.0,110.2400000000003,0.0,110.2400000000003,target_hit,
cycle_win,2024-03-15,2024-03-18,42.67,44.7,,0.0,203.0000000000001,0.0,203.0000000000001,target_hit,
cycle_win,2024-03-18,2024-03-21,44.65,47.62,,0.0,296.9999999999999,0.0,296.9999999999999,target_hit,
cycle_win,2024-03-21,2024-03-21,46.97,47.9094,,0.0,93.93999999999991,0.0,93.93999999999991,target_hit,
cycle_win,2024-03-21,2024-03-21,47.77,48.7254,,0.0,95.53999999999974,0.0,95.53999999999974,target_hit,
hedged_lot,2024-02-12,2024-03-22,40.79,46.41,36.5,0.0,-429.0,291.0,-138.0,expiry|assigned,2024-02-20
cycle_win,2024-03-28,2024-04-01,46.53,47.4606,,0.0,93.05999999999983,0.0,93.05999999999983,target_hit,
cycle_win,2024-04-01,2024-04-01,48.05,49.010999999999996,,0.0,96.09999999999985,0.0,96.09999999999985,target_hit,
cycle_win,2024-04-08,2024-04-09,44.01,45.37,,0.0,135.99999999999994,0.0,135.99999999999994,target_hit,
cycle_win,2024-04-09,2024-04-11,45.05,45.951,,0.0,90.10000000000034,0.0,90.10000000000034,target_hit,
hedged_lot,2024-03-08,2024-04-12,56.47,41.36,43.0,0.0,-1511.0,445.0,-1066.0,expiry|call_expired,2024-03-15
cycle_win,2024-04-18,2024-04-24,34.85,36.91,,0.0,205.99999999999952,0.0,205.99999999999952,target_hit,
cycle_win,2024-04-24,2024-04-25,36.96,37.699200000000005,,0.0,73.92000000000039,0.0,73.92000000000039,target_hit,
hedged_lot,2024-03-21,2024-04-26,48.6,39.75,47.0,0.0,-885.0,395.0,-490.0,expiry|call_expired,2024-03-28
cycle_win,2024-04-25,2024-04-26,37.82,38.5764,,0.0,75.63999999999993,0.0,75.63999999999993,target_hit,
cycle_win,2024-04-26,2024-04-26,38.57,39.3414,,0.0,77.13999999999999,0.0,77.13999999999999,target_hit,
cycle_win,2024-04-26,2024-04-29,39.54,40.330799999999996,,0.0,79.07999999999973,0.0,79.07999999999973,target_hit,
cycle_win,2024-04-29,2024-04-30,40.3,41.105999999999995,,0.0,80.59999999999974,0.0,80.59999999999974,target_hit,
hedged_lot,2024-04-01,2024-05-10,49.13,41.02,44.5,0.0,-811.0,425.0,-386.0,expiry|call_expired,2024-04-08
cycle_win,2024-05-07,2024-05-10,40.3,41.12,,0.0,82.00000000000003,0.0,82.00000000000003,target_hit,
cycle_win,2024-05-10,2024-05-14,41.91,42.7482,,0.0,83.82000000000005,0.0,83.82000000000005,target_hit,
cycle_win,2024-05-14,2024-05-14,42.54,43.3908,,0.0,85.07999999999996,0.0,85.07999999999996,target_hit,
cycle_win,2024-05-14,2024-05-15,43.31,44.67,,0.0,135.99999999999994,0.0,135.99999999999994,target_hit,
cycle_win,2024-05-15,2024-05-15,44.61,45.5022,,0.0,89.22000000000025,0.0,89.22000000000025,target_hit,
cycle_win,2024-05-15,2024-05-15,45.54,46.4508,,0.0,91.08000000000018,0.0,91.08000000000018,target_hit,
cycle_win,2024-05-15,2024-05-16,46.51,47.4402,,0.0,93.01999999999992,0.0,93.01999999999992,target_hit,
hedged_lot,2024-04-11,2024-05-17,45.9,45.43,35.0,0.0,-1090.0,355.0,-735.0,expiry|assigned,2024-04-18
cycle_win,2024-05-16,2024-05-20,47.43,48.3786,,0.0,94.8599999999999,0.0,94.8599999999999,target_hit,
cycle_win,2024-05-20,2024-05-22,48.39,49.357800000000005,,0.0,96.7800000000004,0.0,96.7800000000004,target_hit,
cycle_win,2024-05-22,2024-05-23,49.41,53.12,,0.0,371.0000000000001,0.0,371.0000000000001,target_hit,
cycle_win,2024-05-23,2024-05-28,52.28,53.34,,0.0,106.00000000000023,0.0,106.00000000000023,target_hit,
cycle_win,2024-05-28,2024-05-28,52.96,54.019200000000005,,0.0,105.92000000000041,0.0,105.92000000000041,target_hit,
cycle_win,2024-06-04,2024-06-05,47.58,50.03,,0.0,245.00000000000028,0.0,245.00000000000028,target_hit,
cycle_win,2024-06-05,2024-06-05,50.0,51.0,,0.0,100.0,0.0,100.0,target_hit,
cycle_win,2024-06-05,2024-06-05,51.34,52.366800000000005,,0.0,102.68000000000015,0.0,102.68000000000015,target_hit,
cycle_win,2024-06-05,2024-06-05,52.4,53.448,,0.0,104.80000000000018,0.0,104.80000000000018,target_hit,
hedged_lot,2024-04-30,2024-06-07,41.13,51.91,40.5,0.0,-63.0,385.0,322.0,expiry|assigned,2024-05-07
cycle_win,2024-06-05,2024-06-10,53.42,54.488400000000006,,0.0,106.8400000000004,0.0,106.8400000000004,target_hit,
cycle_win,2024-06-10,2024-06-12,54.52,57.25,,0.0,272.99999999999966,0.0,272.99999999999966,target_hit,
cycle_win,2024-06-12,2024-06-12,57.83,58.9866,,0.0,115.66000000000045,0.0,115.66000000000045,target_hit,
cycle_win,2024-06-12,2024-06-13,58.86,60.07,,0.0,121.00000000000009,0.0,121.00000000000009,target_hit,
cycle_win,2024-06-13,2024-06-17,61.09,62.311800000000005,,0.0,122.18000000000018,0.0,122.18000000000018,target_hit,
cycle_win,2024-06-17,2024-06-18,62.53,63.7806,,0.0,125.05999999999986,0.0,125.05999999999986,target_hit,
cycle_win,2024-06-18,2024-06-18,64.26,65.54520000000001,,0.0,128.52000000000032,0.0,128.52000000000032,target_hit,
cycle_win,2024-06-26,2024-06-28,54.71,55.8042,,0.0,109.42000000000007,0.0,109.42000000000007,target_hit,
cycle_win,2024-06-28,2024-06-28,55.93,57.0486,,0.0,111.86000000000007,0.0,111.86000000000007,target_hit,
cycle_win,2024-06-28,2024-06-28,57.02,58.1604,,0.0,114.03999999999996,0.0,114.03999999999996,target_hit,
cycle_win,2024-06-28,2024-07-03,58.48,59.6496,,0.0,116.96000000000026,0.0,116.96000000000026,target_hit,
cycle_win,2024-07-03,2024-07-03,59.59,60.781800000000004,,0.0,119.18000000000006,0.0,119.18000000000006,target_hit,
hedged_lot,2024-05-28,2024-07-05,54.08,60.81,48.0,0.0,-608.0,300.0,-308.0,expiry|assigned,2024-06-04
cycle_win,2024-07-03,2024-07-05,60.81,62.0262,,0.0,121.62000000000006,0.0,121.62000000000006,target_hit,
cycle_win,2024-07-05,2024-07-08,61.65,62.883,,0.0,123.30000000000041,0.0,123.30000000000041,target_hit,
cycle_win,2024-07-08,2024-07-08,63.07,64.3314,,0.0,126.14000000000019,0.0,126.14000000000019,target_hit,
cycle_win,2024-07-08,2024-07-09,64.38,65.6676,,0.0,128.75999999999976,0.0,128.75999999999976,target_hit,
cycle_win,2024-07-09,2024-07-10,66.12,67.4424,,0.0,132.24000000000018,0.0,132.24000000000018,target_hit,
cycle_win,2024-07-10,2024-07-10,67.25,68.595,,0.0,134.4999999999999,0.0,134.4999999999999,target_hit,
cycle_win,2024-07-10,2024-07-11,68.51,70.01,,0.0,150.0,0.0,150.0,target_hit,
cycle_win,2024-07-18,2024-07-22,51.78,52.8156,,0.0,103.56000000000023,0.0,103.56000000000023,target_hit,
hedged_lot,2024-06-18,2024-07-26,65.59,41.99,55.0,0.0,-2360.0,485.00000000000006,-1875.0,expiry|call_expired,2024-06-26
cycle_win,2024-07-29,2024-07-30,41.73,42.5646,,0.0,83.46000000000018,0.0,83.46000000000018,target_hit,
cycle_win,2024-07-30,2024-07-31,42.26,43.105199999999996,,0.0,84.51999999999984,0.0,84.51999999999984,target_hit,
cycle_win,2024-07-31,2024-07-31,43.1,43.962,,0.0,86.20000000000019,0.0,86.20000000000019,target_hit,
cycle_win,2024-07-31,2024-07-31,43.77,44.6454,,0.0,87.5399999999999,0.0,87.5399999999999,target_hit,
cycle_win,2024-08-07,2024-08-08,26.08,28.57,,0.0,249.0000000000002,0.0,249.0000000000002,target_hit,
cycle_win,2024-08-08,2024-08-08,28.3,28.866,,0.0,56.599999999999895,0.0,56.599999999999895,target_hit,
cycle_win,2024-08-08,2024-08-08,29.02,29.6004,,0.0,58.04000000000009,0.0,58.04000000000009,target_hit,
cycle_win,2024-08-08,2024-08-08,29.58,30.171599999999998,,0.0,59.15999999999997,0.0,59.15999999999997,target_hit,
cycle_win,2024-08-08,2024-08-08,30.04,30.6408,,0.0,60.079999999999956,0.0,60.079999999999956,target_hit,
cycle_win,2024-08-08,2024-08-08,30.64,31.2528,,0.0,61.28,0.0,61.28,target_hit,
cycle_win,2024-08-08,2024-08-12,31.26,31.8852,,0.0,62.51999999999995,0.0,62.51999999999995,target_hit,
cycle_win,2024-08-12,2024-08-12,31.91,32.5482,,0.0,63.82000000000012,0.0,63.82000000000012,target_hit,
cycle_win,2024-08-12,2024-08-13,32.4,33.048,,0.0,64.80000000000032,0.0,64.80000000000032,target_hit,
cycle_win,2024-08-13,2024-08-13,32.55,33.201,,0.0,65.10000000000034,0.0,65.10000000000034,target_hit,
cycle_win,2024-08-13,2024-08-13,33.25,33.915,,0.0,66.49999999999991,0.0,66.49999999999991,target_hit,
cycle_win,2024-08-13,2024-08-13,33.85,34.527,,0.0,67.69999999999996,0.0,67.69999999999996,target_hit,
cycle_win,2024-08-13,2024-08-13,34.52,35.21040000000001,,0.0,69.04000000000039,0.0,69.04000000000039,target_hit,
cycle_win,2024-08-13,2024-08-14,35.37,36.18,,0.0,81.00000000000023,0.0,81.00000000000023,target_hit,
cycle_win,2024-08-14,2024-08-15,35.5,37.36,,0.0,185.99999999999994,0.0,185.99999999999994,target_hit,
cycle_win,2024-08-15,2024-08-15,37.24,37.9848,,0.0,74.47999999999979,0.0,74.47999999999979,target_hit,
cycle_win,2024-08-15,2024-08-15,38.18,38.9436,,0.0,76.36000000000038,0.0,76.36000000000038,target_hit,
cycle_win,2024-08-15,2024-08-15,38.99,39.769800000000004,,0.0,77.98000000000016,0.0,77.98000000000016,target_hit,
hedged_lot,2024-07-11,2024-08-16,69.02,39.72,52.0,0.0,-2930.0,515.0,-2415.0,expiry|call_expired,2024-07-18
cycle_win,2024-08-15,2024-08-19,39.81,40.6062,,0.0,79.61999999999989,0.0,79.61999999999989,target_hit,
cycle_win,2024-08-19,2024-08-19,40.68,41.4936,,0.0,81.3600000000001,0.0,81.3600000000001,target_hit,
cycle_win,2024-08-19,2024-08-21,41.48,42.309599999999996,,0.0,82.95999999999992,0.0,82.95999999999992,target_hit,
cycle_win,2024-08-28,2024-08-29,36.5,37.230000000000004,,0.0,73.0000000000004,0.0,73.0000000000004,target_hit,
hedged_lot,2024-07-22,2024-08-30,52.88,38.92,42.0,0.0,-1396.0,480.0,-916.0,expiry|call_expired,2024-07-29
cycle_win,2024-08-29,2024-08-30,38.36,39.1272,,0.0,76.72000000000025,0.0,76.72000000000025,target_hit,
hedged_lot,2024-07-31,2024-09-06,44.45,25.95,27.0,0.0,-1850.0,252.99999999999997,-1597.0,expiry|call_expired,2024-08-07
cycle_win,2024-09-09,2024-09-10,27.47,28.0194,,0.0,54.94000000000021,0.0,54.94000000000021,target_hit,
cycle_win,2024-09-10,2024-09-11,27.95,28.89,,0.0,94.00000000000013,0.0,94.00000000000013,target_hit,
cycle_win,2024-09-11,2024-09-11,28.92,29.498400000000004,,0.0,57.8400000000002,0.0,57.8400000000002,target_hit,
cycle_win,2024-09-11,2024-09-11,29.15,29.733,,0.0,58.300000000000196,0.0,58.300000000000196,target_hit,
cycle_win,2024-09-11,2024-09-11,29.65,30.243,,0.0,59.3,0.0,59.3,target_hit,
cycle_win,2024-09-11,2024-09-11,30.25,30.855,,0.0,60.50000000000004,0.0,60.50000000000004,target_hit,
cycle_win,2024-09-11,2024-09-11,31.2,31.823999999999998,,0.0,62.39999999999988,0.0,62.39999999999988,target_hit,
cycle_win,2024-09-11,2024-09-12,31.97,32.6094,,0.0,63.9400000000002,0.0,63.9400000000002,target_hit,
cycle_win,2024-09-12,2024-09-13,32.63,33.2826,,0.0,65.25999999999996,0.0,65.25999999999996,target_hit,
cycle_win,2024-09-13,2024-09-19,33.4,34.68,,0.0,128.0000000000001,0.0,128.0000000000001,target_hit,
cycle_win,2024-09-19,2024-09-19,34.0,34.68,,0.0,67.99999999999997,0.0,67.99999999999997,target_hit,
cycle_win,2024-09-19,2024-09-19,34.32,35.0064,,0.0,68.6399999999999,0.0,68.6399999999999,target_hit,
cycle_win,2024-09-19,2024-09-19,35.07,35.7714,,0.0,70.13999999999996,0.0,70.13999999999996,target_hit,
cycle_win,2024-09-19,2024-09-26,35.79,40.2,,0.0,441.00000000000034,0.0,441.00000000000034,target_hit,
hedged_lot,2024-08-21,2024-09-27,42.26,37.64,37.0,0.0,-526.0,455.0,-71.0,expiry|assigned,2024-08-28
cycle_win,2024-10-03,2024-10-04,35.25,37.38,,0.0,213.00000000000026,0.0,213.00000000000026,target_hit,
cycle_win,2024-10-04,2024-10-09,37.16,37.9032,,0.0,74.32000000000016,0.0,74.32000000000016,target_hit,
cycle_win,2024-10-09,2024-10-09,37.85,38.607,,0.0,75.69999999999979,0.0,75.69999999999979,target_hit,
hedged_lot,2024-08-30,2024-10-11,38.87,38.65,27.5,0.0,-1136.9999999999995,340.0,-796.9999999999995,expiry|assigned,2024-09-09
cycle_win,2024-10-09,2024-10-14,38.61,39.44,,0.0,82.99999999999983,0.0,82.99999999999983,target_hit,
cycle_win,2024-10-14,2024-10-14,40.0,40.8,,0.0,79.99999999999972,0.0,79.99999999999972,target_hit,
cycle_win,2024-10-21,2024-10-25,35.11,35.8122,,0.0,70.21999999999977,0.0,70.21999999999977,target_hit,
cycle_win,2024-10-25,2024-10-25,35.7,36.414,,0.0,71.39999999999986,0.0,71.39999999999986,target_hit,
cycle_win,2024-10-25,2024-10-29,36.39,37.1178,,0.0,72.7800000000002,0.0,72.7800000000002,target_hit,
cycle_win,2024-10-29,2024-10-29,37.02,37.760400000000004,,0.0,74.0400000000001,0.0,74.0400000000001,target_hit,
hedged_lot,2024-09-26,2024-11-01,39.73,30.89,35.5,0.0,-883.9999999999995,340.0,-543.9999999999995,expiry|call_expired,2024-10-03
cycle_win,2024-11-05,2024-11-06,31.44,33.25,,0.0,180.9999999999999,0.0,180.9999999999999,target_hit,
cycle_win,2024-11-06,2024-11-06,33.28,33.9456,,0.0,66.55999999999977,0.0,66.55999999999977,target_hit,
cycle_win,2024-11-06,2024-11-07,33.93,35.77,,0.0,184.00000000000034,0.0,184.00000000000034,target_hit,
hedged_lot,2024-10-14,2024-11-22,40.86,28.48,35.5,0.0,-1238.0,395.0,-843.0,expiry|call_expired,2024-10-21
cycle_win,2024-11-21,2024-11-25,28.46,29.58,,0.0,111.99999999999974,0.0,111.99999999999974,target_hit,
cycle_win,2024-11-25,2024-11-25,29.29,29.875799999999998,,0.0,58.5799999999999,0.0,58.5799999999999,target_hit,
cycle_win,2024-11-25,2024-12-02,29.86,30.4572,,0.0,59.720000000000084,0.0,59.720000000000084,target_hit,
cycle_win,2024-12-02,2024-12-04,30.49,31.54,,0.0,105.00000000000007,0.0,105.00000000000007,target_hit,
hedged_lot,2024-10-29,2024-12-06,37.88,29.65,31.5,0.0,-823.0000000000005,360.0,-463.00000000000045,expiry|call_expired,2024-11-05
hedged_lot,2024-11-07,2024-12-13,35.72,30.79,30.0,0.0,-572.0,265.0,-307.0,expiry|assigned,2024-11-14
cycle_win,2024-12-11,2024-12-13,29.14,30.37,,0.0,123.00000000000004,0.0,123.00000000000004,target_hit,
cycle_win,2024-12-13,2024-12-13,30.52,31.1304,,0.0,61.040000000000205,0.0,61.040000000000205,target_hit,
cycle_win,2024-12-13,2024-12-16,31.07,31.6914,,0.0,62.14000000000013,0.0,62.14000000000013,target_hit,
cycle_win,2024-12-16,2024-12-16,31.87,32.507400000000004,,0.0,63.74000000000031,0.0,63.74000000000031,target_hit,
hedged_lot,2024-11-14,2024-12-20,29.61,27.35,28.5,0.0,-226.0,269.0,43.0,expiry|call_expired,2024-11-21
cycle_win,2024-12-23,2024-12-24,29.69,30.283800000000003,,0.0,59.380000000000166,0.0,59.380000000000166,target_hit,
cycle_win,2024-12-24,2024-12-26,30.33,30.9366,,0.0,60.660000000000025,0.0,60.660000000000025,target_hit,
cycle_win,2025-01-03,2025-01-06,29.88,31.81,,0.0,192.99999999999997,0.0,192.99999999999997,target_hit,
cycle_win,2025-01-06,2025-01-06,32.77,33.4254,,0.0,65.54000000000002,0.0,65.54000000000002,target_hit,
hedged_lot,2024-12-04,2025-01-10,31.02,28.0,29.5,0.0,-302.0,240.0,-62.0,expiry|call_expired,2024-12-11
cycle_win,2025-01-14,2025-01-15,28.23,29.65,,0.0,141.99999999999983,0.0,141.99999999999983,target_hit,
cycle_win,2025-01-15,2025-01-15,29.69,30.283800000000003,,0.0,59.380000000000166,0.0,59.380000000000166,target_hit,
cycle_win,2025-01-15,2025-01-16,30.23,31.46,,0.0,123.00000000000004,0.0,123.00000000000004,target_hit,
cycle_win,2025-01-16,2025-01-16,31.01,31.630200000000002,,0.0,62.02000000000005,0.0,62.02000000000005,target_hit,
cycle_win,2025-01-16,2025-01-17,31.58,32.2116,,0.0,63.15999999999988,0.0,63.15999999999988,target_hit,
cycle_win,2025-01-17,2025-01-21,32.23,33.33,,0.0,110.00000000000014,0.0,110.00000000000014,target_hit,
cycle_win,2025-01-21,2025-01-21,33.02,33.680400000000006,,0.0,66.04000000000028,0.0,66.04000000000028,target_hit,
cycle_win,2025-01-21,2025-01-21,33.72,34.3944,,0.0,67.43999999999986,0.0,67.43999999999986,target_hit,
cycle_win,2025-01-21,2025-01-22,34.34,35.0268,,0.0,68.67999999999981,0.0,68.67999999999981,target_hit,
cycle_win,2025-01-22,2025-01-22,35.25,35.955,,0.0,70.49999999999983,0.0,70.49999999999983,target_hit,
hedged_lot,2024-12-16,2025-01-24,32.54,32.73,30.0,0.0,-254.0,267.0,13.0,expiry|assigned,2024-12-23
cycle_win,2025-01-29,2025-01-30,25.66,26.58,,0.0,91.99999999999982,0.0,91.99999999999982,target_hit,
cycle_win,2025-01-30,2025-01-30,26.65,27.183,,0.0,53.300000000000125,0.0,53.300000000000125,target_hit,
cycle_win,2025-01-30,2025-01-30,27.11,27.6522,,0.0,54.22000000000011,0.0,54.22000000000011,target_hit,
hedged_lot,2024-12-26,2025-01-31,30.91,26.97,30.0,0.0,-394.0,262.0,-132.0,expiry|call_expired,2025-01-03
cycle_win,2025-01-30,2025-01-31,27.57,28.1214,,0.0,55.1400000000001,0.0,55.1400000000001,target_hit,
cycle_win,2025-01-31,2025-01-31,28.04,28.6008,,0.0,56.08000000000004,0.0,56.08000000000004,target_hit,
cycle_win,2025-01-31,2025-01-31,28.5,29.07,,0.0,57.00000000000003,0.0,57.00000000000003,target_hit,
cycle_win,2025-02-07,2025-02-10,26.33,26.92,,0.0,59.00000000000034,0.0,59.00000000000034,target_hit,
cycle_win,2025-02-10,2025-02-11,27.08,27.621599999999997,,0.0,54.1599999999999,0.0,54.1599999999999,target_hit,
cycle_win,2025-02-11,2025-02-13,27.55,28.101000000000003,,0.0,55.10000000000019,0.0,55.10000000000019,target_hit,
hedged_lot,2025-01-06,2025-02-14,33.37,28.54,28.5,0.0,-486.99999999999955,273.0,-213.99999999999955,expiry|assigned,2025-01-14
cycle_win,2025-02-13,2025-02-14,28.24,28.8048,,0.0,56.480000000000175,0.0,56.480000000000175,target_hit,
cycle_win,2025-02-14,2025-02-18,28.8,29.376,,0.0,57.60000000000005,0.0,57.60000000000005,target_hit,
cycle_win,2025-02-18,2025-02-19,29.84,30.4368,,0.0,59.68000000000018,0.0,59.68000000000018,target_hit,
cycle_win,2025-02-19,2025-02-19,30.54,31.1508,,0.0,61.08000000000011,0.0,61.08000000000011,target_hit,
cycle_win,2025-02-19,2025-02-19,31.0,31.62,,0.0,62.0000000000001,0.0,62.0000000000001,target_hit,
cycle_win,2025-02-19,2025-02-20,31.67,32.3034,,0.0,63.340000000000174,0.0,63.340000000000174,target_hit,
hedged_lot,2025-01-22,2025-02-28,35.88,22.73,26.0,0.0,-1315.0000000000005,285.0,-1030.0000000000005,expiry|call_expired,2025-01-29
cycle_win,2025-02-27,2025-02-28,21.74,22.174799999999998,,0.0,43.47999999999992,0.0,43.47999999999992,target_hit,
cycle_win,2025-02-28,2025-02-28,22.26,22.7052,,0.0,44.51999999999998,0.0,44.51999999999998,target_hit,
cycle_win,2025-02-28,2025-03-03,22.79,23.71,,0.0,92.00000000000017,0.0,92.00000000000017,target_hit,
hedged_lot,2025-01-31,2025-03-07,28.97,20.89,26.5,0.0,-808.0,243.00000000000003,-565.0,expiry|call_expired,2025-02-07
cycle_win,2025-03-10,2025-03-11,17.99,18.3498,,0.0,35.97999999999999,0.0,35.97999999999999,target_hit,
cycle_win,2025-03-11,2025-03-12,18.41,18.778200000000002,,0.0,36.820000000000164,0.0,36.820000000000164,target_hit,
cycle_win,2025-03-12,2025-03-13,18.83,19.206599999999998,,0.0,37.65999999999998,0.0,37.65999999999998,target_hit,
cycle_win,2025-03-13,2025-03-14,19.21,19.5942,,0.0,38.41999999999999,0.0,38.41999999999999,target_hit,
cycle_win,2025-03-14,2025-03-14,19.44,19.8288,,0.0,38.87999999999998,0.0,38.87999999999998,target_hit,
cycle_win,2025-03-14,2025-03-17,19.82,20.2164,,0.0,39.639999999999986,0.0,39.639999999999986,target_hit,
cycle_win,2025-03-17,2025-03-17,20.49,20.8998,,0.0,40.98000000000006,0.0,40.98000000000006,target_hit,
cycle_win,2025-03-17,2025-03-19,20.88,21.2976,,0.0,41.76000000000002,0.0,41.76000000000002,target_hit,
hedged_lot,2025-02-20,2025-03-28,32.54,16.01,22.0,0.0,-1652.9999999999998,211.0,-1441.9999999999998,expiry|call_expired,2025-02-27
hedged_lot,2025-03-03,2025-04-11,23.09,10.25,18.0,0.0,-1284.0,254.0,-1030.0,expiry|call_expired,2025-03-10
cycle_win,2025-04-16,2025-04-17,9.35,9.56,,0.0,21.000000000000085,0.0,21.000000000000085,target_hit,
cycle_win,2025-04-17,2025-04-23,9.29,10.58,,0.0,129.00000000000009,0.0,129.00000000000009,target_hit,
cycle_win,2025-04-23,2025-04-23,10.6,10.812,,0.0,21.199999999999974,0.0,21.199999999999974,target_hit,
cycle_win,2025-04-23,2025-04-24,10.89,11.107800000000001,,0.0,21.780000000000044,0.0,21.780000000000044,target_hit,
cycle_win,2025-04-24,2025-04-24,11.11,11.3322,,0.0,22.220000000000084,0.0,22.220000000000084,target_hit,
cycle_win,2025-04-24,2025-04-24,11.34,11.5668,,0.0,22.680000000000078,0.0,22.680000000000078,target_hit,
cycle_win,2025-04-24,2025-04-24,11.64,11.872800000000002,,0.0,23.2800000000001,0.0,23.2800000000001,target_hit,
hedged_lot,2025-03-19,2025-04-25,21.29,12.33,19.0,0.0,-896.0,192.0,-704.0,expiry|call_expired,2025-03-26
cycle_win,2025-04-24,2025-04-25,11.86,12.097199999999999,,0.0,23.719999999999963,0.0,23.719999999999963,target_hit,
cycle_win,2025-04-25,2025-04-25,12.17,12.4134,,0.0,24.33999999999994,0.0,24.33999999999994,target_hit,
cycle_win,2025-04-25,2025-05-01,12.46,12.709200000000001,,0.0,24.92000000000001,0.0,24.92000000000001,target_hit,
hedged_lot,2025-03-26,2025-05-02,18.78,13.32,16.5,0.0,-546.0,181.0,-365.0,expiry|call_expired,2025-04-02
cycle_win,2025-05-01,2025-05-02,12.77,13.0254,,0.0,25.539999999999985,0.0,25.539999999999985,target_hit,
cycle_win,2025-05-02,2025-05-02,13.25,13.515,,0.0,26.500000000000057,0.0,26.500000000000057,target_hit,
cycle_win,2025-05-02,2025-05-08,13.63,13.902600000000001,,0.0,27.260000000000062,0.0,27.260000000000062,target_hit,
cycle_win,2025-05-08,2025-05-08,13.94,14.2188,,0.0,27.880000000000038,0.0,27.880000000000038,target_hit,
hedged_lot,2025-04-02,2025-05-09,16.25,14.09,13.0,0.0,-325.0,172.0,-153.0,expiry|assigned,2025-04-09
cycle_win,2025-05-08,2025-05-12,14.19,16.89,,0.0,270.0000000000001,0.0,270.0000000000001,target_hit,
cycle_win,2025-05-12,2025-05-12,16.93,17.2686,,0.0,33.85999999999996,0.0,33.85999999999996,target_hit,
cycle_win,2025-05-12,2025-05-13,17.3,17.646,,0.0,34.60000000000001,0.0,34.60000000000001,target_hit,
cycle_win,2025-05-13,2025-05-13,17.73,18.084600000000002,,0.0,35.460000000000136,0.0,35.460000000000136,target_hit,
cycle_win,2025-05-13,2025-05-13,18.05,18.411,,0.0,36.100000000000065,0.0,36.100000000000065,target_hit,
cycle_win,2025-05-13,2025-05-13,18.48,18.849600000000002,,0.0,36.96000000000019,0.0,36.96000000000019,target_hit,
cycle_win,2025-05-13,2025-05-14,18.84,19.2168,,0.0,37.679999999999936,0.0,37.679999999999936,target_hit,
hedged_lot,2025-04-09,2025-05-16,12.85,18.39,10.0,0.0,-285.0,120.0,-165.0,expiry|assigned,2025-04-16
cycle_win,2025-05-21,2025-05-22,16.96,17.299200000000003,,0.0,33.92000000000017,0.0,33.92000000000017,target_hit,
cycle_win,2025-05-22,2025-05-29,17.33,18.18,,0.0,85.00000000000014,0.0,85.00000000000014,target_hit,
cycle_win,2025-05-29,2025-06-03,17.96,18.319200000000002,,0.0,35.92000000000013,0.0,35.92000000000013,target_hit,
cycle_win,2025-06-03,2025-06-04,18.29,18.68,,0.0,39.00000000000006,0.0,39.00000000000006,target_hit,
cycle_win,2025-06-04,2025-06-05,18.91,19.49,,0.0,57.99999999999983,0.0,57.99999999999983,target_hit,
cycle_win,2025-06-05,2025-06-09,19.68,20.0736,,0.0,39.35999999999993,0.0,39.35999999999993,target_hit,
cycle_win,2025-06-09,2025-06-09,20.35,20.757,,0.0,40.7,0.0,40.7,target_hit,
cycle_win,2025-06-09,2025-06-10,20.69,21.103800000000003,,0.0,41.380000000000194,0.0,41.380000000000194,target_hit,
cycle_win,2025-06-10,2025-06-10,21.05,21.471,,0.0,42.09999999999994,0.0,42.09999999999994,target_hit,
cycle_win,2025-06-10,2025-06-10,21.49,21.9198,,0.0,42.98000000000002,0.0,42.98000000000002,target_hit,
cycle_win,2025-06-10,2025-06-11,21.95,22.389,,0.0,43.900000000000006,0.0,43.900000000000006,target_hit,
hedged_lot,2025-05-14,2025-06-20,19.33,21.21,17.0,0.0,-232.99999999999977,192.0,-40.99999999999977,expiry|assigned,2025-05-21
cycle_win,2025-06-18,2025-06-20,21.61,22.14,,0.0,53.000000000000114,0.0,53.000000000000114,target_hit,
cycle_win,2025-06-20,2025-06-24,21.95,22.66,,0.0,71.00000000000009,0.0,71.00000000000009,target_hit,
cycle_win,2025-06-24,2025-06-24,23.05,23.511000000000003,,0.0,46.10000000000021,0.0,46.10000000000021,target_hit,
cycle_win,2025-06-24,2025-06-24,23.52,23.9904,,0.0,47.04000000000015,0.0,47.04000000000015,target_hit,
cycle_win,2025-06-24,2025-06-25,23.97,24.4494,,0.0,47.94000000000018,0.0,47.94000000000018,target_hit,
cycle_win,2025-06-25,2025-06-26,24.5,25.18,,0.0,67.99999999999997,0.0,67.99999999999997,target_hit,
cycle_win,2025-06-26,2025-06-27,25.02,25.5204,,0.0,50.03999999999991,0.0,50.03999999999991,target_hit,
cycle_win,2025-06-27,2025-07-02,25.64,26.152800000000003,,0.0,51.280000000000214,0.0,51.280000000000214,target_hit,
cycle_win,2025-07-02,2025-07-03,26.05,26.571,,0.0,52.10000000000008,0.0,52.10000000000008,target_hit,
cycle_win,2025-07-03,2025-07-08,26.36,26.8872,,0.0,52.720000000000056,0.0,52.720000000000056,target_hit,
cycle_win,2025-07-08,2025-07-10,26.94,27.478800000000003,,0.0,53.880000000000194,0.0,53.880000000000194,target_hit,
cycle_win,2025-07-10,2025-07-10,27.08,27.621599999999997,,0.0,54.1599999999999,0.0,54.1599999999999,target_hit,
cycle_win,2025-07-10,2025-07-15,27.68,28.2336,,0.0,55.35999999999994,0.0,55.35999999999994,target_hit,
hedged_lot,2025-06-11,2025-07-18,22.39,27.35,22.0,0.0,-39.0,204.0,165.0,expiry|assigned,2025-06-18
cycle_win,2025-07-22,2025-07-28,26.29,26.8158,,0.0,52.58000000000003,0.0,52.58000000000003,target_hit,
cycle_win,2025-07-28,2025-07-29,26.79,27.45,,0.0,66.00000000000001,0.0,66.00000000000001,target_hit,
cycle_win,2025-08-05,2025-08-07,24.5,25.48,,0.0,98.00000000000004,0.0,98.00000000000004,target_hit,
cycle_win,2025-08-07,2025-08-11,25.68,26.1936,,0.0,51.36000000000003,0.0,51.36000000000003,target_hit,
cycle_win,2025-08-11,2025-08-11,26.33,26.8566,,0.0,52.660000000000196,0.0,52.660000000000196,target_hit,
cycle_win,2025-08-11,2025-08-12,26.86,27.3972,,0.0,53.72000000000021,0.0,53.72000000000021,target_hit,
cycle_win,2025-08-12,2025-08-12,27.47,28.0194,,0.0,54.94000000000021,0.0,54.94000000000021,target_hit,
cycle_win,2025-08-12,2025-08-13,28.04,28.65,,0.0,60.99999999999994,0.0,60.99999999999994,target_hit,
cycle_win,2025-08-13,2025-08-14,28.95,29.529,,0.0,57.90000000000006,0.0,57.90000000000006,target_hit,
hedged_lot,2025-07-15,2025-08-22,28.17,27.43,26.5,0.0,-167.0,249.00000000000003,82.00000000000003,expiry|assigned,2025-07-22
cycle_win,2025-08-21,2025-08-22,25.33,25.836599999999997,,0.0,50.65999999999988,0.0,50.65999999999988,target_hit,
cycle_win,2025-08-22,2025-08-22,25.84,26.3568,,0.0,51.67999999999999,0.0,51.67999999999999,target_hit,
cycle_win,2025-08-22,2025-08-22,27.28,27.8256,,0.0,54.56000000000003,0.0,54.56000000000003,target_hit,
cycle_win,2025-08-22,2025-08-28,27.82,28.41,,0.0,58.999999999999986,0.0,58.999999999999986,target_hit,
hedged_lot,2025-07-29,2025-09-05,27.76,26.52,25.0,0.0,-276.0,214.0,-62.0,expiry|assigned,2025-08-05
cycle_win,2025-09-05,2025-09-08,26.52,27.0504,,0.0,53.04000000000002,0.0,53.04000000000002,target_hit,
cycle_win,2025-09-08,2025-09-10,27.07,28.49,,0.0,141.99999999999983,0.0,141.99999999999983,target_hit,
cycle_win,2025-09-10,2025-09-11,28.66,29.2332,,0.0,57.31999999999999,0.0,57.31999999999999,target_hit,
cycle_win,2025-09-11,2025-09-15,29.4,29.988,,0.0,58.8000000000001,0.0,58.8000000000001,target_hit,
cycle_win,2025-09-15,2025-09-16,29.87,30.4674,,0.0,59.74000000000004,0.0,59.74000000000004,target_hit,
cycle_win,2025-09-16,2025-09-17,30.53,31.140600000000003,,0.0,61.06000000000016,0.0,61.06000000000016,target_hit,
cycle_win,2025-09-17,2025-09-18,31.22,32.76,,0.0,153.99999999999991,0.0,153.99999999999991,target_hit,
cycle_win,2025-09-18,2025-09-18,32.74,33.394800000000004,,0.0,65.48000000000016,0.0,65.48000000000016,target_hit,
hedged_lot,2025-08-14,2025-09-19,29.64,32.97,25.5,0.0,-414.0,240.0,-174.0,expiry|assigned,2025-08-21
cycle_win,2025-09-18,2025-09-22,33.57,34.2414,,0.0,67.13999999999984,0.0,67.13999999999984,target_hit,
cycle_win,2025-09-22,2025-09-23,34.24,34.924800000000005,,0.0,68.48000000000027,0.0,68.48000000000027,target_hit,
cycle_win,2025-09-30,2025-10-01,34.86,35.5572,,0.0,69.72000000000023,0.0,69.72000000000023,target_hit,
cycle_win,2025-10-01,2025-10-01,35.58,36.291599999999995,,0.0,71.15999999999971,0.0,71.15999999999971,target_hit,
cycle_win,2025-10-01,2025-10-02,36.29,38.96,,0.0,267.00000000000017,0.0,267.00000000000017,target_hit,
hedged_lot,2025-08-28,2025-10-03,28.83,38.23,27.0,0.0,-183.0,185.0,2.0,expiry|assigned,2025-09-05
cycle_win,2025-10-02,2025-10-03,38.77,39.5454,,0.0,77.53999999999976,0.0,77.53999999999976,target_hit,
cycle_win,2025-10-03,2025-10-06,39.66,42.82,,0.0,316.00000000000034,0.0,316.00000000000034,target_hit,
cycle_win,2025-10-13,2025-10-15,39.14,39.9228,,0.0,78.28000000000017,0.0,78.28000000000017,target_hit,
cycle_win,2025-10-15,2025-10-16,39.91,41.45,,0.0,154.00000000000063,0.0,154.00000000000063,target_hit,
cycle_win,2025-10-16,2025-10-20,41.7,42.534000000000006,,0.0,83.40000000000032,0.0,83.40000000000032,target_hit,
cycle_win,2025-10-20,2025-10-24,42.57,43.43,,0.0,85.99999999999994,0.0,85.99999999999994,target_hit,
cycle_win,2025-10-24,2025-10-27,43.87,45.49,,0.0,162.00000000000045,0.0,162.00000000000045,target_hit,
cycle_win,2025-10-27,2025-10-27,45.73,46.6446,,0.0,91.46000000000001,0.0,91.46000000000001,target_hit,
cycle_win,2025-10-27,2025-10-29,46.68,49.37,,0.0,268.9999999999998,0.0,268.9999999999998,target_hit,
hedged_lot,2025-09-23,2025-10-31,34.92,47.71,35.0,0.0,8.0,288.0,296.0,expiry|assigned,2025-09-30
hedged_lot,2025-10-06,2025-11-14,42.59,38.86,39.5,0.0,-373.0,450.0,77.0,expiry|call_expired,2025-10-13
cycle_win,2025-11-19,2025-11-20,35.95,38.79,,0.0,283.99999999999966,0.0,283.99999999999966,target_hit,
cycle_win,2025-11-20,2025-11-26,38.83,39.6066,,0.0,77.6600000000002,0.0,77.6600000000002,target_hit,
cycle_win,2025-11-26,2025-11-28,39.64,40.4328,,0.0,79.27999999999997,0.0,79.27999999999997,target_hit,
cycle_win,2025-11-28,2025-11-28,40.42,41.2284,,0.0,80.83999999999989,0.0,80.83999999999989,target_hit,
cycle_win,2025-11-28,2025-12-01,41.3,42.126,,0.0,82.60000000000005,0.0,82.60000000000005,target_hit,
cycle_win,2025-12-01,2025-12-02,42.24,43.0848,,0.0,84.47999999999993,0.0,84.47999999999993,target_hit,
cycle_win,2025-12-02,2025-12-02,43.45,44.319,,0.0,86.89999999999998,0.0,86.89999999999998,target_hit,
cycle_win,2025-12-02,2025-12-03,44.08,44.9616,,0.0,88.15999999999988,0.0,88.15999999999988,target_hit,
cycle_win,2025-12-03,2025-12-03,44.96,45.8592,,0.0,89.92000000000004,0.0,89.92000000000004,target_hit,
hedged_lot,2025-10-29,2025-12-05,50.01,46.51,47.0,0.0,-350.0,440.00000000000006,90.00000000000006,expiry|call_expired,2025-11-05
cycle_win,2025-12-03,2025-12-05,45.82,46.7364,,0.0,91.6400000000003,0.0,91.6400000000003,target_hit,
cycle_win,2025-12-05,2025-12-08,47.32,48.266400000000004,,0.0,94.64000000000041,0.0,94.64000000000041,target_hit,
cycle_win,2025-12-08,2025-12-10,48.29,49.2558,,0.0,96.58000000000015,0.0,96.58000000000015,target_hit,
hedged_lot,2025-11-05,2025-12-12,46.76,41.7,44.0,0.0,-506.0,475.0,-31.0,expiry|call_expired,2025-11-12
cycle_win,2025-12-17,2025-12-18,36.01,39.98,,0.0,396.9999999999999,0.0,396.9999999999999,target_hit,
hedged_lot,2025-11-12,2025-12-19,43.76,41.79,36.0,0.0,-776.0,455.0,-321.0,expiry|assigned,2025-11-19
cycle_win,2025-12-18,2025-12-19,40.15,40.952999999999996,,0.0,80.29999999999973,0.0,80.29999999999973,target_hit,
cycle_win,2025-12-19,2025-12-19,40.96,41.7792,,0.0,81.92000000000021,0.0,81.92000000000021,target_hit,
cycle_win,2025-12-19,2025-12-22,41.67,44.45,,0.0,278.0000000000001,0.0,278.0000000000001,target_hit,
cycle_win,2025-12-22,2025-12-24,43.43,44.2986,,0.0,86.86000000000007,0.0,86.86000000000007,target_hit,
cycle_win,2025-12-24,2026-01-02,44.14,45.13,,0.0,99.0000000000002,0.0,99.0000000000002,target_hit,
cycle_win,2026-01-02,2026-01-02,46.61,47.5422,,0.0,93.22000000000017,0.0,93.22000000000017,target_hit,
cycle_win,2026-01-02,2026-01-05,47.45,50.34,,0.0,289.00000000000006,0.0,289.00000000000006,target_hit,
cycle_win,2026-01-05,2026-01-06,50.86,51.8772,,0.0,101.72000000000025,0.0,101.72000000000025,target_hit,
cycle_win,2026-01-06,2026-01-06,51.4,52.428,,0.0,102.79999999999987,0.0,102.79999999999987,target_hit,
cycle_win,2026-01-06,2026-01-06,52.37,53.4174,,0.0,104.74000000000032,0.0,104.74000000000032,target_hit,
cycle_win,2026-01-06,2026-01-09,53.49,54.5598,,0.0,106.98000000000008,0.0,106.98000000000008,target_hit,
cycle_win,2026-01-09,2026-01-13,54.63,55.72260000000001,,0.0,109.26000000000045,0.0,109.26000000000045,target_hit,
cycle_win,2026-01-13,2026-01-13,56.06,57.181200000000004,,0.0,112.12000000000018,0.0,112.12000000000018,target_hit,
cycle_win,2026-01-13,2026-01-15,57.15,60.96,,0.0,381.0000000000002,0.0,381.0000000000002,target_hit,
hedged_lot,2025-12-10,2026-01-16,49.32,60.72,37.0,0.0,-1232.0,300.0,-932.0,expiry|assigned,2025-12-17
cycle_win,2026-01-15,2026-01-16,60.68,61.8936,,0.0,121.35999999999996,0.0,121.35999999999996,target_hit,
cycle_win,2026-01-16,2026-01-21,61.47,62.6994,,0.0,122.93999999999983,0.0,122.93999999999983,target_hit,
cycle_win,2026-01-21,2026-01-21,63.19,64.4538,,0.0,126.38000000000034,0.0,126.38000000000034,target_hit,
cycle_win,2026-01-21,2026-01-22,64.68,66.91,,0.0,222.99999999999898,0.0,222.99999999999898,target_hit,
cycle_win,2026-01-22,2026-01-28,65.43,69.0,,0.0,356.9999999999993,0.0,356.9999999999993,target_hit,
cycle_win,2026-01-28,2026-01-28,69.28,70.6656,,0.0,138.55999999999966,0.0,138.55999999999966,target_hit,
cycle_win,2026-02-04,2026-02-05,53.19,54.2538,,0.0,106.38000000000005,0.0,106.38000000000005,target_hit,
cycle_win,2026-02-05,2026-02-06,54.47,56.4,,0.0,192.99999999999997,0.0,192.99999999999997,target_hit,
cycle_win,2026-02-06,2026-02-06,57.5,58.65,,0.0,114.99999999999986,0.0,114.99999999999986,target_hit,
cycle_win,2026-02-06,2026-02-06,58.93,60.1086,,0.0,117.8600000000003,0.0,117.8600000000003,target_hit,
cycle_win,2026-02-06,2026-02-06,59.68,60.8736,,0.0,119.36000000000035,0.0,119.36000000000035,target_hit,
cycle_win,2026-02-06,2026-02-06,60.9,62.118,,0.0,121.80000000000035,0.0,121.80000000000035,target_hit,
cycle_win,2026-02-06,2026-02-09,62.08,63.3216,,0.0,124.15999999999983,0.0,124.15999999999983,target_hit,
cycle_win,2026-02-09,2026-02-09,63.28,64.54560000000001,,0.0,126.56000000000063,0.0,126.56000000000063,target_hit,
cycle_win,2026-02-09,2026-02-11,64.7,67.21,,0.0,250.9999999999991,0.0,250.9999999999991,target_hit,
cycle_win,2026-02-11,2026-02-11,67.72,69.0744,,0.0,135.43999999999983,0.0,135.43999999999983,target_hit,
cycle_win,2026-02-11,2026-02-12,68.42,69.78840000000001,,0.0,136.84000000000083,0.0,136.84000000000083,target_hit,
cycle_win,2026-02-20,2026-02-24,67.11,68.4522,,0.0,134.22000000000054,0.0,134.22000000000054,target_hit,
cycle_win,2026-02-24,2026-02-24,67.07,68.4114,,0.0,134.14000000000073,0.0,134.14000000000073,target_hit,
cycle_win,2026-02-24,2026-02-24,68.44,69.8088,,0.0,136.88000000000073,0.0,136.88000000000073,target_hit,
cycle_win,2026-02-24,2026-02-25,69.81,71.20620000000001,,0.0,139.62000000000074,0.0,139.62000000000074,target_hit,
hedged_lot,2026-01-28,2026-03-06,70.77,47.88,54.0,0.0,-2289.0,600.0,-1689.0,expiry|call_expired,2026-02-04
cycle_win,2026-03-04,2026-03-10,56.63,57.762600000000006,,0.0,113.26000000000036,0.0,113.26000000000036,target_hit,
cycle_win,2026-03-17,2026-03-18,54.92,56.0184,,0.0,109.8399999999998,0.0,109.8399999999998,target_hit,
cycle_win,2026-03-18,2026-03-18,54.82,55.9164,,0.0,109.64000000000027,0.0,109.64000000000027,target_hit,
hedged_lot,2026-02-12,2026-03-20,70.0,51.14,68.0,0.0,-1886.0,765.0,-1121.0,expiry|call_expired,2026-02-20
cycle_win,2026-03-18,2026-03-23,55.57,56.681400000000004,,0.0,111.14000000000033,0.0,111.14000000000033,target_hit,
cycle_win,2026-03-23,2026-03-25,56.61,57.742200000000004,,0.0,113.22000000000045,0.0,113.22000000000045,target_hit,
hedged_lot,2026-02-25,2026-04-02,71.11,52.74,57.0,0.0,-1837.0,685.0,-1152.0,expiry|call_expired,2026-03-04
cycle_win,2026-04-01,2026-04-06,52.27,53.75,,0.0,147.9999999999997,0.0,147.9999999999997,target_hit,
cycle_win,2026-04-06,2026-04-07,55.28,56.385600000000004,,0.0,110.56000000000026,0.0,110.56000000000026,target_hit,
cycle_win,2026-04-07,2026-04-08,56.22,66.27,,0.0,1004.9999999999998,0.0,1004.9999999999998,target_hit,
cycle_win,2026-04-08,2026-04-09,66.65,68.12,,0.0,146.9999999999999,0.0,146.9999999999999,target_hit,
cycle_win,2026-04-09,2026-04-09,68.52,69.8904,,0.0,137.04000000000036,0.0,137.04000000000036,target_hit,
cycle_win,2026-04-09,2026-04-09,69.61,71.0022,,0.0,139.22000000000025,0.0,139.22000000000025,target_hit,
cycle_win,2026-04-09,2026-04-10,70.87,74.3,,0.0,342.99999999999926,0.0,342.99999999999926,target_hit,
cycle_win,2026-04-10,2026-04-10,75.58,77.0916,,0.0,151.16000000000014,0.0,151.16000000000014,target_hit,
cycle_win,2026-04-10,2026-04-13,77.4,78.94800000000001,,0.0,154.80000000000018,0.0,154.80000000000018,target_hit,
cycle_win,2026-04-13,2026-04-13,78.99,80.5698,,0.0,157.9800000000006,0.0,157.9800000000006,target_hit,
cycle_win,2026-04-13,2026-04-14,80.58,83.27,,0.0,268.9999999999998,0.0,268.9999999999998,target_hit,
cycle_win,2026-04-14,2026-04-14,82.03,83.67060000000001,,0.0,164.06000000000063,0.0,164.06000000000063,target_hit,
cycle_win,2026-04-14,2026-04-15,83.92,85.5984,,0.0,167.83999999999963,0.0,167.83999999999963,target_hit,
cycle_win,2026-04-15,2026-04-16,84.58,86.2716,,0.0,169.16000000000082,0.0,169.16000000000082,target_hit,
cycle_win,2026-04-16,2026-04-16,86.99,88.7298,,0.0,173.98000000000025,0.0,173.98000000000025,target_hit,
hedged_lot,2026-03-10,2026-04-17,57.37,94.72,55.0,0.0,-237.0,680.0,443.0,expiry|assigned,2026-03-17
cycle_win,2026-04-16,2026-04-17,88.34,93.17,,0.0,482.99999999999983,0.0,482.99999999999983,target_hit,
cycle_win,2026-04-17,2026-04-17,92.39,94.23780000000001,,0.0,184.78000000000065,0.0,184.78000000000065,target_hit,
cycle_win,2026-04-17,2026-04-20,94.13,96.01259999999999,,0.0,188.25999999999965,0.0,188.25999999999965,target_hit,
cycle_win,2026-04-20,2026-04-21,95.63,97.97,,0.0,234.00000000000034,0.0,234.00000000000034,target_hit,
cycle_win,2026-04-21,2026-04-22,98.61,102.94,,0.0,432.99999999999983,0.0,432.99999999999983,target_hit,
cycle_win,2026-04-22,2026-04-22,102.4,104.44800000000001,,0.0,204.80000000000018,0.0,204.80000000000018,target_hit,
cycle_win,2026-04-22,2026-04-23,104.51,108.61,,0.0,409.99999999999943,0.0,409.99999999999943,target_hit,
cycle_win,2026-04-23,2026-04-23,109.78,111.9756,,0.0,219.5599999999999,0.0,219.5599999999999,target_hit,
cycle_win,2026-04-23,2026-04-23,112.2,114.444,,0.0,224.39999999999998,0.0,224.39999999999998,target_hit,
cycle_win,2026-04-23,2026-04-24,114.88,125.21,,0.0,1032.9999999999998,0.0,1032.9999999999998,target_hit,
cycle_win,2026-04-24,2026-04-24,127.46,130.0092,,0.0,254.9199999999999,0.0,254.9199999999999,target_hit,
hedged_lot,2026-03-25,2026-05-01,57.67,130.33,52.5,0.0,-517.0,595.0,78.0,expiry|assigned,2026-04-01
cycle_win,2026-05-01,2026-05-04,130.33,132.93660000000003,,0.0,260.66000000000145,0.0,260.66000000000145,target_hit,
cycle_win,2026-05-04,2026-05-04,131.03,133.6506,,0.0,262.0599999999996,0.0,262.0599999999996,target_hit,
cycle_win,2026-05-04,2026-05-05,132.8,135.45600000000002,,0.0,265.6000000000006,0.0,265.6000000000006,target_hit,
cycle_win,2026-05-05,2026-05-05,134.53,137.2206,,0.0,269.0599999999989,0.0,269.0599999999989,target_hit,
cycle_win,2026-05-05,2026-05-05,137.73,140.4846,,0.0,275.46000000000106,0.0,275.46000000000106,target_hit,
cycle_win,2026-05-05,2026-05-05,140.7,143.51399999999998,,0.0,281.3999999999993,0.0,281.3999999999993,target_hit,
cycle_win,2026-05-05,2026-05-05,143.42,146.2884,,0.0,286.8400000000008,0.0,286.8400000000008,target_hit,
cycle_win,2026-05-05,2026-05-06,146.68,157.84,,0.0,1115.9999999999995,0.0,1115.9999999999995,target_hit,
cycle_win,2026-05-06,2026-05-06,161.47,164.6994,,0.0,322.9399999999998,0.0,322.9399999999998,target_hit,
cycle_win,2026-05-06,2026-05-08,164.43,167.7186,,0.0,328.86000000000024,0.0,328.86000000000024,target_hit,
cycle_win,2026-05-08,2026-05-08,167.8,171.156,,0.0,335.59999999999945,0.0,335.59999999999945,target_hit,
cycle_win,2026-05-08,2026-05-08,170.04,173.4408,,0.0,340.0800000000004,0.0,340.0800000000004,target_hit,
cycle_win,2026-05-08,2026-05-08,173.19,176.6538,,0.0,346.3799999999992,0.0,346.3799999999992,target_hit,
cycle_win,2026-05-08,2026-05-11,176.25,181.0,,0.0,475.0,0.0,475.0,target_hit,
cycle_win,2026-05-18,2026-05-19,151.66,154.6932,,0.0,303.31999999999937,0.0,303.31999999999937,target_hit,
cycle_win,2026-05-19,2026-05-19,152.56,155.6112,,0.0,305.11999999999944,0.0,305.11999999999944,target_hit,
cycle_win,2026-05-19,2026-05-19,155.73,158.84459999999999,,0.0,311.4599999999996,0.0,311.4599999999996,target_hit,
cycle_win,2026-05-19,2026-05-20,159.78,162.97560000000001,,0.0,319.5600000000013,0.0,319.5600000000013,target_hit,
cycle_win,2026-05-20,2026-05-20,164.09,167.3718,,0.0,328.1800000000004,0.0,328.1800000000004,target_hit,
cycle_win,2026-05-20,2026-05-20,166.94,170.2788,,0.0,333.8799999999992,0.0,333.8799999999992,target_hit,
cycle_win,2026-05-20,2026-05-20,168.23,171.59459999999999,,0.0,336.4599999999996,0.0,336.4599999999996,target_hit,
cycle_win,2026-05-20,2026-05-21,171.65,175.083,,0.0,343.2999999999993,0.0,343.2999999999993,target_hit,
cycle_win,2026-05-21,2026-05-21,176.16,179.6832,,0.0,352.3200000000003,0.0,352.3200000000003,target_hit,
cycle_win,2026-05-21,2026-05-22,179.73,184.8,,0.0,507.00000000000216,0.0,507.00000000000216,target_hit,
cycle_win,2026-05-22,2026-05-22,186.86,190.59720000000002,,0.0,373.72000000000014,0.0,373.72000000000014,target_hit,
cycle_win,2026-05-22,2026-05-22,188.04,191.80079999999998,,0.0,376.0799999999989,0.0,376.0799999999989,target_hit,
cycle_win,2026-05-22,2026-05-26,191.86,211.38,,0.0,1951.9999999999982,0.0,1951.9999999999982,target_hit,
cycle_win,2026-05-26,2026-05-26,211.0,215.22,,0.0,421.9999999999999,0.0,421.9999999999999,target_hit,
cycle_win,2026-05-26,2026-05-26,216.03,220.35060000000001,,0.0,432.0600000000013,0.0,432.0600000000013,target_hit,
cycle_win,2026-05-26,2026-05-26,221.0,225.42000000000002,,0.0,442.0000000000016,0.0,442.0000000000016,target_hit,
cycle_win,2026-05-26,2026-05-27,225.79,242.55,,0.0,1676.0000000000018,0.0,1676.0000000000018,target_hit,
hedged_lot,2026-04-24,2026-05-29,129.52,224.06,135.0,0.0,547.9999999999982,1390.0,1937.9999999999982,expiry|assigned,2026-05-01
cycle_win,2026-05-27,2026-05-29,233.8,238.47600000000003,,0.0,467.6000000000016,0.0,467.6000000000016,target_hit,
cycle_win,2026-05-29,2026-06-02,237.02,243.18,,0.0,615.9999999999997,0.0,615.9999999999997,target_hit,
cycle_win,2026-06-02,2026-06-02,245.4,250.30800000000002,,0.0,490.80000000000155,0.0,490.80000000000155,target_hit,
cycle_win,2026-06-02,2026-06-02,250.3,255.306,,0.0,500.6,0.0,500.6,target_hit,
cycle_win,2026-06-02,2026-06-02,255.29,260.3958,,0.0,510.58000000000163,0.0,510.58000000000163,target_hit,
cycle_win,2026-06-02,2026-06-02,261.35,266.57700000000006,,0.0,522.7000000000032,0.0,522.7000000000032,target_hit,
cycle_win,2026-06-02,2026-06-03,266.37,281.47,,0.0,1510.0000000000023,0.0,1510.0000000000023,target_hit,
cycle_win,2026-06-03,2026-06-03,277.78,283.3356,,0.0,555.5600000000027,0.0,555.5600000000027,target_hit,
cycle_win,2026-06-10,2026-06-11,180.03,192.3,,0.0,1227.000000000001,0.0,1227.000000000001,target_hit,
cycle_win,2026-06-11,2026-06-11,196.48,200.40959999999998,,0.0,392.95999999999935,0.0,392.95999999999935,target_hit,
cycle_win,2026-06-11,2026-06-11,196.63,200.5626,,0.0,393.2600000000008,0.0,393.2600000000008,target_hit,
cycle_win,2026-06-11,2026-06-11,200.47,204.4794,,0.0,400.93999999999994,0.0,400.93999999999994,target_hit,
cycle_win,2026-06-11,2026-06-11,205.23,209.3346,,0.0,410.4600000000005,0.0,410.4600000000005,target_hit,
cycle_win,2026-06-11,2026-06-11,209.56,213.7512,,0.0,419.1200000000009,0.0,419.1200000000009,target_hit,
cycle_win,2026-06-11,2026-06-11,214.08,218.3616,,0.0,428.15999999999974,0.0,428.15999999999974,target_hit,
cycle_win,2026-06-11,2026-06-11,219.0,223.38,,0.0,437.99999999999955,0.0,437.99999999999955,target_hit,
cycle_win,2026-06-11,2026-06-12,224.72,229.2144,,0.0,449.4400000000013,0.0,449.4400000000013,target_hit,
cycle_win,2026-06-12,2026-06-12,230.82,235.4364,,0.0,461.6399999999999,0.0,461.6399999999999,target_hit,
cycle_win,2026-06-12,2026-06-12,228.8,233.376,,0.0,457.59999999999934,0.0,457.59999999999934,target_hit,
cycle_win,2026-06-12,2026-06-12,231.6,236.232,,0.0,463.2000000000005,0.0,463.2000000000005,target_hit,
cycle_win,2026-06-12,2026-06-12,235.49,240.1998,,0.0,470.98000000000013,0.0,470.98000000000013,target_hit,
cycle_win,2026-06-12,2026-06-15,240.52,265.99,,0.0,2547.0,0.0,2547.0,target_hit,
cycle_win,2026-06-15,2026-06-15,262.71,267.9642,,0.0,525.4200000000026,0.0,525.4200000000026,target_hit,
cycle_win,2026-06-15,2026-06-15,266.15,271.47299999999996,,0.0,532.2999999999979,0.0,532.2999999999979,target_hit,
cycle_win,2026-06-15,2026-06-15,269.28,274.6656,,0.0,538.5600000000011,0.0,538.5600000000011,target_hit,
hedged_lot,2026-05-11,2026-06-18,187.59,279.47,155.0,0.0,-3259.0,2025.0,-1234.0,expiry|assigned,2026-05-18
cycle_win,2026-06-15,2026-06-18,274.39,279.8778,,0.0,548.7799999999993,0.0,548.7799999999993,target_hit,
cycle_win,2026-06-18,2026-06-18,279.02,284.6004,,0.0,558.0399999999997,0.0,558.0399999999997,target_hit,
cycle_win,2026-06-18,2026-06-22,284.7,299.26,,0.0,1456.0000000000002,0.0,1456.0000000000002,target_hit,
cycle_win,2026-06-29,2026-06-30,236.51,241.45,,0.0,493.9999999999998,0.0,493.9999999999998,target_hit,
cycle_win,2026-06-30,2026-06-30,248.79,253.76579999999998,,0.0,497.57999999999925,0.0,497.57999999999925,target_hit,
cycle_win,2026-06-30,2026-06-30,253.64,258.7128,,0.0,507.28000000000293,0.0,507.28000000000293,target_hit,
cycle_win,2026-06-30,2026-06-30,259.65,264.84299999999996,,0.0,519.2999999999984,0.0,519.2999999999984,target_hit,
cycle_win,2026-06-30,2026-06-30,264.7,269.99399999999997,,0.0,529.3999999999983,0.0,529.3999999999983,target_hit,
hedged_lot,2026-06-03,2026-07-02,284.17,181.03,185.0,0.0,-10314.0,3200.0,-7114.0,expiry|call_expired,2026-06-10
hedged_lot,2026-06-22,2026-07-02,296.99,181.03,237.5,0.0,-11596.0,4595.0,-7001.0,expiry|call_expired,2026-06-29
final_liq,2026-06-30,2026-07-02,270.01,181.03,,0.0,-8897.999999999998,0.0,-8897.999999999998,end_of_data,
