date,equity
2023-01-04,101444.4
2023-01-05,100524.4
2023-01-06,101858.4
2023-01-10,100960.4
2023-01-11,101956.4
2023-01-12,104270.4
2023-01-13,104170.4
2023-01-18,103019.0
2023-01-19,96770.16670637259
2023-01-20,103745.0
2023-01-24,113075.15
2023-01-25,114207.65
2023-01-26,115590.65
2023-01-27,115735.65
2023-01-31,116632.29999999999
2023-02-01,121636.29999999999
2023-02-02,122136.79999999999
2023-02-03,122097.29999999999
2023-02-07,126867.84999999998
2023-02-08,123481.34999999999
2023-02-09,125087.34999999998
2023-02-10,120707.34999999999
2023-02-14,129378.44999999998
2023-02-15,130974.44999999998
2023-02-16,128390.45000000001
2023-02-17,124400.44999999998
2023-02-22,118430.24999999999
2023-02-23,121466.24999999999
2023-02-24,120741.74999999999
2023-02-28,123184.74274097731
2023-03-01,123976.74274097731
2023-03-02,124948.74274097731
2023-03-03,125128.74274097731
2023-03-07,122197.59274097731
2023-03-08,125675.59274097731
2023-03-09,123866.09274097731
2023-03-10,121204.09274097731
2023-03-14,121784.49274097732
2023-03-15,123203.49274097731
2023-03-16,119748.99274097732
2023-03-17,121643.99274097731
2023-03-21,122476.4427409773
2023-03-22,122720.4427409773
2023-03-23,124821.4427409773
2023-03-24,127287.9427409773
2023-03-28,122938.0927409773
2023-03-29,127574.0927409773
2023-03-30,128610.5927409773
2023-03-31,128225.0927409773
2023-04-04,125496.89274097732
2023-04-05,121405.39209900131
2023-04-06,119772.8927409773
2023-04-11,120654.3927409773
2023-04-12,119556.8927409773
2023-04-13,121009.8927409773
2023-04-14,120923.8927409773
2023-04-18,119617.9427409773
2023-04-19,119065.9427409773
2023-04-20,119906.4427409773
2023-04-21,118589.9427409773
2023-04-25,114319.3927409773
2023-04-26,114892.3927409773
2023-04-27,114932.36635484379
2023-04-28,117315.8927409773
2023-05-02,118355.0427409773
2023-05-03,117233.0427409773
2023-05-04,116851.0427409773
2023-05-05,119673.5427409773
2023-05-09,117585.1927409773
2023-05-10,118474.6927409773
2023-05-11,118203.1927409773
2023-05-12,117752.6927409773
2023-05-16,119071.8927409773
2023-05-17,119616.39274097732
2023-05-18,119290.89274097729
2023-05-19,119459.8927409773
2023-05-23,118374.4427409773
2023-05-24,116335.44274097732
2023-05-25,123058.4427409773
2023-05-26,119874.9427409773
2023-05-31,112913.04274097731
2023-06-01,115853.54274097731
2023-06-02,115218.04274097731
2023-06-06,113114.6927409773
2023-06-07,113219.6927409773
2023-06-08,113923.6927409773
2023-06-09,114389.6927409773
2023-06-13,116789.29274097731
2023-06-14,117606.79274097731
2023-06-15,117610.29274097731
2023-06-16,117898.29274097731
2023-06-21,112642.8927409773
2023-06-22,114140.3927409773
2023-06-23,109043.8927409773
2023-06-27,116310.8427409773
2023-06-28,115958.3427409773
2023-06-29,116987.8427409773
2023-06-30,117211.3427409773
2023-07-05,112812.09274097728
2023-07-06,109743.07282745383
2023-07-07,109585.0927409773
2023-07-11,112992.1927409773
2023-07-12,113950.6927409773
2023-07-13,113788.1927409773
2023-07-14,113942.1927409773
2023-07-18,116570.8927409773
2023-07-19,115793.3927409773
2023-07-20,108594.3927409773
2023-07-21,111253.3927409773
2023-07-25,113063.29274097733
2023-07-26,112515.79274097731
2023-07-27,114304.79274097731
2023-07-28,114485.29274097731
2023-08-01,115776.05898652562
2023-08-02,106278.79274097731
2023-08-03,105738.79274097731
2023-08-04,104928.79274097731
2023-08-08,104885.64274097732
2023-08-09,100507.14274097732
2023-08-10,99552.13817609315
2023-08-11,93016.14274097732
2023-08-15,95369.1927409773
2023-08-16,91945.6927409773
2023-08-17,89817.1927409773
2023-08-18,91049.1927409773
2023-08-22,94549.29274097731
2023-08-23,94891.29274097731
2023-08-24,95157.29274097731
2023-08-25,95822.29274097731
2023-08-29,97017.79274097731
2023-08-30,96530.29274097731
2023-08-31,96315.79274097731
2023-09-01,96062.29274097731
2023-09-06,96875.24274097731
2023-09-07,94057.24274097731
2023-09-08,92919.24274097731
2023-09-12,91876.04274097731
2023-09-13,92385.54274097731
2023-09-14,92932.54274097731
2023-09-15,90606.54274097731
2023-09-19,90910.6927409773
2023-09-20,90462.1927409773
2023-09-21,89428.69272089029
2023-09-22,90013.6927409773
2023-09-26,90363.20477852476
2023-09-27,90558.20477852476
2023-09-28,90070.70477852476
2023-09-29,89880.70477852476
2023-10-03,88867.35477852475
2023-10-04,89459.35477852475
2023-10-05,89487.35477852475
2023-10-06,91377.85477852475
2023-10-10,88722.35477852475
2023-10-11,88334.35477852475
2023-10-12,88115.85477852475
2023-10-13,92131.35477852475
2023-10-17,92832.63712078618
2023-10-18,92576.63712078618
2023-10-19,91681.13712078618
2023-10-20,90858.63712078618
2023-10-24,89686.40227769151
2023-10-25,92067.90227769151
2023-10-26,92266.40227769151
2023-10-27,92642.40227769151
2023-10-31,92244.12794353093
2023-11-01,90072.12794353093
2023-11-02,86249.12794353091
2023-11-03,81336.12794353093
2023-11-07,81246.42794353093
2023-11-08,81388.42794353093
2023-11-09,82158.92794353093
2023-11-10,76891.92794353093
2023-11-14,76473.02794353093
2023-11-15,76080.52794353093
2023-11-16,76029.02794353093
2023-11-17,75833.52794353093
2023-11-21,75022.72428549525
2023-11-22,75944.22428549525
2023-11-24,76044.22428549525
2023-11-28,75683.44050305712
2023-11-29,76245.44050305712
2023-11-30,76317.94050305712
2023-12-01,77387.94050305712
2023-12-05,78772.45162622986
2023-12-06,78688.45162622986
2023-12-07,79551.45162622986
2023-12-08,79394.45162622986
2023-12-12,79228.25162622986
2023-12-13,79565.25162622986
2023-12-14,79125.75162622986
2023-12-15,78993.25162622986
2023-12-19,80473.00162622986
2023-12-20,76273.00162622986
2023-12-21,80547.50162622986
2023-12-22,81528.50162622986
2023-12-27,85512.25162622986
2023-12-28,85556.25162622986
2023-12-29,84942.75162622986
2023-12-29,83432.25162622986
