date,sleeve,overlay,combined
2022-01-03,150000.0,-312.28313671061187,149687.7168632894
2022-01-04,150000.0,-208.18875780707458,149791.81124219293
2022-01-05,150000.0,4267.869535045109,154267.86953504512
2022-01-06,150000.0,3747.397640527415,153747.3976405274
2022-01-07,151745.02771437887,7182.512144344204,158927.53985872306
2022-01-10,159332.27910009783,6609.993060374742,165942.27216047258
2022-01-11,166054.40287212539,3903.539208882721,169957.9420810081
2022-01-12,168734.35423894192,2550.3122831367145,171284.66652207862
2022-01-13,160805.38137798794,6193.615544760585,166998.9969227485
2022-01-14,168872.37782187836,3018.736988202636,171891.114810081
2022-01-18,168872.37782187836,9993.060374739765,178865.4381966181
2022-01-19,169299.76889770248,14000.693962526027,183300.4628602285
2022-01-20,169299.76889770248,18736.98820263706,188036.75710033954
2022-01-21,169299.76889770248,22484.38584316447,191784.15474086694
2022-01-24,169299.76889770248,21963.913948646776,191263.68284634926
2022-01-25,169299.76889770248,27585.01040943789,196884.7793071404
2022-01-26,177764.7573425876,25242.88688410826,203007.64422669588
2022-01-27,177764.7573425876,32425.399028452463,210190.15637104007
2022-01-28,177764.7573425876,29146.426092990987,206911.1834355786
2022-01-31,186713.0324178188,19621.790423317143,206334.82284113593
2022-02-01,186713.0324178188,17696.044413601667,204409.07683142045
2022-02-02,186713.0324178188,13428.174878556558,200141.20729637536
2022-02-03,186713.0324178188,23213.046495489245,209926.07891330804
2022-02-04,196397.866357088,21443.442054129075,217841.30841121706
2022-02-07,190325.08518556773,21443.442054129075,211768.52723969682
2022-02-08,194131.5868892791,16446.911866759197,210578.49875603832
2022-02-09,198014.2186270647,11034.004163775156,209048.22279083985
2022-02-10,198014.2186270647,17435.808466342816,215450.02709340752
2022-02-11,198014.2186270647,27116.585704371966,225130.80433143667
2022-02-14,189138.05887666743,27220.680083275503,216358.73895994294
2022-02-15,193882.047230094,17696.044413601667,211578.09164369566
2022-02-16,205602.99922447614,17435.808466342824,223038.80769081897
2022-02-17,205602.99922447614,24878.55655794587,230481.55578242202
2022-02-18,205602.99922447614,26908.396946564884,232511.396171041
2022-02-22,189154.75928651806,27480.916030534347,216635.6753170524
2022-02-23,189154.75928651806,32373.351839000694,221528.11112551874
2022-02-24,202793.33007794103,25711.311589174176,228504.6416671152
2022-02-25,213700.53308173374,22068.008327550313,235768.54140928405
2022-02-28,198741.49576601238,24149.895905621095,222891.39167163346
2022-03-01,184829.5910623915,31384.455239417068,216214.04630180856
2022-03-02,196453.28626037997,24462.17904233172,220915.4653027117
2022-03-03,196453.28626037997,28990.284524635666,225443.57078501565
2022-03-04,196453.28626037997,34090.909090909096,230544.19535128906
2022-03-07,196453.28626037997,43355.308813324074,239808.59507370405
2022-03-08,196453.28626037997,39607.911172796674,236061.19743317665
2022-03-09,202511.78955099732,33049.9653018737,235561.754852871
2022-03-10,213429.37107304478,36641.2213740458,250070.59244709057
2022-03-11,214241.70187665822,40596.80777238029,254838.50964903852
2022-03-14,214241.70187665822,46374.04580152672,260615.74767818494
2022-03-15,224664.5794143374,38723.108952116585,263387.688366454
2022-03-16,206691.41306119043,29666.897987508673,236358.3110486991
2022-03-17,217663.9927702141,28313.671061762667,245977.66383197677
2022-03-18,226074.51960526741,23837.612768910476,249912.1323741779
2022-03-21,226074.51960526741,24774.462179042333,250848.98178430976
2022-03-22,222171.4494922426,21783.617960587373,243955.06745282997
2022-03-23,222171.4494922426,26829.14671514247,249000.59620738507
2022-03-24,228836.5929770099,19961.62146588692,248798.2144428968
2022-03-25,229689.3917338536,19541.160736340666,249230.5524701943
2022-03-28,229689.3917338536,17579.010665124795,247268.40239897842
2022-03-29,239734.393766729,13654.710522693054,253389.10428942204
2022-03-30,220555.64226539066,17859.317818155636,238414.9600835463
2022-03-31,205993.01040392974,21363.157231041114,227356.16763497086
2022-04-01,205993.01040392974,25007.150220442014,231000.16062437175
2022-04-04,213324.13568652218,20522.235771948603,233846.37145847076
2022-04-05,213324.13568652218,30192.83255151253,243516.9682380347
2022-04-06,225831.03608347196,36499.7434947064,262330.77957817836
2022-04-07,225831.03608347196,36079.28276516014,261910.3188486321
2022-04-08,225831.03608347196,41264.96509623065,267096.0011797026
2022-04-11,227354.08260589538,46590.80100381658,273944.88360971195
2022-04-12,217442.60282560895,46871.10815684742,264313.71098245634
2022-04-13,217442.60282560895,40424.04363713814,257866.64646274707
2022-04-14,217442.60282560895,47571.87603942452,265014.4788650335
2022-04-18,218748.89521742007,42946.80801441567,261695.70323183574
2022-04-19,227498.85102611687,37060.35780076808,264559.208826885
2022-04-20,227498.85102611687,37901.27925986059,265400.13028597744
2022-04-21,209298.94294402754,45329.41881517781,254628.36175920535
2022-04-22,202105.1556545715,51496.17618185625,253601.33183642777
2022-04-25,202105.1556545715,47291.56888639367,249396.72454096517
2022-04-26,202105.1556545715,59064.4693136889,261169.6249682604
2022-04-27,216939.66884102338,60466.00507884308,277405.67391986644
2022-04-28,230136.3280047845,47712.02961593993,277848.3576207244
2022-04-29,214026.78504444959,59905.39077278142,273932.175817231
2022-05-02,214219.99718794803,51215.869028825415,265435.86621677346
2022-05-03,226012.1154552765,49113.56538109413,275125.6808363706
2022-05-04,238613.32162709476,39302.81502501479,277916.13665210956
2022-05-05,226941.25126375954,53458.32625307211,280399.57751683163
2022-05-06,226941.25126375954,54579.554865195474,281520.806128955
2022-05-09,226941.25126375954,69295.6803993145,296236.93166307406
2022-05-10,245084.23489131493,63689.53733869773,308773.7722300127
2022-05-11,231523.98978902266,71397.98404704579,302921.9738360684
2022-05-12,231523.98978902266,69575.98755234534,301099.977341368
2022-05-13,237435.3171429211,57102.31924247302,294537.63638539414
2022-05-16,249364.56268578145,60325.85150232767,309690.4141881091
2022-05-17,261832.79082007054,47712.02961593993,309544.8204360105
2022-05-18,240886.16755446492,63128.923032636056,304015.09058710095
2022-05-19,240886.16755446492,63409.23018566689,304295.3977401318
2022-05-20,240886.16755446492,64810.76595082108,305696.933505286
2022-05-23,240886.16755446492,62007.69442051269,302893.8619749776
2022-05-24,240886.16755446492,69155.52682279907,310041.694377264
2022-05-25,240886.16755446492,63829.690915213156,304715.8584696781
2022-05-26,245152.87859840188,52897.71194701044,298050.5905454123
2022-05-27,251072.15021830495,42946.80801441567,294018.9582327206
2022-05-31,251072.15021830495,42946.80801441567,294018.9582327206
2022-06-01,252921.42793634662,46871.108156847404,299792.53609319404
2022-06-02,265567.49933316396,38181.586412891425,303749.08574605535
2022-06-03,271995.74053690553,46590.80100381658,318586.54154072213
2022-06-06,250236.0812939531,46310.493850785744,296546.57514473883
2022-06-07,255240.80291983215,42666.50086138485,297907.30378121696
2022-06-08,243959.24729335835,49534.02611064038,293493.2734039987
2022-06-09,226882.09998282325,57242.47281898845,284124.5728018117
2022-06-10,238226.20498196443,68174.45178719114,306400.6567691556
2022-06-13,252980.59499465954,84712.57381601061,337693.16881067015
2022-06-14,253492.96075667406,83311.03805085641,336803.9988075305
2022-06-15,253492.96075667406,78685.97002584758,332178.9307825216
2022-06-16,253492.96075667406,95224.09205466705,348717.0528113411
2022-06-17,269053.4209821816,94663.47774860536,363716.898730787
2022-06-21,262841.76548457186,86642.35933550802,349484.1248200799
2022-06-22,262841.76548457186,88949.54566319165,351791.3111477635
2022-06-23,262841.76548457186,89570.71121295262,352412.4766975245
2022-06-24,265470.1831394176,81495.55906605997,346965.74220547755
2022-06-27,265470.1831394176,80696.91764493872,346167.10078435636
2022-06-28,249541.97215105253,86553.62139982788,336095.59355088044
2022-06-29,249541.97215105253,91611.68373359583,341153.6558846483
2022-06-30,264636.1917628359,94717.51148240067,359353.70324523654
2022-07-01,264636.1917628359,102082.76014385223,366718.9519066881
2022-07-05,278550.3965624416,98976.93239504736,377527.328957489
2022-07-06,283502.4036124405,96137.3184532829,379639.7220657234
2022-07-07,285490.0809789551,86642.35933550802,372132.4403144631
2022-07-08,285490.0809789551,85400.02823598609,370890.10921494116
2022-07-11,285490.0809789551,91877.89754063623,377367.9785195913
2022-07-12,285490.0809789551,91700.42166927597,377190.50264823105
2022-07-13,288128.99915544834,89127.02153455192,377256.02069000027
2022-07-14,304376.1342147521,85400.02823598609,389776.1624507382
2022-07-15,304376.1342147521,79720.80035245718,384096.93456720933
2022-07-18,280026.043477572,81229.34525901955,361255.38873659156
2022-07-19,284995.61904875876,73331.66898348716,358327.28803224594
2022-07-20,290139.7653065643,69693.41362060147,359833.17892716575
2022-07-21,298843.9582657612,66410.11000043633,365254.0682661975
2022-07-22,283702.0835920373,70580.79297740286,354282.8765694402
2022-07-25,296866.652919137,71290.69646284397,368157.34938198095
2022-07-26,285173.1134972581,74307.7862759687,359480.8997732268
2022-07-27,304679.161124636,66055.15825771577,370734.31938235176
2022-07-28,321921.26802541857,63925.44780139244,385846.71582681104
2022-07-29,325140.48070567276,62949.330508910905,388089.8112145837
2022-08-01,319949.8682602124,63215.54431595132,383165.41257616377
2022-08-02,311360.2813234924,63126.806380271184,374487.0877037636
2022-08-03,318415.7422512116,58512.43372490395,376928.17597611557
2022-08-04,325689.5950550404,58068.744046503256,383758.33910154365
2022-08-05,325689.5950550404,58512.43372490395,384202.02877994435
2022-08-08,325689.5950550404,59843.502760106036,385533.09781514644
2022-08-09,325689.5950550404,65788.94445067535,391478.5395057157
2022-08-10,328946.49100559077,59488.55101738548,388435.04202297627
2022-08-11,308295.603664183,60375.930374186864,368671.5340383699
2022-08-12,315855.1171603586,56382.723268580616,372237.8404289392
2022-08-15,331647.87301837653,55850.29565449978,387498.1686728763
2022-08-16,349235.45423809625,56293.985332900476,405529.43957099674
2022-08-17,366697.2269500011,59044.86133898479,425742.0882889859
2022-08-18,366438.2235365726,56915.150882661444,423353.37441923405
2022-08-19,366438.2235365726,60375.930374186864,426814.1539107595
2022-08-22,352212.815141733,66853.79967883702,419066.61482057
2022-08-23,352679.2429784232,64724.089222513685,417403.33220093686
2022-08-24,355717.9499053229,64102.92367275271,419820.8735780756
2022-08-25,362832.30890342937,59044.86133898479,421877.17024241417
2022-08-26,333805.72419115505,68451.08252107952,402256.80671223457
2022-08-29,351158.28806921456,71468.17233420425,422626.4604034188
2022-08-30,351158.28806921456,74396.52421164884,425554.8122808634
2022-08-31,369214.9926177558,74840.21389004953,444055.2065078053
2022-09-01,387675.7422486436,80341.96590221816,468017.7081508618
2022-09-02,387675.7422486436,81495.55906605997,469171.30131470354
2022-09-06,407059.5293610758,83181.57984398262,490241.1092050584
2022-09-07,427412.5058291296,78034.77957453454,505447.2854036641
2022-09-08,430251.14561822166,74396.52421164884,504647.6698298705
2022-09-09,433631.78440243343,67829.91697131854,501461.701373752
2022-09-12,437178.87466339406,67652.44109995828,504831.3157633523
2022-09-13,411161.4001712311,82560.41429422164,493721.8144654527
2022-09-14,412857.5712498078,79720.80035245718,492578.37160226493
2022-09-15,435508.4853983109,82826.62810126206,518335.11349957297
2022-09-16,457283.90966822644,81406.82113037983,538690.7307986063
2022-09-19,457283.90966822644,79099.63480269621,536383.5444709227
2022-09-20,457283.90966822644,79182.90996867664,536466.8196369031
2022-09-21,425274.03599145054,81138.78640010618,506412.8223915567
2022-09-22,425274.03599145054,89744.64269839614,515018.67868984665
2022-09-23,425274.03599145054,99132.84956925795,524406.8855607085
2022-09-26,428101.8206844634,100697.55071440157,528799.371398865
2022-09-27,420850.30004837963,98937.261926115,519787.5619744946
2022-09-28,435774.4365853024,92678.45734554046,528452.8939308429
2022-09-29,435774.4365853024,104804.89122040363,540579.3278057061
2022-09-30,400912.4816584782,109107.8193695486,510020.3010280268
2022-10-03,405386.6840700103,95612.27199268478,500998.9560626951
2022-10-04,416113.62373639294,81921.136972678,498034.76070907095
2022-10-05,436919.3049232126,78596.14703924778,515515.4519624604
2022-10-06,436919.3049232126,81334.37404324913,518253.67896646174
2022-10-07,436919.3049232126,105000.47886354658,541919.7837867592
2022-10-10,436919.3049232126,116735.73745212381,553655.0423753364
2022-10-11,466495.17990311974,130231.28482898763,596726.4647321074
2022-10-12,469253.04804242007,133165.09947613196,602418.147518552
2022-10-13,463854.64016077266,121038.66560126879,584893.3057620415
2022-10-14,463854.64016077266,141966.54341756488,605821.1835783375
2022-10-17,478145.9849899711,132187.1612604172,610333.1462503884
2022-10-18,478145.9849899711,129840.10954270173,607986.0945326728
2022-10-19,502053.2842394697,125928.35667984265,627981.6409193124
2022-10-20,461889.02150031214,121821.01617384062,583710.0376741528
2022-10-21,486719.59358195926,107934.29351069088,594653.8870926502
2022-10-24,511055.57326105726,105978.41707926134,617033.9903403186
2022-10-25,520647.2479397813,94634.33377697002,615281.5817167513
2022-10-26,489740.74109399435,96199.03492211364,585939.776016108
2022-10-27,489740.74109399435,102457.83950268816,592198.5805966825
2022-10-28,509330.37073775416,87202.00333753775,596532.3740752919
2022-10-31,509330.37073775416,94438.74613382704,603769.1168715812
2022-11-01,516359.7898932925,90918.16855725387,607277.9584505464
2022-11-02,535443.9600665133,104218.12829097474,639662.088357488
2022-11-03,516000.7383294603,109107.8193695486,625108.557699009
2022-11-04,517417.7971357648,92482.86970239751,609900.6668381623
2022-11-07,538486.6705539884,82899.07518839276,621385.7457423812
2022-11-08,495407.73690966936,75662.33239210348,571070.0693017729
2022-11-09,521365.4646122091,88766.70448268138,610132.1690948905
2022-11-10,526579.1192583313,57668.26922295169,584247.388481283
2022-11-11,533703.5393159501,49844.763497233536,583548.3028131836
2022-11-14,513542.327854077,52778.578144377854,566320.9059984549
2022-11-15,541787.1558860512,47888.887065804,589676.0429518552
2022-11-16,541787.1558860512,58255.03215238056,600042.1880384318
2022-11-17,541787.1558860512,56494.74336409398,598281.8992501452
2022-11-18,553314.6335961407,54147.691646378524,607462.3252425191
2022-11-21,554221.4033970173,54930.042218950344,609151.4456159676
2022-11-22,559763.6174309874,46128.59827751741,605892.2157085048
2022-11-23,555524.7285526278,43194.7836303731,598719.5121830009
2022-11-25,543362.5481523944,44368.30948923083,587730.8576416252
2022-11-28,525232.1681786898,51800.63992866308,577032.8081073528
2022-11-29,515980.61678995856,51996.227571806034,567976.8443617646
2022-11-30,554339.3650011732,38500.68019494221,592840.0451961154
2022-12-01,554180.5168363309,39674.206053799935,593854.7228901308
2022-12-02,572140.3619518416,41238.90719894356,613379.2691507852
2022-12-05,549709.5490333481,43390.37127351606,593099.9203068642
2022-12-06,539655.0324954733,49453.58821094763,589108.6207064209
2022-12-07,540596.9277437873,49062.41292466172,589659.3406684491
2022-12-08,554293.6983887766,42608.02070094424,596901.7190897209
2022-12-09,540073.6920391582,43977.134202944915,584050.8262421031
2022-12-12,561924.3002231078,40456.55662637175,602380.8568494795
2022-12-13,544243.8416406853,35175.69026151199,579419.5319021973
2022-12-14,500704.3343094305,36349.21612036972,537053.5504298002
2022-12-15,500704.3343094305,46715.361206946276,547419.6955163768
2022-12-16,508920.55983113276,48866.825281518766,557787.3851126515
2022-12-19,513533.69381126715,50822.70171294831,564356.3955242154
2022-12-20,503398.16038078157,50007.26587655738,553405.426257339
2022-12-21,509005.1441120607,41078.34356874869,550083.4876808095
2022-12-22,509005.1441120607,55316.35481633551,564321.4989283963
2022-12-23,527948.5314341694,55798.99926540626,583747.5306995757
2022-12-27,522601.9340183742,60384.12153157828,582986.0555499524
2022-12-28,523824.83731073904,65934.5326958918,589759.3700066309
2022-12-29,522656.79894440604,52903.13257098183,575559.9315153878
2022-12-30,533109.9349232941,54833.710367264786,587943.6452905589
2023-01-03,533109.9349232941,57005.610388083114,590115.5453113773
2023-01-04,560825.2606110147,47835.36585573905,608660.6264667538
2023-01-05,563997.6055195214,51937.84367284034,615935.4491923618
2023-01-06,563997.6055195214,36251.89907804129,600249.5045975627
2023-01-09,536997.720148906,32632.065710010756,569629.7858589167
2023-01-10,563847.6061563513,28529.58789290946,592377.1940492607
2023-01-11,592039.9864641689,25392.398973949654,617432.3854381185
2023-01-12,592039.9864641689,20807.276707777623,612847.2631719465
2023-01-13,603880.7861934523,16463.476666140967,620344.2628595933
2023-01-17,609919.5940553868,15739.509992534855,625659.1040479217
2023-01-18,584684.7528356907,17187.44333974707,601872.1961754378
2023-01-19,615380.7023595645,23220.49895313132,638601.2013126959
2023-01-20,641162.3537232326,14774.221094393375,655936.574817626
2023-01-23,653946.5079159387,5603.97656204932,659550.4844779881
2023-01-24,646765.2147610622,7534.554358332276,654299.7691193945
2023-01-25,684571.0064945946,7775.876582867651,692346.8830774623
2023-01-26,684571.0064945946,3914.7209903017283,688485.7274848963
2023-01-27,700861.2610009938,3673.3987657663565,704534.6597667602
2023-01-30,683312.7166032605,8982.487705544496,692295.2043088049
2023-01-31,706089.8071567024,6086.62101112006,712176.4281678224
2023-02-01,741394.2975145376,-1394.3679494764074,739999.9295650611
2023-02-02,741394.2975145376,-2118.334623082519,739275.962891455
2023-02-03,702020.3068903254,-187.75682679955935,701832.5500635258
2023-02-06,687979.9007525189,1018.8542958772887,688998.7550483962
2023-02-07,727025.7666252645,-3083.623521223999,723942.1431040405
2023-02-08,704346.3283491381,53.56539773581244,704399.893746874
2023-02-09,647998.6220812071,536.2098468065487,648534.8319280137
2023-02-10,648822.0002541185,3432.0765412309884,652254.0767953495
2023-02-13,668531.1445998023,777.5320713419205,669308.6766711442
2023-02-14,704989.1082965586,-3324.9457457593708,701664.1625507992
2023-02-15,740238.5637113865,-5255.523542042329,734983.0401693442
2023-02-16,725631.9098143078,-2359.656847617891,723272.2529666899
2023-02-17,728233.7586763104,-670.4012758702993,727563.3574004401
2023-02-21,687829.853304009,6086.62101112006,693916.474315129
2023-02-22,687829.853304009,6086.62101112006,693916.474315129
2023-02-23,722221.3459692094,-1153.0457249410392,721068.3002442684
2023-02-24,758332.41326767,2466.7876430895085,760799.2009107595
2023-02-27,756663.560410068,-187.75682679955935,756475.8035832684
2023-02-28,748407.1468346358,-1877.0123985471473,746530.1344360886
2023-03-01,748407.1468346358,-1877.0123985471473,746530.1344360886
2023-03-02,748407.1468346358,-3807.5901948301107,744599.5566398057
2023-03-03,774584.0677408982,-6944.779113789917,767639.2886271083
2023-03-06,724173.8377374391,-6703.456889254547,717470.3808481846
2023-03-07,724173.8377374391,-5979.490215648435,718194.3475217907
2023-03-08,745899.0528695623,-8875.356910072876,737023.6959594894
2023-03-09,693686.1191686929,-4290.234643900851,689395.884524792
2023-03-10,693686.1191686929,53.56539773581244,693739.6845664287
2023-03-13,729003.3155300743,536.2098468065487,729539.5253768809
2023-03-14,728545.5579371563,-4531.556868436221,724014.0010687201
2023-03-15,769546.2251467548,536.2098468065487,770082.4349935614
2023-03-16,788005.0204814682,-7668.745787396027,780336.2746940722
2023-03-17,810817.9835053516,-5255.523542042329,805562.4599633092
2023-03-20,851358.8826806193,-8151.3902364667665,843207.4924441525
2023-03-21,851358.8826806193,-12608.69143183397,838750.1912487852
2023-03-22,856553.1999579289,-8776.043400558658,847777.1565573702
2023-03-23,841876.4431219735,-17718.888806867704,824157.5543151058
2023-03-24,843404.3495523218,-8520.533531806985,834883.8160205148
2023-03-27,834256.6960001573,-7754.003925551922,826502.6920746054
2023-03-28,875969.5308001651,-3410.33615677325,872559.1946433919
2023-03-29,919768.0073401735,-24617.655263163222,895150.3520770102
2023-03-30,911787.9578594095,-32793.97106321721,878993.9867961924
2023-03-31,930023.7170165977,-36626.61909449249,893397.0979221052
2023-04-03,930023.7170165977,-35604.57961948574,894419.137397112
2023-04-04,930023.7170165977,-22829.08618190141,907194.6308346963
2023-04-05,930023.7170165977,-15930.319725605892,914093.3972909919
2023-04-06,930023.7170165977,-15163.790119350844,914859.9268972469
2023-04-10,967224.6656972617,-23851.12565690816,943373.5400403535
2023-04-11,963945.6386808687,-24106.635525659847,939839.0031552088
2023-04-12,963945.6386808687,-13630.73090684072,950314.9077740279
2023-04-13,976478.9770221225,-22062.556575646377,954416.4204464761
2023-04-14,976478.9770221225,-23851.12565690816,952627.8513652143
2023-04-17,996008.5565625649,-26406.22434442502,969602.3322181399
2023-04-18,994747.786237802,-29472.34276944527,965275.4434683567
2023-04-19,1016197.6274436669,-24106.635525659847,992090.991918007
2023-04-20,1016197.6274436669,-23851.12565690816,992346.5017867588
2023-04-21,1016197.6274436669,-21551.536838142987,994646.0906055239
2023-04-24,1016197.6274436669,-19762.96775688119,996434.6596867858
2023-04-25,1016197.6274436669,6043.528987039157,1022241.156430706
2023-04-26,1016197.6274436669,1188.8414807570953,1017386.468924424
2023-04-27,1016197.6274436669,-6987.4743192968745,1009210.15312437
2023-04-28,1016197.6274436669,-21040.517100639627,995157.1103430273
2023-05-01,1026213.8585710529,-27683.77368818347,998530.0848828694
2023-05-02,1026213.8585710529,-20785.00723188794,1005428.851339165
2023-05-03,1026213.8585710529,-13119.711169337359,1013094.1474017155
2023-05-04,1026213.8585710529,-5965.43484429011,1020248.4237267628
2023-05-05,1026213.8585710529,-26150.714475673332,1000063.1440953796
2023-05-08,1057000.2743281845,-31260.911850707067,1025739.3624774775
2023-05-09,1052554.1404590043,-20018.477625632877,1032535.6628333714
2023-05-10,1052554.1404590043,-28961.323031941894,1023592.8174270624
2023-05-11,1052554.1404590043,-25895.20460692166,1026658.9358520827
2023-05-12,1052554.1404590043,-27939.283556935145,1024614.8569020692
2023-05-15,1052554.1404590043,-46080.48423830488,1006473.6562206994
2023-05-16,1052554.1404590043,-44547.42502579477,1008006.7154332096
2023-05-17,1052554.1404590043,-58600.467807137524,993953.6726518668
2023-05-18,1063079.6818635943,-70609.43163846678,992470.2502251276
2023-05-19,1074935.9307650703,-68054.33295094993,1006881.5978141204
2023-05-22,1096263.0792429852,-70098.41190096342,1026164.6673420218
2023-05-23,1096263.0792429852,-64732.704657177994,1031530.3745858072
2023-05-24,1096263.0792429852,-53490.27043210379,1042772.8088108815
2023-05-25,1096263.0792429852,-74953.09940724546,1021309.9798357398
2023-05-26,1096263.0792429852,-87217.5731073264,1009045.5061356588
2023-05-30,1045914.2596457255,-87728.59284482978,958185.6668008957
2023-05-31,1020488.8782378692,-85173.49415731292,935315.3840805563
2023-06-01,1033772.5646349117,-92072.26061360845,941700.3040213033
2023-06-02,1033772.5646349117,-95138.37903862869,938634.1855962831
2023-06-05,1020625.1980568888,-95649.39877613206,924975.7992807567
2023-06-06,1025251.5051375065,-99993.06654491072,925258.4385925957
2023-06-07,1026830.5653784417,-98971.02706990398,927859.5383085377
2023-06-08,1048968.9092146182,-102037.14549492422,946931.763719694
2023-06-09,1031486.0940610413,-103059.18496993097,928426.9090911103
2023-06-12,1041800.9550016517,-106125.3033949512,935675.6516067005
2023-06-13,1053388.787524007,-107658.36260746131,945730.4249165457
2023-06-14,1053388.787524007,-108424.89221371638,944963.8953102906
2023-06-15,1070411.0910925625,-108935.91195121975,961475.1791413428
2023-06-16,1070411.0910925625,-108169.38234496469,962241.7087475979
2023-06-20,1102958.550285133,-112230.24856693392,990728.3017181992
2023-06-21,1102958.550285133,-95423.68796730266,1007534.8623178304
2023-06-22,1124245.7618108941,-98785.00008722892,1025460.7617236652
2023-06-23,1124245.7618108941,-85339.75160752394,1038906.0102033701
2023-06-26,1124245.7618108941,-89821.5011007589,1034424.2607101352
2023-06-27,1124245.7618108941,-115591.56068686016,1008654.201124034
2023-06-28,1114783.4668515536,-109541.19887099291,1005242.2679805608
2023-06-29,1134334.0540298969,-111333.89866828691,1023000.15536161
2023-06-30,1134334.0540298969,-125451.40957197716,1008882.6444579198
2023-07-03,1177331.1432715834,-129709.07159055042,1047622.0716810329
2023-07-05,1177331.1432715834,-117608.3479588159,1059722.7953127674
2023-07-06,1177331.1432715834,-104611.27442843441,1072719.868843149
2023-07-07,1177331.1432715834,-106403.97422572841,1070927.169045855
2023-07-10,1177331.1432715834,-122314.18492671267,1055016.9583448707
2023-07-11,1177331.1432715834,-124779.14714799191,1052551.9961235914
2023-07-12,1177331.1432715834,-141809.7952222849,1035521.3480492984
2023-07-13,1177331.1432715834,-153462.34390469588,1023868.7993668874
2023-07-14,1177331.1432715834,-144050.66996890242,1033280.473302681
2023-07-17,1177331.1432715834,-158168.18087259267,1019162.9623989908
2023-07-18,1199857.241697872,-159960.88066988665,1039896.3610279853
2023-07-19,1181419.9926927185,-153462.34390469588,1027957.6487880226
2023-07-20,1145741.2053164986,-130157.24653987392,1015583.9587766248
2023-07-21,1175257.3273139554,-139120.74552634393,1036136.5817876115
2023-07-24,1183244.5587294612,-141137.53279829965,1042107.0259311615
2023-07-25,1183244.5587294612,-153462.34390469588,1029782.2148247652
2023-07-26,1183244.5587294612,-145843.3697661964,1037401.1889632647
2023-07-27,1183244.5587294612,-154134.60632868114,1029109.95240078
2023-07-28,1183244.5587294612,-167131.67985906266,1016112.8788703985
2023-07-31,1183244.5587294612,-170717.07945365063,1012527.4792758105
2023-08-01,1183244.5587294612,-172957.95420026814,1010286.604529193
2023-08-02,1183244.5587294612,-142706.1451209319,1040538.4136085293
2023-08-03,1183244.5587294612,-143154.3200702554,1040090.2386592057
2023-08-04,1183244.5587294612,-140241.18289965263,1043003.3758298085
2023-08-07,1192060.8907356807,-152790.08148071065,1039270.80925497
2023-08-08,1251663.9352724648,-139568.9204756674,1112095.0147967974
2023-08-09,1249803.7798019086,-121641.92250272741,1128161.8572991812
2023-08-10,1249803.7798019086,-118504.69785746292,1131299.0819444456
2023-08-11,1230039.4409585297,-99905.43746053768,1130134.003497992
2023-08-14,1230039.4409585297,-126571.84694528591,1103467.594013244
2023-08-15,1212016.1378097471,-109765.28634565466,1102250.8514640925
2023-08-16,1212016.1378097471,-90941.93847406766,1121074.1993356794
2023-08-17,1201339.9800333371,-79737.56474098019,1121602.4152923569
2023-08-18,1234665.7499170636,-85339.75160752394,1149325.9983095396
2023-08-21,1259359.064915405,-114471.1233135514,1144887.9416018536
2023-08-22,1223633.3140362145,-106179.88675106666,1117453.4272851478
2023-08-23,1248046.5835248393,-125451.40957197716,1122595.1739528622
2023-08-24,1248046.5835248393,-95423.68796730266,1152622.8955575365
2023-08-25,1323602.5719411636,-103490.83705512565,1220111.734886038
2023-08-28,1353794.3495774795,-120745.57260408041,1233048.776973399
2023-08-29,1368100.797767536,-145171.10734221115,1222929.690425325
2023-08-30,1378108.3475233577,-153014.1689553724,1225094.1785679853
2023-08-31,1367375.7379575027,-158616.35582191614,1208759.3821355866
2023-09-01,1391885.1959753544,-161529.4929925189,1230355.7029828355
2023-09-05,1391885.1959753544,-163098.10531515116,1228787.0906602032
2023-09-06,1403433.8730590325,-157944.0933979309,1245489.7796611015
2023-09-07,1403433.8730590325,-137552.13320371165,1265881.739855321
2023-09-08,1403433.8730590325,-137103.95825438818,1266329.9148046444
2023-09-11,1403433.8730590325,-140913.44532363792,1262520.4277353946
2023-09-12,1403433.8730590325,-133966.73360912365,1269467.1394499089
2023-09-13,1403433.8730590325,-141585.70774762315,1261848.1653114094
2023-09-14,1403433.8730590325,-151669.6441074019,1251764.2289516306
2023-09-15,1403433.8730590325,-118280.61038280115,1285153.2626762313
2023-09-18,1416189.6933800727,-125899.58452130067,1290290.108858772
2023-09-19,1416189.6933800727,-119740.59975741978,1296449.0936226528
2023-09-20,1416189.6933800727,-102585.72460565084,1313603.9687744218
2023-09-21,1416189.6933800727,-77400.90789347945,1338788.7854865934
2023-09-22,1416189.6933800727,-89445.82023408316,1326743.8731459896
2023-09-25,1416189.6933800727,-100030.74320006825,1316158.9501800044
2023-09-26,1416189.6933800727,-71925.9477386596,1344263.7456414131
2023-09-27,1416189.6933800727,-82510.87070464465,1333678.8226754281
2023-09-28,1416189.6933800727,-105140.70601123344,1311048.9873688393
2023-09-29,1381791.2873909958,-112805.65022798124,1268985.6371630146
2023-10-02,1381791.2873909958,-112805.65022798124,1268985.6371630146
2023-10-03,1363481.3870923836,-81415.87867368068,1282065.508418703
2023-10-04,1405711.0969702823,-101490.73257468687,1304220.3643955954
2023-10-05,1475996.6518187965,-95285.77773255768,1380710.874086239
2023-10-06,1483818.14356233,-121565.58647569304,1362252.5570866368
2023-10-09,1545112.4871748767,-121200.58913203841,1423911.8980428383
2023-10-10,1551506.4423653155,-136895.4749091887,1414610.9674561268
2023-10-11,1558084.3470991778,-146020.40850055515,1412063.9385986226
2023-10-12,1527676.4503589836,-149670.38193710172,1378006.0684218819
2023-10-13,1463356.613269211,-117185.61835183715,1346170.9949173739
2023-10-16,1477251.1104053024,-138720.46162746198,1338530.6487778404
2023-10-17,1471471.3370377624,-129595.52803609555,1341875.809001667
2023-10-18,1495762.9226826543,-105505.70335488813,1390257.2193277662
2023-10-19,1495762.9226826543,-86890.83882850053,1408872.0838541538
2023-10-20,1570551.068816787,-68640.97164576765,1501910.0971710195
2023-10-23,1529610.0045471455,-69005.96898942231,1460604.0355577231
2023-10-24,1544906.104592617,-88350.82820311916,1456555.2763894978
2023-10-25,1436762.6772711335,-27031.27446913664,1409731.4028019968
2023-10-26,1436762.6772711335,-16081.3541594969,1420681.3231116366
2023-10-27,1425562.876241384,-28856.261187409924,1396706.615053974
2023-10-30,1461013.204401707,-16081.3541594969,1444931.85024221
2023-10-31,1523410.7231177317,-37981.19477877638,1485429.5283389552
2023-11-01,1577791.2053072453,-79955.88929906202,1497835.3160081832
2023-11-02,1579297.8783239224,-117185.61835183715,1462112.2599720852
2023-11-03,1595373.512345448,-148210.3925624831,1447163.1197829647
2023-11-06,1607686.2075895695,-149670.38193710172,1458015.8256524678
2023-11-07,1599841.821882276,-157335.32615384954,1442506.4957284266
2023-11-08,1599841.821882276,-160620.30224674148,1439221.5196355346
2023-11-09,1599841.821882276,-153685.35271730294,1446156.4691649731
2023-11-10,1599841.821882276,-191645.07645738736,1408196.7454248888
2023-11-13,1647997.0767209511,-183615.1348969849,1464381.9418239663
2023-11-14,1647997.0767209511,-212084.92770204824,1435912.1490189028
2023-11-15,1647997.0767209511,-216829.89316955878,1431167.1835513923
2023-11-16,1647997.0767209511,-218654.87988783207,1429342.196833119
2023-11-17,1647997.0767209511,-226319.8241045799,1421677.2526163713
2023-11-20,1647997.0767209511,-236174.75238325566,1411822.3243376955
2023-11-21,1647997.0767209511,-227049.8187918892,1420947.257929062
2023-11-22,1647997.0767209511,-232159.78160305443,1415837.2951178967
2023-11-24,1647997.0767209511,-235444.75769594635,1412552.3190250047
2023-11-27,1647997.0767209511,-236539.74972691032,1411457.3269940407
2023-11-28,1647997.0767209511,-233984.7683213277,1414012.3083996235
2023-11-29,1647997.0767209511,-238364.7364451836,1409632.3402757675
2023-11-30,1647997.0767209511,-235079.7603522917,1412917.3163686595
2023-12-01,1647997.0767209511,-240189.7231634569,1407807.3535574942
2023-12-04,1647997.0767209511,-233984.7683213277,1414012.3083996235
2023-12-05,1647997.0767209511,-231794.78425939975,1416202.2924615513
2023-12-06,1647997.0767209511,-228144.81082285318,1419852.265898098
2023-12-07,1647997.0767209511,-242014.7098817302,1405982.366839221
2023-12-08,1647997.0767209511,-248949.6594111687,1399047.4173097825
2023-12-11,1647997.0767209511,-259534.58237715377,1388462.4943437974
2023-12-12,1664477.0474881607,-263549.553157355,1400927.4943308057
2023-12-13,1686755.3232923558,-264644.545188319,1422110.7781040368
2023-12-14,1688146.7451379015,-270119.5053431388,1418027.2397947628
2023-12-15,1650140.0839309732,-266104.5345629376,1384035.5493680355
2023-12-18,1698011.5620914507,-264279.5478446643,1433732.0142467865
2023-12-19,1698011.5620914507,-273689.0893092685,1424322.472782182
2023-12-20,1698011.5620914507,-233680.69208741927,1464330.8700040313
2023-12-21,1698011.5620914507,-273413.1693284282,1424598.3927630223
2023-12-22,1698011.5620914507,-268998.44963498274,1429013.112456468
2023-12-26,1698011.5620914507,-291072.0481022099,1406939.5139892409
2023-12-27,1698011.5620914507,-309834.60679935303,1388176.9552920978
2023-12-28,1698011.5620914507,-295210.847814815,1402800.7142766356
2023-12-29,1698011.5620914507,-294107.16789145366,1403904.394199997
2024-01-02,1698011.5620914507,-241958.29151262948,1456053.2705788212
2024-01-03,1698011.5620914507,-211607.0936201921,1486404.4684712586
2024-01-04,1698011.5620914507,-197811.09457817508,1500200.4675132756
2024-01-05,1698011.5620914507,-208847.89381178873,1489163.668279662
2024-01-08,1698011.5620914507,-258513.49036304984,1439498.071728401
2024-01-09,1692118.9111646388,-261272.69017145323,1430846.2209931856
2024-01-10,1692118.9111646388,-257133.89045884815,1434985.0207057907
2024-01-11,1769370.4176390101,-266791.08978826005,1502579.3278507502
2024-01-12,1791487.5478594976,-258513.49036304984,1532974.0574964478
2024-01-16,1773185.4591484107,-278655.6489643947,1494529.810184016
2024-01-17,1864029.0910047824,-264031.88997985667,1599997.2010249258
2024-01-18,1901309.672824878,-300729.2474316218,1600580.4253932561
2024-01-19,1939335.8662813755,-333839.6451324626,1605496.2211489128
2024-01-22,1996416.2338114774,-338530.2848067484,1657885.949004729
2024-01-23,2036344.558487707,-346807.88423195854,1689536.6742557485
2024-01-24,2001701.946153361,-350670.7639637233,1651031.1821896376
2024-01-25,1956138.0792003726,-344600.52438523585,1611537.5548151368
2024-01-26,1897653.2522036103,-324182.4458030507,1573470.8064005596
2024-01-29,1952591.9854127083,-332460.0452282609,1620131.9401844474
2024-01-30,1952591.9854127083,-324458.36578389106,1628133.6196288173
2024-01-31,2074552.3755335843,-308179.08691431105,1766373.2886192733
2024-02-01,2178279.9943102635,-317008.5263012019,1861271.4680090616
2024-02-02,2178279.9943102635,-332735.96520910127,1845544.0291011622
2024-02-05,2178279.9943102635,-345980.12428943755,1832299.8700208259
2024-02-06,2180858.6033594618,-334391.4850941433,1846467.1182653185
2024-02-07,2224475.775426651,-348739.32409784093,1875736.4513288098
2024-02-08,2222415.631574267,-358396.52342725283,1864019.1081470142
2024-02-09,2256301.2730175974,-371088.84254590847,1885212.430471689
2024-02-12,2145490.668356414,-371364.7625267488,1774125.9058296653
2024-02-13,2120619.992957478,-353705.88375296706,1766914.109204511
2024-02-14,2181581.6801231764,-369433.3226608664,1812148.35746231
2024-02-15,2189494.7219855874,-369157.40268002613,1820337.3193055613
2024-02-16,2189494.7219855874,-365846.36290994205,1823648.3590756455
2024-02-20,2189494.7219855874,-352878.12381044606,1836616.5981751413
2024-02-21,2277074.510865011,-359224.2833697739,1917850.2274952368
2024-02-22,2277074.510865011,-384333.0016262448,1892741.509238766
2024-02-23,2277074.510865011,-385160.7615687658,1891913.749296245
2024-02-26,2314252.09103322,-390403.2412047323,1923848.8498284875
2024-02-27,2314252.09103322,-393162.44101313566,1921089.650020084
2024-02-28,2314252.09103322,-389023.6413005306,1925228.4497326892
2024-02-29,2314252.09103322,-398956.7606107828,1915295.330422437
2024-03-01,2314252.09103322,-409165.7999018754,1905086.2911313444
2024-03-04,2314252.09103322,-393714.2809748163,1920537.8100584035
2024-03-05,2314252.09103322,-408889.879921035,1905362.211112185
2024-03-06,2306887.506977736,-408889.879921035,1897997.627056701
2024-03-07,2299430.568366655,-409165.7999018754,1890264.7684647797
2024-03-08,2115476.1228973228,-401991.8804000265,1713484.2424972963
2024-03-11,2088554.2958468117,-397853.08068742143,1690701.2151593904
2024-03-12,2088554.2958468117,-408613.9599401947,1679940.335906617
2024-03-13,2064294.899852893,-406958.44005515263,1657336.4597977404
2024-03-14,2064294.899852893,-397577.1607065811,1666717.739146312
2024-03-15,2034730.038732339,-403095.56032338785,1631634.478408951
2024-03-18,1969811.5780617537,-398404.9206491021,1571406.6574126515
2024-03-19,2070692.633512352,-406852.25958592846,1663840.3739264235
2024-03-20,2209456.2593105333,-439410.3198612799,1770045.9394492535
2024-03-21,2117228.9134906363,-465707.2146990638,1651521.6987915724
2024-03-22,2174228.632884132,-469463.91396160435,1704764.718922528
2024-03-25,2156953.3925242233,-473220.6132241449,1683732.7793000783
2024-03-26,2103123.1754798903,-469463.91396160435,1633659.261518286
2024-03-27,2166216.870744287,-480483.5651317233,1685733.3056125636
2024-03-28,2166216.870744287,-486995.17718679353,1679221.6935574934
2024-04-01,2166216.870744287,-506530.01335200446,1659686.8573922827
2024-04-02,2166216.870744287,-481986.2448367395,1684230.6259075475
2024-04-03,2166216.870744287,-486995.17718679353,1679221.6935574934
2024-04-04,2166216.870744287,-455689.3499989556,1710527.5207453314
2024-04-05,2191129.3450532,-470716.14704911783,1720413.1980040823
2024-04-08,2155469.3309682654,-475725.07939917187,1679744.2515690937
2024-04-09,2263242.797516679,-495009.4689468801,1768233.3285697987
2024-04-10,2243426.3859255193,-468211.6808740908,1775214.7050514284
2024-04-11,2333163.4413625402,-499517.50806192873,1833645.9333006116
2024-04-12,2333163.4413625402,-443167.0191238205,1889996.4222387196
2024-04-15,2333163.4413625402,-423131.2897236042,1910032.151638936
2024-04-16,2462207.54281074,-433149.1544237123,2029058.3883870277
2024-04-17,2368469.9646949614,-354258.46991036076,2014211.4947846006
2024-04-18,2280546.4215611285,-360519.6353479283,1920026.7862132
2024-04-19,2120908.1720518493,-274115.5523094957,1846792.6197423537
2024-04-22,2226953.580654442,-312934.77802241466,1914018.8026320273
2024-04-23,2261536.930034456,-361771.86843544187,1899765.0615990139
2024-04-24,2223111.0396908056,-385564.2970981987,1837546.742592607
2024-04-25,2334266.591675346,-413113.42502349603,1921153.1666518496
2024-04-26,2349585.912958905,-445671.48529884755,1903914.4276600576
2024-04-29,2386352.1309286347,-458193.8161739827,1928158.3147546519
2024-04-30,2234309.137745133,-425635.7558986312,1808673.381846502
2024-05-01,2234309.137745133,-371789.73313555,1862519.404609583
2024-05-02,2279551.743936609,-421879.0566360906,1857672.6873005184
2024-05-03,2315821.84145194,-450680.4176489016,1865141.4238030384
2024-05-06,2385296.4966954985,-488247.41027430707,1897049.0864211915
2024-05-07,2316832.096118151,-475725.07939917187,1841107.0167189795
2024-05-08,2340000.4170793328,-480734.01174922596,1859266.4053301068
2024-05-09,2340000.4170793328,-478229.54557419894,1861770.8715051338
2024-05-10,2340000.4170793328,-498265.2749744152,1841735.1421049177
2024-05-13,2340000.4170793328,-502272.42085445847,1837727.9962248742
2024-05-14,2340000.4170793328,-524061.27657719364,1815939.140502139
2024-05-15,2340000.4170793328,-554866.2105300261,1785134.2065493066
2024-05-16,2340000.4170793328,-550107.7247974748,1789892.692281858
2024-05-17,2340000.4170793328,-555617.5503825343,1784382.8666967985
2024-05-20,2340000.4170793328,-584669.358012848,1755331.0590664847
2024-05-21,2373793.7525372477,-558873.3564100694,1814920.3961271783
2024-05-22,2373793.7525372477,-577155.9594877667,1796637.793049481
2024-05-23,2373793.7525372477,-553864.4240600154,1819929.3284772323
2024-05-24,2372909.7814894286,-588926.9505103938,1783982.8309790348
2024-05-28,2389167.465151631,-600447.4949155182,1788719.9702361126
2024-05-29,2389167.465151631,-583166.6783078316,1806000.786843799
2024-05-30,2389167.465151631,-583417.1249253344,1805750.3402262963
2024-05-31,2389167.465151631,-597943.0287404911,1791224.4364111396
2024-06-03,2510029.480494821,-576154.173017756,1933875.307477065
2024-06-04,2550246.6997615304,-579159.5324277885,1971087.167333742
2024-06-05,2601251.633756761,-608712.2332931075,1992539.4004636535
2024-06-06,2601251.633756761,-599195.2618280047,2002056.3719287561
2024-06-07,2604366.4203744093,-604705.0874130642,1999661.332961345
2024-06-10,2608501.850136821,-609964.466380621,1998537.3837562003
2024-06-11,2648844.465632737,-610715.806233129,2038128.6593996082
2024-06-12,2670584.788344229,-617477.8649057021,2053106.9234385272
2024-06-13,2670584.788344229,-625492.1566657885,2045092.6316784406
2024-06-14,2670584.788344229,-613971.6122606642,2056613.1760835648
2024-06-17,2670584.788344229,-613220.2724081561,2057364.515936073
2024-06-18,2670584.788344229,-642088.7369519656,2028496.0513922635
2024-06-20,2670584.788344229,-598050.1014638531,2072534.686880376
2024-06-21,2670584.788344229,-598050.1014638531,2072534.686880376
2024-06-24,2533928.0161922034,-507924.5218602744,2026003.494331929
2024-06-25,2660624.4170018137,-558108.0832304489,2102516.3337713648
2024-06-26,2669406.9659667932,-531480.0710748461,2137926.894891947
2024-06-27,2676422.399681258,-527383.453820138,2149038.94586112
2024-06-28,2591302.996582288,-548890.6944073557,2042412.302174932
2024-07-01,2591302.996582288,-554011.4659757409,2037291.530606547
2024-07-02,2591302.996582288,-597025.9471501762,1994277.0494321117
2024-07-03,2609342.3129180255,-627750.5765604872,1981591.7363575385
2024-07-05,2647643.4434258584,-629798.8851878413,2017844.5582380171
2024-07-08,2727072.746728634,-673837.5206759536,2053235.2260526805
2024-07-09,2727072.746728634,-675885.8293033077,2051186.9174253263
2024-07-10,2727072.746728634,-716852.001850389,2010220.744878245
2024-07-11,2727072.746728634,-653354.434402413,2073718.312326221
2024-07-12,2648242.834163847,-676909.9836169847,1971332.8505468622
2024-07-15,2578068.291725521,-677934.1379306617,1900134.1537948593
2024-07-16,2692730.1975125354,-695344.7612631712,1997385.4362493642
2024-07-17,2477311.7817115327,-516117.75636969064,1961194.025341842
2024-07-18,2477311.7817115327,-521238.5279380758,1956073.253773457
2024-07-19,2396889.800297531,-420871.4051977267,1976018.3950998043
2024-07-22,2396889.800297531,-532504.2253885232,1864385.5749090076
2024-07-23,2402452.7672189283,-498707.13303718105,1903745.6341817472
2024-07-24,2234281.0735136033,-365567.07225916686,1868714.0012544366
2024-07-25,2234281.0735136033,-240620.2459905689,1993660.8275230345
2024-07-26,2234281.0735136033,-326649.2083394397,1907631.8651741636
2024-07-29,2182096.0930544008,-292852.1159880976,1889243.9770663031
2024-07-30,2051170.3274711366,-195557.45618877944,1855612.8712823573
2024-07-31,2153728.8438446936,-360446.3006907817,1793282.5431539118
2024-08-01,1981430.5363371181,-71634.78423385858,1909795.7521032596
2024-08-02,1981430.5363371181,114761.30085536116,2096191.8371924793
2024-08-05,2135418.6268890756,133196.0785015478,2268614.7053906233
2024-08-06,2135418.6268890756,116809.60948271526,2252228.236371791
2024-08-07,2135418.6268890756,179283.02261701424,2314701.6495060897
2024-08-08,2135418.6268890756,13370.023801335017,2148788.6506904108
2024-08-09,2135418.6268890756,16442.486742366105,2151861.1136314417
2024-08-12,2135418.6268890756,-11209.679726913571,2124208.947162162
2024-08-13,2195431.6530260267,-130011.58011344948,2065420.072912577
2024-08-14,2195431.6530260267,-128987.42579977249,2066444.227226254
2024-08-15,2240693.7555933213,-263151.6408914636,1977542.1147018578
2024-08-16,2307350.5879551573,-269296.5667735259,2038054.0211816314
2024-08-19,2424238.9485323844,-345083.98598562623,2079154.9625467581
2024-08-20,2479764.0312147886,-280562.26422397327,2199201.7669908153
2024-08-21,2569115.103742504,-344059.83167194924,2225055.272070555
2024-08-22,2452711.0232568257,-207847.30795290403,2244863.7153039216
2024-08-23,2507242.7621361837,-282610.57285132736,2224632.1892848564
2024-08-26,2456584.7477870667,-189412.53030671726,2267172.2174803494
2024-08-27,2480494.746997759,-251885.94344101637,2228608.803556743
2024-08-28,2493282.182805494,-170977.75266053074,2322304.4301449633
2024-08-29,2343685.251837164,-166881.13540582266,2176804.1164313415
2024-08-30,2455724.518642089,-272369.0297145569,2183355.488927532
2024-09-03,2455724.518642089,-1992.2909038205398,2453732.227738268
2024-09-04,2381241.509703691,24635.72125178238,2405877.2309554736
2024-09-05,2375821.6965794154,27708.184192813467,2403529.880772229
2024-09-06,2375821.6965794154,192597.02869481558,2568418.725274231
2024-09-09,2494612.7814083863,131147.76987419382,2625760.55128258
2024-09-10,2619343.420478806,86084.98007240426,2705428.40055121
2024-09-11,2619343.420478806,-47055.08070560987,2572288.339773196
2024-09-12,2679351.3948751115,-48079.23501928686,2631272.159855825
2024-09-13,2710735.862841706,-102359.41364416957,2608376.4491975363
2024-09-16,2781929.821331498,-59344.93246973434,2722584.8888617638
2024-09-17,2781929.821331498,-119189.499508232,2662740.3218232663
2024-09-18,3001707.764215664,-114871.07383090898,2886836.690384755
2024-09-19,3043461.0246243896,-186125.09750673908,2857335.9271176504
2024-09-20,3195634.075855609,-158055.33060413942,3037578.74525147
2024-09-23,3236091.9556867937,-177488.24615209305,3058603.7095347005
2024-09-24,3311197.8589707296,-203398.8002160312,3107799.0587546984
2024-09-25,3291871.801428099,-214194.8644093388,3077676.9370187605
2024-09-26,3291871.801428099,-274652.82389186125,3017218.977536238
2024-09-27,3224201.2647867203,-244423.84415060002,2979777.4206361203
2024-09-30,3224201.2647867203,-233627.77995729243,2990573.4848294277
2024-10-01,3224201.2647867203,-149418.47924949322,3074782.785537227
2024-10-02,3260305.5311838337,-199080.3745387082,3061225.1566451257
2024-10-03,3341550.9094926734,-199080.3745387082,3142470.5349539653
2024-10-04,3341550.9094926734,-233627.77995729243,3107923.1295353808
2024-10-07,3328959.3217964205,-233627.77995729243,3095331.541839128
2024-10-08,3362995.366268551,-257810.96375030145,3105184.4025182496
2024-10-09,3396625.3199312366,-278971.2495691843,3117654.0703620524
2024-10-10,3396625.3199312366,-269038.8705113413,3127586.449419895
2024-10-11,3396625.3199312366,-286312.57322063344,3110312.746710603
2024-10-14,3396625.3199312366,-326042.08945200534,3070583.230479231
2024-10-15,3396625.3199312366,-227150.14144130785,3169475.1784899286
2024-10-16,3396625.3199312366,-214194.8644093388,3182430.455521898
2024-10-17,3261314.000974785,-240105.418473277,3021208.5825015083
2024-10-18,3251177.1108898115,-248742.26982792304,3002434.8410618883
2024-10-21,3343278.233870332,-248742.26982792304,3094535.9640424093
2024-10-22,3376739.9375512083,-250901.48266658455,3125838.4548846236
2024-10-23,3376739.9375512083,-227150.14144130785,3149589.7961099003
2024-10-24,3376739.9375512083,-233627.77995729243,3143112.1575939157
2024-10-25,3376739.9375512083,-267311.5002404121,3109428.437310796
2024-10-28,3376739.9375512083,-276812.03673052276,3099927.9008206856
2024-10-29,3376739.9375512083,-309632.0718781778,3067107.8656730307
2024-10-30,3376739.9375512083,-242264.63131193852,3134475.3062392697
2024-10-31,3376739.9375512083,-138622.41505618562,3238117.5224950225
2024-11-01,3343887.0270362487,-151577.69208815478,3192309.334948094
2024-11-04,3237949.7577869156,-166692.18195878546,3071257.5758281304
2024-11-05,3297842.651980602,-194761.9488613851,3103080.703119217
2024-11-06,3297842.651980602,-276812.03673052276,3021030.6152500794
2024-11-07,3330821.078500408,-322587.348910147,3008233.7295902614
2024-11-08,3330821.078500408,-312654.96985230397,3018166.108648104
2024-11-11,3330821.078500408,-260402.01915669523,3070419.059343713
2024-11-12,3330821.078500408,-240105.418473277,3090715.6600271314
2024-11-13,3330821.078500408,-194761.94886138517,3136059.129639023
2024-11-14,3330821.078500408,-201239.5873773697,3129581.4911230383
2024-11-15,3330821.078500408,-108393.43531492446,3222427.6431854838
2024-11-18,3383266.7282356997,-166692.18195878546,3216574.5462769144
2024-11-19,3426889.638954106,-166692.18195878546,3260197.4569953205
2024-11-20,3426889.638954106,-136463.20221752417,3290426.436736582
2024-11-21,3426889.638954106,-196921.16170004668,3229968.477254059
2024-11-22,3443818.5221387767,-166692.1819587854,3277126.3401799914
2024-11-25,3443818.5221387767,-240105.418473277,3203713.1036655
2024-11-26,3443818.5221387767,-207717.22589335422,3236101.2962454227
2024-11-27,3616009.448245716,-190443.5231840621,3425565.925061654
2024-11-29,3530574.0818421636,-227150.14144130785,3303423.9404008556
2024-12-02,3540175.1313917614,-281994.1475433104,3258180.9838484507
2024-12-03,3512961.2182828006,-283721.5178142396,3229239.700468561
2024-12-04,3540150.6533497167,-306177.3313363194,3233973.3220133972
2024-12-05,3540150.6533497167,-263856.7596985537,3276293.893651163
2024-12-06,3540150.6533497167,-297540.4799816733,3242610.1733680433
2024-12-09,3540150.6533497167,-271198.0833500029,3268952.569999714
2024-12-10,3540150.6533497167,-209876.43873201573,3330274.214617701
2024-12-11,3540150.6533497167,-274220.9813241289,3265929.672025588
2024-12-12,3551409.0829893444,-257379.12118256913,3294029.961806775
2024-12-13,3551409.0829893444,-323882.87661334383,3227526.2063760003
2024-12-16,3644832.464153011,-356271.06919326656,3288561.394959744
2024-12-17,3723978.0613828986,-327769.4597229345,3396208.601659964
2024-12-18,3723978.0613828986,-221536.18806078797,3502441.8733221106
2024-12-19,3663595.2278391635,-158055.3306041393,3505539.8972350243
2024-12-20,3640823.6818076535,-233627.77995729243,3407195.901850361
2024-12-23,3829468.4446398835,-302290.74822672864,3527177.6964131547
2024-12-24,3867763.1290862826,-469647.97752464854,3398115.151561634
2024-12-26,3871392.3368162937,-381715.5151525528,3489676.821663741
2024-12-27,4017151.1030121027,-445608.8870919893,3571542.2159201135
2024-12-30,4019638.7527569993,-286824.3687078452,3732814.384049154
2024-12-31,4019638.7527569993,-339330.80307391676,3680307.9496830828
2025-01-02,4019638.7527569993,-289987.4069226688,3729651.3458343307
2025-01-03,4019638.7527569993,-368430.75465029373,3651207.9981067055
2025-01-06,3967631.566771246,-413978.5049437534,3553653.0618274924
2025-01-07,3761078.0021209265,-400693.74444149435,3360384.257679432
2025-01-08,3761078.0021209265,-353248.1712191406,3407829.8309017858
2025-01-10,3766430.2547282204,-264683.1012040801,3501747.1535241404
2025-01-13,3917087.464917349,-271009.17763372726,3646078.2872836217
2025-01-14,3917087.464917349,-315291.7126412575,3601795.752276092
2025-01-15,3928278.5866883253,-378552.4769377292,3549726.109750596
2025-01-16,3928278.5866883253,-403856.7826563179,3524421.804032007
2025-01-17,3928278.5866883253,-481667.52274097817,3446611.063947347
2025-01-21,3928278.5866883253,-537336.9953218733,3390941.591366452
2025-01-22,3928278.5866883253,-524052.2348196142,3404226.351868711
2025-01-23,3928278.5866883253,-558213.047539709,3370065.539148616
2025-01-24,3928278.5866883253,-513930.5125321788,3414348.0741561465
2025-01-27,3928278.5866883253,-217237.52798172622,3711041.0587065993
2025-01-28,3928278.5866883253,-229889.68084102066,3698388.9058473045
2025-01-29,3998764.005485361,-242541.83370031498,3756222.171785046
2025-01-30,4135937.028993592,-312128.6744264339,3823808.354567158
2025-01-31,3846421.4369640406,-302639.5597819631,3543781.8771820776
2025-02-03,3747945.9932205975,-214074.48976690264,3533871.5034536947
2025-02-04,3778305.494958995,-289987.4069226688,3488318.088036326
2025-02-05,3828309.4473191425,-375389.43872290564,3452920.008596237
2025-02-06,3925757.3241599933,-384878.55336737644,3540878.770792617
2025-02-07,3874257.5091878795,-327943.8655005519,3546313.6436873274
2025-02-10,3923724.623389318,-388041.59158219997,3535683.031807118
2025-02-11,3893750.83911159,-391204.6297970236,3502546.209314566
2025-02-12,3893750.83911159,-407652.42851410626,3486098.4105974836
2025-02-13,3893750.83911159,-432956.73423269496,3460794.104878895
2025-02-14,3893750.83911159,-458893.6475942484,3434857.1915173414
2025-02-18,3893750.83911159,-500013.14438695495,3393737.6947246348
2025-02-19,3893750.83911159,-546826.1099663441,3346924.7291452456
2025-02-20,3893750.83911159,-572130.4156849327,3321620.423426657
2025-02-21,3893750.83911159,-464587.1163809308,3429163.722730659
2025-02-24,3893750.83911159,-396265.4909407413,3497485.3481708486
2025-02-25,3789618.874981124,-302639.5597819631,3486979.315199161
2025-02-26,3789618.874981124,-378552.47693772917,3411066.398043395
2025-02-27,3789618.874981124,-122346.3815370187,3667272.493444105
2025-02-28,3790461.012508897,-214074.48976690264,3576386.5227419944
2025-03-03,3790461.012508897,-33781.31152195821,3756679.700986939
2025-03-04,3790461.012508897,-43270.426166428835,3747190.5863424684
2025-03-05,3790461.012508897,-125509.41975184216,3664951.592757055
2025-03-06,3525128.741633274,76925.02599686733,3602053.767630141
2025-03-07,3546972.015863039,-87552.9611739592,3459419.05468908
2025-03-10,3724320.616656191,190794.40173051658,3915115.0183867076
2025-03-11,3985678.364368587,162327.05779710412,4148005.422165691
2025-03-12,4184962.2825870165,92740.21707098524,4277702.499658002
2025-03-13,4184962.2825870165,89577.17885616166,4274539.461443178
2025-03-14,4239389.678292582,-49596.50259607611,4189793.1756965057
2025-03-17,4302740.655212218,-147650.68725560745,4155089.9679566105
2025-03-18,4425063.013759087,-84897.18560478336,4340165.828154303
2025-03-19,4652375.197837112,-144875.4493454937,4507499.748491618
2025-03-20,4641561.163753077,-131546.94629200257,4510014.217461075
2025-03-21,4721137.7254755795,-111554.19171176583,4609583.533763814
2025-03-24,4677332.365582269,-223735.7590786502,4453596.606503619
2025-03-25,4677332.365582269,-193746.62720829493,4483585.738373973
2025-03-26,4677332.365582269,-72679.39113908296,4604652.974443186
2025-03-27,4677332.365582269,-7147.584459417849,4670184.781122851
2025-03-28,4567157.124463224,131690.98901444918,4698848.113477673
2025-03-31,4795976.309688857,131690.98901444918,4927667.298703306
2025-04-01,4802577.444309579,115030.36019758508,4917607.804507164
2025-04-02,4802577.444309579,76155.55962490244,4878733.003934482
2025-04-03,4802577.444309579,642616.9393982793,5445194.383707859
2025-04-04,4802577.444309579,1120221.6321483813,5922799.0764579605
2025-04-07,4535012.517211613,998043.6874913786,5533056.204702992
2025-04-08,4386858.24828503,1086900.3745146533,5473758.622799683
2025-04-09,4386858.24828503,431582.30771800166,4818440.556003031
2025-04-10,4386858.24828503,864758.6569564665,5251616.905241497
2025-04-11,4627944.821397719,825883.8563837836,5453828.677781503
2025-04-14,4627944.821397719,753687.7981773728,5381632.619575092
2025-04-15,4655678.304214775,709259.4546657355,5364937.75888051
2025-04-16,4655678.304214775,903633.4575291491,5559311.761743924
2025-04-17,4655678.304214775,825883.8563837836,5481562.160598558
2025-04-21,4827754.766827632,1042472.0310030159,5870226.797830648
2025-04-22,4881817.1634143,881419.2857733305,5763236.449187631
2025-04-23,4881817.1634143,737027.1693605088,5618844.33277481
2025-04-24,5125908.021585016,498224.82298545784,5624132.844570474
2025-04-25,5173277.052461067,431582.30771800166,5604859.3601790685
2025-04-28,5173277.052461067,353832.70657263626,5527109.759033703
2025-04-29,5106913.64304055,498224.8229854576,5605138.466026007
2025-04-30,5376162.282225063,448242.93653486564,5824405.218759929
2025-05-01,5047657.820694298,453796.4794738203,5501454.3001681175
2025-05-02,5011319.645228366,298297.2771830895,5309616.922411456
2025-05-05,4961062.253346434,320511.44893890806,5281573.702285342
2025-05-06,4933086.745713684,376046.8783284548,5309133.624042138
2025-05-07,4970578.204981108,292743.73424413474,5263321.939225243
2025-05-08,5219107.115230164,242761.84779354266,5461868.963023706
2025-05-09,5263900.444192203,187226.41840399592,5451126.862596199
2025-05-12,5377594.764963279,-123771.986177466,5253822.778785813
2025-05-13,5407926.503080256,-203743.0044984133,5204183.498581843
2025-05-14,5407926.503080256,-207075.13026178617,5200851.37281847
2025-05-15,5446495.99123725,-194857.33579608594,5251638.655441164
2025-05-16,5588200.230484101,-198189.46155945864,5390010.768924642
2025-05-19,5713014.187096145,-192635.91862050403,5520378.268475641
2025-05-20,5827274.470838068,-187082.37568154937,5640192.095156519
2025-05-21,5827274.470838068,-87118.60278036515,5740155.868057703
2025-05-22,5727496.139096831,-79343.64266582858,5648152.496431002
2025-05-23,5913205.862394819,-1594.0415204631863,5911611.820874356
2025-05-27,5904712.0824495265,-155982.53522340313,5748729.5472261235
2025-05-28,5958187.266253197,-123771.986177466,5834415.280075731
2025-05-29,5826009.050448946,-160425.3695745669,5665583.680874378
2025-05-30,5826009.050448946,-76011.51690245583,5749997.53354649
2025-06-02,5877730.410257083,-174864.58121584903,5702865.829041234
2025-06-03,5936507.714359654,-272606.93694145133,5663900.777418203
2025-06-04,6059160.794541352,-311481.7375141341,5747679.057027218
2025-06-05,5766817.343067495,-287046.14858273347,5479771.194484762
2025-06-06,5597321.002840632,-325920.9491554162,5271400.053685215
2025-06-09,5575600.624649613,-393674.17301066325,5181926.45163895
2025-06-10,5692464.235164344,-444766.7680490463,5247697.467115298
2025-06-11,5526486.157098747,-419220.4705298548,5107265.686568892
2025-06-12,5496310.828894096,-431438.26499555504,5064872.563898541
2025-06-13,5496310.828894096,-340360.1607966984,5155950.668097398
2025-06-16,5481869.077177559,-431438.26499555504,5050430.812182004
2025-06-17,5346207.66012322,-446298.0625803245,4899909.597542895
2025-06-18,5241903.2457015775,-448797.4584008588,4793105.787300719
2025-06-20,5241903.2457015775,-440049.5730289882,4801853.672672589
2025-06-23,5241903.2457015775,-488787.7915294103,4753115.454172167
2025-06-24,5294322.278158593,-671243.6864284263,4623078.591730166
2025-06-25,5347265.5009401785,-692488.5509029692,4654776.950037209
2025-06-26,5365070.976670614,-742476.4673136584,4622594.509356956
2025-06-27,5365070.976670614,-688739.4571721675,4676331.519498447
2025-06-30,5365070.976670614,-717482.5091083138,4647588.467562301
2025-07-01,5365070.976670614,-699986.7383645726,4665084.238306042
2025-07-02,5365070.976670614,-743726.1652239257,4621344.811446689
2025-07-03,5365070.976670614,-756223.1443265982,4608847.832344016
2025-07-07,5365070.976670614,-706235.2279159088,4658835.748754705
2025-07-08,5365070.976670614,-759972.2380573998,4605098.738613214
2025-07-09,5365070.976670614,-771219.5192498048,4593851.457420809
2025-07-10,5365070.976670614,-819957.7377502269,4545113.238920388
2025-07-11,5365070.976670614,-819957.7377502269,4545113.238920388
2025-07-14,5365070.976670614,-808710.4565578218,4556360.520112793
2025-07-15,5365070.976670614,-828705.6231220975,4536365.353548517
2025-07-16,5365070.976670614,-788715.2899935462,4576355.6866770685
2025-07-17,5365070.976670614,-819957.7377502269,4545113.238920388
2025-07-18,5365070.976670614,-806211.0607372874,4558859.915933327
2025-07-21,5365070.976670614,-847451.091776106,4517619.884894509
2025-07-22,5365070.976670614,-807460.7586475546,4557610.21802306
2025-07-23,5365070.976670614,-826206.2273015631,4538864.749369051
2025-07-24,5365070.976670614,-834954.1126734337,4530116.863997181
2025-07-25,5365070.976670614,-851200.1855069078,4513870.791163707
2025-07-28,5365070.976670614,-871195.3520711835,4493875.624599431
2025-07-29,5365070.976670614,-878693.5395327868,4486377.437137827
2025-07-30,5365070.976670614,-882442.6332635885,4482628.343407026
2025-07-31,5365070.976670614,-817458.3419296924,4547612.634740922
2025-08-01,5365070.976670614,-726230.3944801844,4638840.58219043
2025-08-04,5447087.808127823,-813709.2481988908,4633378.559928932
2025-08-05,5603422.305671831,-799962.5711859511,4803459.73448588
2025-08-06,5771524.974841986,-796213.4774551494,4975311.497386836
2025-08-07,5829240.224590406,-834954.1126734337,4994286.111916972
2025-08-08,5921338.6047457475,-869945.6541609162,5051392.950584832
2025-08-11,5921338.6047457475,-877443.8416225195,5043894.763123228
2025-08-12,5921338.6047457475,-948676.6225077518,4972661.982237996
2025-08-13,5921338.6047457475,-961173.6016104242,4960165.0031353235
2025-08-14,5921338.6047457475,-963672.9974309587,4957665.607314789
2025-08-15,5921338.6047457475,-913685.0810202693,5007653.523725478
2025-08-18,5953028.966065829,-938679.0392256139,5014349.926840215
2025-08-19,5953028.966065829,-894939.6123662608,5058089.353699568
2025-08-20,5953028.966065829,-872445.0499814507,5080583.916084378
2025-08-21,5953028.966065829,-864946.8625198472,5088082.103545981
2025-08-22,5953028.966065829,-939928.7371358812,5013100.228929947
2025-08-25,5936851.42747169,-774968.6129806065,5161882.814491084
2025-08-26,5943694.006914759,-886191.7269943901,5057502.279920369
2025-08-27,6062567.887053055,-749974.6547752619,5312593.232277793
2025-08-28,6062567.887053055,-961173.6016104242,5101394.285442631
2025-08-29,6062567.887053055,-918683.8726613383,5143884.014391717
2025-09-02,6062567.887053055,-899938.4040073298,5162629.483045725
2025-09-03,6062567.887053055,-912435.3831100021,5150132.503943052
2025-09-04,6062567.887053055,-889940.820725192,5172627.066327862
2025-09-05,6062567.887053055,-962423.2995206914,5100144.587532364
2025-09-08,6062567.887053055,-1007412.4242903118,5055155.462762743
2025-09-09,6062567.887053055,-974920.2786233637,5087647.608429691
2025-09-10,6062567.887053055,-1012411.2159313806,5050156.671121674
2025-09-11,6062567.887053055,-988666.9556363033,5073900.931416752
2025-09-12,6062567.887053055,-1039904.5699572598,5022663.317095795
2025-09-15,6062567.887053055,-1022408.7992135186,5040159.087839536
2025-09-16,6062567.887053055,-1052401.5490599321,5010166.337993123
2025-09-17,6062567.887053055,-1041154.267867527,5021413.619185528
2025-09-18,6062567.887053055,-1081144.6009960785,4981423.286056977
2025-09-19,6062567.887053055,-1083643.996816613,4978923.890236442
2025-09-22,6062567.887053055,-1093641.5800987508,4968926.306954304
2025-09-23,6062567.887053055,-1149050.9234054703,4913516.963647584
2025-09-24,6062567.887053055,-1020980.9432739591,5041586.943779096
2025-09-25,6062567.887053055,-1003316.1184282333,5059251.768624822
2025-09-26,6062567.887053055,-1012148.5308510963,5050419.356201959
2025-09-29,6062567.887053055,-1149050.9234054703,4913516.963647584
2025-09-30,6062567.887053055,-1061610.040419128,5000957.846633927
2025-10-01,6062567.887053055,-1202045.3979426473,4860522.489110407
2025-10-02,6062567.887053055,-1103122.3788065836,4959445.508246471
2025-10-03,6062567.887053055,-1104888.8612911562,4957679.025761899
2025-10-06,6062567.887053055,-1387526.0588227669,4675041.828230288
2025-10-07,6062567.887053055,-1241791.25384553,4820776.633207524
2025-10-08,6062567.887053055,-1338064.549254735,4724503.33779832
2025-10-09,6087060.200284971,-1353962.891615888,4733097.308669083
2025-10-10,5721836.588267872,-1082807.830233999,4639028.7580338735
2025-10-13,5845747.407941984,-1215294.0165769416,4630453.391365042
2025-10-14,5845747.407941984,-1157883.3358283332,4687864.072113651
2025-10-15,5845747.407941984,-1231192.3589380947,4614555.04900389
2025-10-16,5765615.560856294,-1188796.779308353,4576818.781547941
2025-10-17,5942892.084140904,-1263872.2849026872,4679019.799238217
2025-10-20,5880184.988063265,-1285070.074717558,4595114.913345707
2025-10-21,5917831.585858131,-1321282.9656512956,4596548.620206835
2025-10-22,5917831.585858131,-1219710.222788373,4698121.363069758
2025-10-23,6111899.728487813,-1107538.585018015,5004361.143469797
2025-10-24,6100258.014719265,-1313333.794470719,4786924.2202485455
2025-10-27,6178455.314641329,-1308034.3470170014,4870420.967624328
2025-10-28,6209579.542669417,-1392825.5062764846,4816754.036392933
2025-10-29,6142489.247490516,-1304501.3820478562,4837987.86544266
2025-10-30,6142489.247490516,-1211761.0516077965,4930728.195882719
2025-10-31,6142489.247490516,-1393708.7475187709,4748780.499971746
2025-11-03,6142489.247490516,-1398124.9537302023,4744364.293760314
2025-11-04,6142489.247490516,-1373394.1989461866,4769095.04854433
2025-11-05,6113434.909635789,-1504997.1440468428,4608437.765588946
2025-11-06,6479270.617720343,-1327465.6543472996,5151804.963373044
2025-11-07,6815456.028582938,-1232958.8414226673,5582497.18716027
2025-11-10,7073737.021330396,-1351313.1678890293,5722423.853441367
2025-11-11,7112775.341520392,-1286836.5572021306,5825938.784318262
2025-11-12,7153153.895506951,-1358379.0978273198,5794774.797679631
2025-11-13,7153153.895506951,-1249740.4250261066,5903413.470480844
2025-11-14,7028949.389790129,-1283303.5922329854,5745645.7975571435
2025-11-17,6466633.438606919,-1243557.7363301027,5223075.702276817
2025-11-18,6466633.438606919,-1122553.6861368818,5344079.752470037
2025-11-19,6479522.3881790135,-1157883.3358283332,5321639.05235068
2025-11-20,5961160.597124693,-1016564.7370625276,4944595.860062165
2025-11-21,5961160.597124693,-1034229.5619082534,4926931.0352164395
2025-11-24,6120609.607811554,-1228542.6352112358,4892066.9726003185
2025-11-25,6120609.607811554,-1215294.0165769416,4905315.591234613
2025-11-26,6085037.130144508,-1290369.5221712757,4794667.607973232
2025-11-28,6206737.872747398,-1380460.1288844766,4826277.743862921
2025-12-01,6241123.251475654,-1446703.222055948,4794420.029419705
2025-12-02,6290660.4180905055,-1463484.8056593875,4827175.612431118
2025-12-03,6416473.626452316,-1507646.8677737017,4908826.758678614
2025-12-04,6484489.174799235,-1480266.3892628269,5004222.7855364075
2025-12-05,6507223.966619528,-1544742.9999497256,4962480.966669803
2025-12-08,6507223.966619528,-1579189.4083988906,4928034.558220637
2025-12-09,6507223.966619528,-1565940.7897645964,4941283.176854932
2025-12-10,6507223.966619528,-1569473.7547337415,4937750.211885787
2025-12-11,6507223.966619528,-1608336.369394338,4898887.59722519
2025-12-12,6507223.966619528,-1526194.9338617136,4981029.032757814
2025-12-15,6423365.308689355,-1531494.3813154313,4891870.927373923
2025-12-16,6415433.269533156,-1522661.9688925685,4892771.300640588
2025-12-17,6206976.116481566,-1542976.517465153,4663999.599016413
2025-12-18,6116814.099315481,-1500580.9378354114,4616233.16148007
2025-12-19,6217796.579255364,-1638366.5716320716,4579430.0076232925
2025-12-22,6216359.9349440755,-1613635.816848056,4602724.11809602
2025-12-23,6278523.534293517,-1722156.5287198895,4556367.005573627
2025-12-24,6278523.534293517,-1743707.5248330252,4534816.009460491
2025-12-26,6278523.534293517,-1793993.1824303418,4484530.351863175
2025-12-29,6278523.534293517,-1758074.8555751154,4520448.678718401
2025-12-30,6278523.534293517,-1790401.349744819,4488122.184548697
2025-12-31,6278523.534293517,-1639544.3769528696,4638979.157340647
2026-01-02,6278523.534293517,-1862238.0034552712,4416285.5308382455
2026-01-05,6278523.534293517,-1894564.4976249747,4383959.036668542
2026-01-06,6278523.534293517,-2020278.641618266,4258244.892675251
2026-01-07,6278523.534293517,-2020278.6416182658,4258244.892675251
2026-01-08,6278523.534293517,-1952033.8205933364,4326489.71370018
2026-01-09,6278523.534293517,-2023870.4743037885,4254653.059989728
2026-01-12,6341308.769636452,-2070564.2992155824,4270744.47042087
2026-01-13,6296498.686022366,-2088523.4626431954,4207975.2233791705
2026-01-14,6296498.686022366,-2041829.6377314017,4254669.048290964
2026-01-15,6296498.686022366,-2106482.6260708086,4190016.059951558
2026-01-16,6296498.686022366,-2106482.6260708086,4190016.059951558
2026-01-20,6296498.686022366,-2095707.1280142406,4200791.558008126
2026-01-21,6296498.686022366,-2124441.7894984214,4172056.896523945
2026-01-22,6296498.686022366,-2084931.629957673,4211567.056064693
2026-01-23,6190886.487614643,-2135217.2875549896,4055669.2000596533
2026-01-26,6154374.05092491,-2168262.148261797,3986111.902663113
2026-01-27,6121393.137758871,-2227886.5708414726,3893506.566917398
2026-01-28,6121393.137758871,-2242972.2681206674,3878420.869638203
2026-01-29,6121393.137758871,-2212082.507025173,3909310.6307336977
2026-01-30,5631681.686738161,-2138809.120240512,3492872.5664976495
2026-02-02,5597868.618000847,-2212082.5070251734,3385786.110975674
2026-02-03,5597868.618000847,-2126596.889109735,3471271.7288911124
2026-02-04,5597868.618000847,-1955625.6532788589,3642242.9647219884
2026-02-05,5597868.618000847,-1991543.9801340848,3606324.6378667625
2026-02-06,5597868.618000847,-2126596.889109735,3471271.7288911124
2026-02-09,5563142.439802392,-2171853.98094732,3391288.4588550725
2026-02-10,5563142.439802392,-2166825.4151875884,3396317.024614804
2026-02-11,5695962.882326856,-2191968.2439862466,3503994.6383406096
2026-02-12,5264230.330860539,-2174727.447095738,3089502.8837648015
2026-02-13,5264230.330860539,-2133062.1879436756,3131168.142916864
2026-02-17,5264230.330860539,-2140964.2198518254,3123266.111008714
2026-02-18,5170076.856191983,-2171853.98094732,2998222.8752446636
2026-02-19,5250882.519838095,-2188376.411300724,3062506.108537371
2026-02-20,5217622.219058579,-2228604.937378577,2989017.281680002
2026-02-23,5403651.50025521,-2225013.1046930547,3178638.3955621556
2026-02-24,5399986.686106408,-2237225.3358238316,3162761.3502825764
2026-02-25,5399986.686106408,-2280327.3280501026,3119659.3580563054
2026-02-26,5399986.686106408,-2226449.8377672634,3173536.8483391446
2026-02-27,5376005.777746222,-2196996.809745978,3179008.968000244
2026-03-02,5376005.777746222,-2201307.008968605,3174698.768777617
2026-03-03,5690658.14086952,-2077747.9645866277,3612910.176282892
2026-03-04,5639590.12364534,-2145992.7856115573,3493597.338033783
2026-03-05,5188422.9137537135,-2092115.2953287181,3096307.6184249953
2026-03-06,4929001.768066027,-1883788.9995684067,3045212.7684976207
2026-03-09,5235370.130031553,-2052605.1357879695,3182764.9942435836
2026-03-10,5084088.0839357255,-2081339.7972721504,3002748.286663575
2026-03-11,4989579.576660163,-2131625.454869467,2857954.121790696
2026-03-12,4989579.576660163,-2041829.6377314017,2947749.938928761
2026-03-13,4993686.620728045,-2034645.9723603562,2959040.6483676885
2026-03-16,5077262.743355777,-2145274.4190744525,2931988.3242813246
2026-03-17,5084113.150732948,-2327243.3967504846,2756869.753982464
2026-03-18,5084113.150732948,-2294842.8213179186,2789270.32941503
2026-03-19,5084113.150732948,-2287899.840868083,2796213.3098648656
2026-03-20,5084113.150732948,-2193012.4413869963,2891100.709345952
2026-03-23,4757111.3852237575,-2287899.840868083,2469211.5443556746
2026-03-24,4761068.512783809,-2264756.572701964,2496311.9400818446
2026-03-25,4718086.644265621,-2350386.6649166034,2367699.9793490176
2026-03-26,4539769.7583277915,-2172183.5000374895,2367586.258290302
2026-03-27,4539769.7583277915,-2072667.4469231793,2467102.311404612
2026-03-30,4539769.7583277915,-1901407.2624939014,2638362.49583389
2026-03-31,4834106.439884505,-2153668.8855045945,2680437.5543799107
2026-04-01,4766977.67290885,-2246241.958169069,2520735.714739781
2026-04-02,4881374.247332397,-2225413.0168195628,2655961.230512834
2026-04-06,4994191.804071951,-2299471.4749511424,2694720.3291208083
2026-04-07,5243901.394275549,-2292528.4945013067,2951372.899774242
2026-04-08,5524050.818554821,-2556361.7515950594,2967689.066959762
2026-04-09,5801324.06567137,-2609591.2683771322,3191732.797294238
2026-04-10,5716231.692867104,-2641991.8438096987,3074239.8490574053
2026-04-13,5887718.643653117,-2683649.726508712,3204068.917144405
2026-04-14,6005473.016526179,-2748450.8773738444,3257022.139152335
2026-04-15,6005473.016526179,-2732250.5896575614,3273222.426868618
2026-04-16,6001665.989592482,-2741507.8969240086,3260158.0926684737
2026-04-17,6181715.969280257,-2831766.6427718718,3349949.326508385
2026-04-20,6448375.185119473,-2822509.335505424,3625865.8496140493
2026-04-21,6448375.185119473,-2748450.8773738444,3699924.307745629
2026-04-22,6448375.185119473,-2826675.1237753257,3621700.0613441477
2026-04-23,6448375.185119473,-2850744.122668089,3597631.0624513845
2026-04-24,6448375.185119473,-2827137.989138648,3621237.1959808255
2026-04-27,6448375.185119473,-2855372.7763013127,3593002.4088181606
2026-04-28,6448375.185119473,-2866018.679657727,3582356.5054617464
2026-04-29,6563681.052402388,-2893327.7360937474,3670353.316308641
2026-04-30,6752823.505604262,-2952574.502599011,3800249.0030052513
2026-05-01,7022936.445828433,-2929894.0997962146,4093042.3460322185
2026-05-04,6835443.020677829,-2941002.8685159516,3894440.1521618776
2026-05-05,6833120.925962909,-2973403.4439485176,3859717.4820143916
2026-05-06,7187298.4428365845,-2903510.7740868395,4283787.668749745
2026-05-07,7187298.4428365845,-2875738.852287497,4311559.590549087
2026-05-08,7546663.364978414,-2991918.058481413,4554745.306497001
2026-05-11,7546663.364978414,-2924339.7154363464,4622323.649542067
2026-05-12,7546663.364978414,-2973866.30931184,4572797.055666573
2026-05-13,7546663.364978414,-2990066.597028123,4556596.767950291
2026-05-14,7546663.364978414,-2940540.0031526294,4606123.361825785
2026-05-15,7925908.233235351,-2996546.7121146363,4929361.521120714
2026-05-18,7925908.233235351,-3009969.807650985,4915938.425584366
2026-05-19,7925908.233235351,-3006266.884744406,4919641.348490944
2026-05-20,8084426.397900058,-3013672.730557564,5070753.667342493
2026-05-21,8495732.987023516,-3025244.364640624,5470488.622382892
2026-05-22,8546669.687130943,-3029410.152910525,5517259.534220418
2026-05-26,8578172.025643703,-3059496.401526479,5518675.624117224
2026-05-27,8578172.025643703,-2965997.5981353596,5612174.427508343
2026-05-28,8578172.025643703,-2887310.4863705565,5690861.539273147
2026-05-29,8544612.892619045,-3052553.4210766437,5492059.471542401
2026-06-01,8544612.892619045,-3035427.402633716,5509185.48998533
2026-06-02,8744691.775032513,-3022467.172460689,5722224.602571824
2026-06-03,8744691.775032513,-3003489.692564472,5741202.08246804
2026-06-04,8744691.775032513,-2970163.3864052612,5774528.388627252
2026-06-05,8744691.775032513,-3165029.7043639803,5579662.0706685325
2026-06-08,8744691.775032513,-2877127.448377464,5867564.326655049
2026-06-09,8132563.350780237,-2928968.3690695697,5203594.981710667
2026-06-10,8132563.350780237,-2976180.636128452,5156382.714651784
2026-06-11,8552550.246779528,-2958128.8869588794,5594421.359820648
2026-06-12,8586433.989463385,-2889624.813187168,5696809.176276217
2026-06-15,8957739.106139002,-3022467.172460689,5935271.933678313
2026-06-16,8420274.759770662,-3036353.1333603607,5383921.626410301
2026-06-17,8420274.759770662,-3042833.248446874,5377441.511323787
2026-06-18,8559094.22052228,-3068290.8434296045,5490803.377092676
2026-06-22,8853781.45965386,-3084028.265782565,5769753.193871295
2026-06-23,8420376.21421798,-3195245.5813611755,5225130.632856804
2026-06-24,8420376.21421798,-3328404.340435287,5091971.8737826925
2026-06-25,8420376.21421798,-3404104.182922624,5016272.031295355
2026-06-26,8905236.095697781,-3093096.3963180217,5812139.699379759
2026-06-29,8905236.095697781,-3311075.4608297516,5594160.6348680295
2026-06-30,9233871.413822629,-3525406.3401613696,5708465.073661258
2026-07-01,8872482.97068073,-3147819.1740197116,5724663.796661019
2026-07-02,8570005.589152625,-2847755.9429554474,5722249.6461971775
