date,equity,cash,shares,spot,call_K,put_K,call_val,put_val
2022-01-03,103058.65002002715,5884.65,1400,72.05,71.0,,3695.9999799728394,0.0
2022-01-04,102491.64993658065,5884.65,1400,71.02,71.0,,2821.000063419342,0.0
2022-01-05,95043.65000959634,5884.65,1400,63.95,71.0,,370.9999904036522,0.0
2022-01-06,97472.65000020861,5884.65,1400,65.51,71.0,,125.99999979138374,0.0
2022-01-07,89324.65,5884.65,1400,59.6,,,0.0,0.0
2022-01-10,90120.65000278279,443.15000211223924,1500,59.93,71.0,,217.49999932944775,0.0
2022-01-11,95078.14999585375,443.15000211223924,1500,63.32,71.0,,345.0000062584877,0.0
2022-01-12,96960.65000591203,443.15000211223924,1500,64.5,71.0,,232.4999962002039,0.0
2022-01-13,90712.68118079129,443.15000211223924,1500,60.19,71.0,,15.468821320949482,0.0
2022-01-14,97133.15000211222,443.15000211223924,1500,64.46,,,0.0,0.0
2022-01-18,84365.22500018551,702.7249987326559,1500,55.86,71.0,,127.49999854713678,0.0
2022-01-19,76827.7249994032,702.7249987326559,1500,50.77,71.0,,29.999999329447746,0.0
2022-01-20,69613.1340991538,702.7249987326559,1500,45.95,71.0,,14.590899578844615,0.0
2022-01-21,66132.72499873265,702.7249987326559,1500,43.62,,,0.0,0.0
2022-01-24,68797.99999856445,735.4999977821481,1500,45.44,71.0,,97.49999921768904,0.0
2022-01-25,60884.83774458731,735.4999977821481,1500,40.12,71.0,,30.66225319482899,0.0
2022-01-26,63752.03551349517,735.4999977821481,1500,42.03,71.0,,28.464484286979758,0.0
2022-01-27,55215.49999778215,735.4999977821481,1500,36.32,71.0,,4.775425290478177e-143,0.0
2022-01-28,58275.49999778215,735.4999977821481,1500,38.36,,,0.0,0.0
2022-01-31,67738.42788678982,733.7654577443909,1500,44.68,71.0,,15.337570954571278,0.0
2022-02-01,69478.69393227865,733.7654577443909,1500,45.86,71.0,,45.071525465737224,0.0
2022-02-02,74624.51377845205,733.7654577443909,1500,49.28,71.0,,29.251679292342125,0.0
2022-02-03,64708.76545774439,733.7654577443909,1500,42.65,71.0,,1.0968522077344214e-82,0.0
2022-02-04,65758.76545774439,733.7654577443909,1500,43.35,,,0.0,0.0
2022-02-07,65829.86545761363,752.365457110719,1500,43.4,71.0,,22.49999949708581,0.0
2022-02-08,70518.17858095052,752.365457110719,1500,46.52,71.0,,14.186876160200827,0.0
2022-02-09,77477.36545711072,752.365457110719,1500,51.15,71.0,,1.5577216316805605e-16,0.0
2022-02-10,70262.36545711072,752.365457110719,1500,46.34,71.0,,6.875680707022955e-58,0.0
2022-02-11,59867.36545711071,752.365457110719,1500,39.41,,,0.0,0.0
2022-02-14,60186.194897149675,920.513222151306,1500,39.55,71.0,,59.31832500161985,0.0
2022-02-15,69735.2253110164,920.513222151306,1500,46.06,71.0,,275.28791113489837,0.0
2022-02-16,69952.09179867672,920.513222151306,1500,46.04,71.0,,28.421423474594114,0.0
2022-02-17,61898.4436720591,920.513222151306,1500,40.81,71.0,,237.06955009220965,0.0
2022-02-18,60230.513222151305,920.513222151306,1500,39.54,,,0.0,0.0
2022-02-22,58896.499840234384,995.7880920021297,1500,38.61,71.0,,14.288251767739776,0.0
2022-02-23,54785.963232605114,995.7880920021297,1500,35.87,71.0,,14.824859397005952,0.0
2022-02-24,60355.54726152905,995.7880920021297,1500,39.88,71.0,,460.2408304730865,0.0
2022-02-25,63650.788092002134,995.7880920021297,1500,41.77,,,0.0,0.0
2022-02-28,62515.21309168529,1000.2130916852938,1500,41.01,71.0,,2.1724391560453495e-23,0.0
2022-03-01,55840.21309168529,1000.2130916852938,1500,36.56,71.0,,1.9728654943453817e-46,0.0
2022-03-02,61134.176018116836,1000.2130916852938,1500,40.14,71.0,,76.03707356845312,0.0
2022-03-03,57236.20441571248,1000.2130916852938,1500,37.5,71.0,,14.00867597281638,0.0
2022-03-04,53110.21309168529,1000.2130916852938,1500,34.74,,,0.0,0.0
2022-03-07,47018.56312776994,3428.563132240294,1500,29.51,35.0,,675.0000044703484,0.0
2022-03-08,49261.06313581657,3428.563132240294,1500,31.12,35.0,,847.4999964237213,0.0
2022-03-09,53536.06315012168,3428.563132240294,1500,34.98,35.0,,2362.4999821186066,0.0
2022-03-10,52186.06312374663,3428.563132240294,1500,32.71,35.0,,307.5000084936619,0.0
2022-03-11,49328.56313224029,3428.563132240294,1500,30.6,,,0.0,0.0
2022-03-14,45323.583131601335,1091.5831268329607,1600,27.82,35.0,,279.9999952316284,0.0
2022-03-15,50595.583138277056,1091.5831268329607,1600,31.51,35.0,,911.9999885559082,0.0
2022-03-16,55667.58317260933,1091.5831268329607,1600,36.39,35.0,,3647.999954223633,0.0
2022-03-17,56603.58300476265,1091.5831268329607,1600,36.99,35.0,,3672.0001220703125,0.0
2022-03-18,57083.583126832964,57083.583126832964,0,39.21,,,0.0,0.0
2022-03-21,58092.333262373926,1752.333194424631,1500,38.92,40.0,,2039.999932050705,0.0
2022-03-22,59157.333172966966,1752.333194424631,1500,39.63,40.0,,2040.0000214576721,0.0
2022-03-23,56254.8331774373,1752.333194424631,1500,36.62,40.0,,427.50001698732376,0.0
2022-03-24,61317.33318011952,1752.333194424631,1500,42.2,40.0,,3735.0000143051147,0.0
2022-03-25,61744.83319442463,61744.83319442463,0,41.95,,,0.0,0.0
2022-03-28,62054.02315957737,4752.023219658853,1400,42.76,42.5,,2562.000060081482,0.0
2022-03-29,63601.02328641605,4752.023219658853,1400,45.71,42.5,,5144.999933242798,0.0
2022-03-30,61417.023249699596,4752.023219658853,1400,41.31,42.5,,1168.999969959259,0.0
2022-03-31,58610.0232215364,4752.023219658853,1400,38.53,42.5,,83.99999812245369,0.0
2022-04-01,55474.02321965885,4752.023219658853,1400,36.23,,,0.0,0.0
2022-04-04,58010.47321160776,1302.9732120547906,1500,38.0,42.5,,292.50000044703484,0.0
2022-04-05,50352.973211943034,1302.9732120547906,1500,32.78,42.5,,120.00000011175871,0.0
2022-04-06,46949.85989397228,1302.9732120547906,1500,30.45,42.5,,28.113318082515132,0.0
2022-04-07,47052.97321205479,1302.9732120547906,1500,30.5,42.5,,4.5966378057591863e-35,0.0
2022-04-08,43677.97321205479,1302.9732120547906,1500,28.25,,,0.0,0.0
2022-04-11,40951.813853260865,1307.3982117379546,1500,26.46,42.5,,45.5843584770915,0.0
2022-04-12,40584.89821224087,1307.3982117379546,1500,26.2,42.5,,22.49999949708581,0.0
2022-04-13,43382.329358407726,1307.3982117379546,1500,28.06,42.5,,15.068853330228713,0.0
2022-04-14,39707.39821173796,1307.3982117379546,1500,25.6,,,0.0,0.0
2022-04-18,41817.75060977141,1316.9605610754036,1500,27.01,42.5,,14.209951303991316,0.0
2022-04-19,44470.07699258486,1316.9605610754036,1500,28.78,42.5,,16.88356849053957,0.0
2022-04-20,43976.98719338508,1316.9605610754036,1500,28.45,42.5,,14.973367690322508,0.0
2022-04-21,40542.06852237613,1316.9605610754036,1500,26.16,42.5,,14.892038699266863,0.0
2022-04-22,37931.9605610754,1316.9605610754036,1500,24.41,,,0.0,0.0
2022-04-25,39868.28016139575,1318.0404372511928,1500,25.71,42.5,,14.760275855443886,0.0
2022-04-26,34830.00117159314,1318.0404372511928,1500,22.35,42.5,,13.039265658049185,0.0
2022-04-27,34137.82726387614,1318.0404372511928,1500,21.89,42.5,,15.213173375051916,0.0
2022-04-28,39763.04043725119,1318.0404372511928,1500,25.63,42.5,,1.212975685226284e-81,0.0
2022-04-29,34648.04043725119,1318.0404372511928,1500,22.22,,,0.0,0.0
2022-05-02,38074.13726468736,1324.2433818678855,1500,24.51,42.5,,15.106117180524958,0.0
2022-05-03,38974.60672077539,1324.2433818678855,1500,25.11,42.5,,14.636661092495839,0.0
2022-05-04,43367.81546453448,1324.2433818678855,1500,28.04,42.5,,16.427917333406995,0.0
2022-05-05,37279.665518440524,1324.2433818678855,1500,23.98,42.5,,14.577863427357244,0.0
2022-05-06,36274.243381867884,1324.2433818678855,1500,23.3,,,0.0,0.0
2022-05-09,30881.42137758862,1420.5015566927896,1500,19.65,42.5,,14.080179104165563,0.0
2022-05-10,33084.426974464375,1420.5015566927896,1500,21.12,42.5,,16.074582228413924,0.0
2022-05-11,30100.765165803612,1420.5015566927896,1500,19.13,42.5,,14.736390889178255,0.0
2022-05-12,30609.605087330525,1420.5015566927896,1500,19.47,42.5,,15.896469362265012,0.0
2022-05-13,35245.50155669279,1420.5015566927896,1500,22.55,,,0.0,0.0
2022-05-16,33795.00160121746,2970.001590488623,1500,21.37,22.5,,1229.999989271164,0.0
2022-05-17,36217.50170492954,2970.001590488623,1500,24.62,22.5,,3682.499885559082,0.0
2022-05-18,33630.00158333606,2970.001590488623,1500,20.81,22.5,,555.0000071525574,0.0
2022-05-19,33525.001591382694,2970.001590488623,1500,20.48,22.5,,164.99999910593033,0.0
2022-05-20,33480.001590488624,2970.001590488623,1500,20.34,,,0.0,0.0
2022-05-23,33761.90160713024,1561.9015995008454,1600,20.63,22.5,,807.9999923706055,0.0
2022-05-24,31841.901597593493,1561.9015995008454,1600,19.08,22.5,,248.00000190734863,0.0
2022-05-25,33569.90160569973,1561.9015995008454,1600,20.22,22.5,,343.99999380111694,0.0
2022-05-26,36593.901597593496,1561.9015995008454,1600,22.55,22.5,,1048.0000019073486,0.0
2022-05-27,37553.901599500845,37553.901599500845,0,25.29,,,0.0,0.0
2022-05-31,38094.80156252212,2417.3015589458446,1500,24.85,25.0,,1597.4999964237213,0.0
2022-06-01,37329.80154285259,2417.3015589458446,1500,23.67,25.0,,592.5000160932541,0.0
2022-06-02,39579.80162689514,2417.3015589458446,1500,26.26,25.0,,2227.499932050705,0.0
2022-06-03,38252.301558945845,2417.3015589458446,1500,23.89,,,0.0,0.0
2022-06-06,39267.95158061809,4505.4515859825115,1500,23.89,25.0,,1072.500005364418,0.0
2022-06-07,40077.95161638088,4505.4515859825115,1500,24.58,25.0,,1297.4999696016312,0.0
2022-06-08,38585.45158955879,4505.4515859825115,1500,22.91,25.0,,284.9999964237213,0.0
2022-06-09,36012.95158715598,4505.4515859825115,1500,21.04,25.0,,52.499998826533556,0.0
2022-06-10,32630.45158598251,4505.4515859825115,1500,18.75,,,0.0,0.0
2022-06-13,27545.66158530615,1229.6615845461886,1700,15.5,25.0,,33.99999924004078,0.0
2022-06-14,28055.66158454619,1229.6615845461886,1700,15.78,25.0,,2.621171271843727e-22,0.0
2022-06-15,29500.66158454619,1229.6615845461886,1700,16.63,25.0,,1.9903139466906084e-26,0.0
2022-06-16,24213.66158454619,1229.6615845461886,1700,13.52,25.0,,1.038897046281026e-120,0.0
2022-06-17,24485.66158454619,1229.6615845461886,1700,13.68,,,0.0,0.0
2022-06-21,26411.67658418711,1234.676584187108,1700,14.81,25.0,,5.064347631879355e-29,0.0
2022-06-22,25493.67658418711,1234.676584187108,1700,14.27,25.0,,3.23812377968932e-50,0.0
2022-06-23,25017.67658418711,1234.676584187108,1700,13.99,25.0,,1.0475603112345276e-107,0.0
2022-06-24,28162.67658418711,1234.676584187108,1700,15.84,,,0.0,0.0
2022-06-27,28066.626584187106,1223.626584187108,1700,15.79,25.0,,1.7504508760500833e-16,0.0
2022-06-28,25941.626584187106,1223.626584187108,1700,14.54,25.0,,3.986322541923997e-31,0.0
2022-06-29,24243.205569079135,1223.626584187108,1700,13.55,25.0,,15.421015107970582,0.0
2022-06-30,23459.626584187106,1223.626584187108,1700,13.08,25.0,,5.292042593148475e-134,0.0
2022-07-01,20943.626584187106,1223.626584187108,1700,11.6,,,0.0,0.0
2022-07-05,21519.42658418711,135.42658418710795,1800,11.88,25.0,,7.342280790320761e-59,0.0
2022-07-06,21915.42658418711,135.42658418710795,1800,12.1,25.0,,4.491269676928534e-84,0.0
2022-07-07,24813.42658418711,135.42658418710795,1800,13.71,25.0,,2.759999661359113e-115,0.0
2022-07-08,25173.42658418711,135.42658418710795,1800,13.91,,,0.0,0.0
2022-07-11,23325.72658418711,123.72658418710795,1800,12.89,25.0,,7.651796622503858e-35,0.0
2022-07-12,23487.72658418711,123.72658418710795,1800,12.98,25.0,,1.2142295897772266e-45,0.0
2022-07-13,24027.72658418711,123.72658418710795,1800,13.28,25.0,,6.605348655036275e-64,0.0
2022-07-14,25467.72658418711,123.72658418710795,1800,14.08,25.0,,2.529056187617217e-105,0.0
2022-07-15,27357.72658418711,123.72658418710795,1800,15.13,,,0.0,0.0
2022-07-18,26965.0565830465,163.05658304649856,1800,14.89,25.0,,4.078585406934198e-21,0.0
2022-07-19,30672.396617394843,163.05658304649856,1800,16.96,25.0,,18.659965651656325,0.0
2022-07-20,32959.0565830465,163.05658304649856,1800,18.22,25.0,,1.0736847189750895e-15,0.0
2022-07-21,34487.902189787164,163.05658304649856,1800,19.08,25.0,,19.154393259335478,0.0
2022-07-22,31879.0565830465,163.05658304649856,1800,17.62,,,0.0,0.0
2022-07-25,31290.36658266603,168.36658266629544,1800,17.29,25.0,,2.6406134158157273e-10,0.0
2022-07-26,29688.36658266629,168.36658266629544,1800,16.4,25.0,,1.2993744689589614e-18,0.0
2022-07-27,33900.3665826663,168.36658266629544,1800,18.74,25.0,,6.449472499964044e-13,0.0
2022-07-28,35034.3665826663,168.36658266629544,1800,19.37,25.0,,1.008958426061725e-20,0.0
2022-07-29,35880.3665826663,168.36658266629544,1800,19.84,,,0.0,0.0
2022-08-01,36161.70658255364,224.70658114548291,1800,20.0,25.0,,62.99999859184027,0.0
2022-08-02,35999.70658215131,224.70658114548291,1800,19.9,25.0,,44.99999899417162,0.0
2022-08-03,38996.706581950144,224.70658114548291,1800,21.56,25.0,,35.999999195337296,0.0
2022-08-04,39995.70658174898,224.70658114548291,1800,22.11,25.0,,26.99999939650297,0.0
2022-08-05,38996.70658114548,224.70658114548291,1800,21.54,,,0.0,0.0
2022-08-08,37236.12657711949,417.12657658304533,1800,20.51,25.0,,98.9999994635582,0.0
2022-08-09,32196.126577186547,417.12657658304533,1800,17.67,25.0,,26.99999939650297,0.0
2022-08-10,36343.42457523045,417.12657658304533,1800,19.97,25.0,,19.702001352601208,0.0
2022-08-11,36003.12657658305,417.12657658304533,1800,19.77,25.0,,1.7846573753375632e-17,0.0
2022-08-12,39297.12657658305,417.12657658304533,1800,21.6,,,0.0,0.0
2022-08-15,39626.526580458834,575.5265791177328,1800,21.77,25.0,,134.9999986588955,0.0
2022-08-16,38492.52658012356,575.5265791177328,1800,21.09,25.0,,44.99999899417162,0.0
2022-08-17,35666.52657972123,575.5265791177328,1800,19.51,25.0,,26.99999939650297,0.0
2022-08-18,38211.36220631375,575.5265791177328,1800,20.92,25.0,,20.16437280397779,0.0
2022-08-19,35045.52657911773,575.5265791177328,1800,19.15,,,0.0,0.0
2022-08-22,31144.58272699308,597.8465783573265,1800,16.98,25.0,,17.263851364245888,0.0
2022-08-23,31809.846578357327,597.8465783573265,1800,17.34,25.0,,7.564007139027356e-14,0.0
2022-08-24,31899.846578357327,597.8465783573265,1800,17.39,25.0,,7.720137474169013e-21,0.0
2022-08-25,35391.84657835733,597.8465783573265,1800,19.33,25.0,,4.5811126283399275e-21,0.0
2022-08-26,29325.846578357327,597.8465783573265,1800,15.96,,,0.0,0.0
2022-08-29,27604.146578357326,586.1465783573268,1800,15.01,25.0,,1.9015099622865035e-20,0.0
2022-08-30,26686.146578357326,586.1465783573268,1800,14.5,25.0,,2.0151399194318825e-31,0.0
2022-08-31,25804.146578357326,586.1465783573268,1800,14.01,25.0,,1.5216818168545734e-53,0.0
2022-09-01,24364.146578357326,586.1465783573268,1800,13.21,25.0,,6.228363651097279e-130,0.0
2022-09-02,23662.146578357326,586.1465783573268,1800,12.82,,,0.0,0.0
2022-09-06,22912.446578357325,574.4465783573268,1800,12.41,25.0,,3.858481121763313e-52,0.0
2022-09-07,23992.446578357325,574.4465783573268,1800,13.01,25.0,,4.006634352084239e-68,0.0
2022-09-08,25198.446578357325,574.4465783573268,1800,13.68,25.0,,3.9947408342770493e-116,0.0
2022-09-09,26980.446578357325,574.4465783573268,1800,14.67,,,0.0,0.0
2022-09-12,27201.756577977125,579.7565779771236,1800,14.79,25.0,,1.1002342486119706e-21,0.0
2022-09-13,22287.756577977125,579.7565779771236,1800,12.06,25.0,,1.6844524618081764e-56,0.0
2022-09-14,23061.756577977125,579.7565779771236,1800,12.49,25.0,,6.828296408152421e-77,0.0
2022-09-15,21981.756577977125,579.7565779771236,1800,11.89,25.0,,3.5592835427351954e-176,0.0
2022-09-16,22287.756577977125,579.7565779771236,1800,12.06,,,0.0,0.0
2022-09-19,22672.056577977124,568.0565779771235,1800,12.28,25.0,,3.4617570958868235e-40,0.0
2022-09-20,21593.352330288606,568.0565779771235,1800,11.69,25.0,,16.70424768851819,0.0
2022-09-21,21017.686026614138,568.0565779771235,1800,11.38,25.0,,34.37055136298631,0.0
2022-09-22,19324.056577977124,568.0565779771235,1800,10.42,25.0,,4.7932524247623536e-244,0.0
2022-09-23,18496.056577977124,568.0565779771235,1800,9.96,,,0.0,0.0
2022-09-26,17710.356577977123,556.3565779771235,1800,9.53,25.0,,3.7613328514627895e-74,0.0
2022-09-27,18230.960219061923,556.3565779771235,1800,9.83,25.0,,19.39635891520078,0.0
2022-09-28,18916.356577977123,556.3565779771235,1800,10.2,25.0,,3.315001386695647e-128,0.0
2022-09-29,17188.356577977123,556.3565779771235,1800,9.24,25.0,,0.0,0.0
2022-09-30,16342.356577977123,556.3565779771235,1800,8.77,,,0.0,0.0
2022-10-03,18039.66657759692,561.6665775969203,1800,9.71,25.0,,2.6781720436913003e-71,0.0
2022-10-04,20450.173892765284,561.6665775969203,1800,11.06,25.0,,19.492684831636247,0.0
2022-10-05,21029.316279429982,561.6665775969203,1800,11.38,25.0,,16.35029816693539,0.0
2022-10-06,20613.77701547948,561.6665775969203,1800,11.15,25.0,,17.88956211743801,0.0
2022-10-07,17049.66657759692,561.6665775969203,1800,9.16,,,0.0,0.0
2022-10-10,15386.704679556495,625.3184786148365,1800,8.22,25.0,,34.61379905834371,0.0
2022-10-11,14145.414306259869,625.3184786148365,1800,7.53,25.0,,33.90417235496799,0.0
2022-10-12,13783.318478614836,625.3184786148365,1800,7.31,25.0,,8.2990842723448e-241,0.0
2022-10-13,14953.318478614836,625.3184786148365,1800,7.96,25.0,,0.0,0.0
2022-10-14,13063.318478614836,625.3184786148365,1800,6.91,,,0.0,0.0
2022-10-17,13861.618478614837,613.6184786148365,1800,7.36,25.0,,3.460735729491241e-119,0.0
2022-10-18,13969.618478614837,613.6184786148365,1800,7.42,25.0,,8.832582010103001e-157,0.0
2022-10-19,14257.618478614837,613.6184786148365,1800,7.58,25.0,,7.605621813513482e-227,0.0
2022-10-20,14527.618478614837,613.6184786148365,1800,7.73,25.0,,0.0,0.0
2022-10-21,16093.618478614837,613.6184786148365,1800,8.6,,,0.0,0.0
2022-10-24,16261.918478614834,601.9184786148364,1800,8.7,25.0,,7.858668755558327e-89,0.0
2022-10-25,17287.918478614836,601.9184786148364,1800,9.27,25.0,,1.1680260562285322e-104,0.0
2022-10-26,16783.918478614836,601.9184786148364,1800,8.99,25.0,,9.34636600024853e-167,0.0
2022-10-27,15937.918478614836,601.9184786148364,1800,8.52,25.0,,0.0,0.0
2022-10-28,17737.918478614836,601.9184786148364,1800,9.52,,,0.0,0.0
2022-10-31,16729.64849399999,1321.6484907813365,1800,8.89,9.5,,593.9999967813492,0.0
2022-11-01,17026.648507947473,1321.6484907813365,1800,9.11,9.5,,692.9999828338623,0.0
2022-11-02,15991.648493597659,1321.6484907813365,1800,8.22,9.5,,125.99999718368053,0.0
2022-11-03,15496.648491384833,1321.6484907813365,1800,7.89,9.5,,26.99999939650297,0.0
2022-11-04,17557.648490781336,1321.6484907813365,1800,9.02,,,0.0,0.0
2022-11-07,18213.228521618992,1236.728505764156,1900,9.6,9.5,,1263.4999841451645,0.0
2022-11-08,18669.22849670425,1236.728505764156,1900,10.17,9.5,,1890.500009059906,0.0
2022-11-09,17994.72850463167,1236.728505764156,1900,9.21,9.5,,741.0000011324883,0.0
2022-11-10,19286.72847858444,1236.728505764156,1900,12.11,9.5,,4959.000027179718,0.0
2022-11-11,19277.228505764157,19277.228505764157,0,13.19,,,0.0,0.0
2022-11-14,19298.158531365545,1966.1585246898233,1400,12.76,13.5,,531.9999933242798,0.0
2022-11-15,20145.158536372335,1966.1585246898233,1400,13.9,13.5,,1280.9999883174896,0.0
2022-11-16,18703.158527610452,1966.1585246898233,1400,12.09,13.5,,188.9999970793724,0.0
2022-11-17,19319.158524794133,1966.1585246898233,1400,12.44,13.5,,62.99999989569187,0.0
2022-11-18,19466.158524689825,1966.1585246898233,1400,12.5,,,0.0,0.0
2022-11-21,18574.808522602172,867.3085221551357,1500,11.86,13.5,,82.49999955296516,0.0
2022-11-22,20052.308521261068,867.3085221551357,1500,12.93,13.5,,210.00000089406967,0.0
2022-11-23,20659.808517237754,867.3085221551357,1500,13.34,13.5,,217.5000049173832,0.0
2022-11-25,20127.308522155137,867.3085221551357,1500,12.84,,,0.0,0.0
2022-11-28,18843.608504837008,1226.1085086368023,1500,11.84,13.5,,142.5000037997961,0.0
2022-11-29,18708.60850975439,1226.1085086368023,1500,11.73,13.5,,112.49999888241291,0.0
2022-11-30,20966.108512213083,1226.1085086368023,1500,13.85,13.5,,1034.9999964237213,0.0
2022-12-01,20876.108501484247,1226.1085086368023,1500,13.47,13.5,,555.0000071525574,0.0
2022-12-02,20771.108508636804,1226.1085086368023,1500,13.03,,,0.0,0.0
2022-12-05,20119.883517233284,1542.3835145510732,1500,12.59,13.5,,307.499997317791,0.0
2022-12-06,19039.88351499811,1542.3835145510732,1500,11.72,13.5,,82.49999955296516,0.0
2022-12-07,19054.88351572454,1542.3835145510732,1500,11.71,13.5,,52.499998826533556,0.0
2022-12-08,20434.883515333386,1542.3835145510732,1500,12.66,13.5,,97.49999921768904,0.0
2022-12-09,20007.383514551075,1542.3835145510732,1500,12.31,,,0.0,0.0
2022-12-12,20524.16347766295,908.1634929217397,1600,13.0,13.5,,1184.000015258789,0.0
2022-12-13,21412.163511995226,908.1634929217397,1600,13.64,13.5,,1319.9999809265137,0.0
2022-12-14,21196.163482431322,908.1634929217397,1600,12.97,13.5,,464.0000104904175,0.0
2022-12-15,19092.16349345818,908.1634929217397,1600,11.38,13.5,,23.999999463558197,0.0
2022-12-16,18668.16349292174,908.1634929217397,1600,11.1,,,0.0,0.0
2022-12-19,18007.123492444305,943.1234919078647,1600,10.68,13.5,,23.999999463558197,0.0
2022-12-20,17607.123492444305,943.1234919078647,1600,10.43,13.5,,23.999999463558197,0.0
2022-12-21,18815.12347082416,943.1234919078647,1600,11.17,13.5,,2.108370320955244e-05,0.0
2022-12-22,16575.123491907863,943.1234919078647,1600,9.77,13.5,,9.143926388495895e-34,0.0
2022-12-23,16575.123491907863,943.1234919078647,1600,9.77,,,0.0,0.0
2022-12-27,15747.843491569907,947.8434915699064,1600,9.25,13.5,,3.7256134722285506e-15,0.0
2022-12-28,15123.843491569907,947.8434915699064,1600,8.86,13.5,,1.603125741429645e-28,0.0
2022-12-29,16483.843491569907,947.8434915699064,1600,9.71,13.5,,4.666671992686868e-35,0.0
2022-12-30,16435.843491569907,947.8434915699064,1600,9.68,,,0.0,0.0
2023-01-03,15897.443491571144,937.4434915711447,1600,9.35,13.5,,2.7788050231030183e-14,0.0
2023-01-04,17129.443491571143,937.4434915711447,1600,10.12,13.5,,3.1224581861193133e-13,0.0
2023-01-05,16218.32861374745,937.4434915711447,1600,9.56,13.5,,15.114877823694872,0.0
2023-01-06,18361.443491571146,937.4434915711447,1600,10.89,,,0.0,0.0
2023-01-09,19516.563485949235,1244.5634816577003,1600,11.54,13.5,,191.99999570846558,0.0
2023-01-10,20164.56347975035,1244.5634816577003,1600,11.98,13.5,,248.00000190734863,0.0
2023-01-11,20724.563485949235,1244.5634816577003,1600,12.42,13.5,,391.9999957084656,0.0
2023-01-12,21668.563482849793,1244.5634816577003,1600,12.84,13.5,,119.9999988079071,0.0
2023-01-13,21980.5634816577,1244.5634816577003,1600,12.96,,,0.0,0.0
2023-01-17,22425.68348569174,1929.6834942748114,1600,13.07,13.5,,416.00000858306885,0.0
2023-01-18,22233.68349594374,1929.6834942748114,1600,12.82,13.5,,207.99999833106995,0.0
2023-01-19,20714.7712219322,1929.6834942748114,1600,11.75,13.5,,14.91227234261201,0.0
2023-01-20,22473.68349427481,1929.6834942748114,1600,12.84,,,0.0,0.0
2023-01-23,24496.158475833134,1894.6585325767562,1700,14.76,13.5,,2490.500056743622,0.0
2023-01-24,24436.658573107914,1894.6585325767562,1700,14.41,13.5,,1954.9999594688416,0.0
2023-01-25,24589.65853662987,1894.6585325767562,1700,14.54,13.5,,2022.9999959468842,0.0
2023-01-26,24768.158520417408,1894.6585325767562,1700,15.26,13.5,,3068.5000121593475,0.0
2023-01-27,24836.158532576756,24836.158532576756,0,14.96,,,0.0,0.0
2023-01-30,24149.528546093898,1327.028544067339,1700,13.77,15.0,,586.4999979734421,0.0
2023-01-31,25084.52856433292,1327.028544067339,1700,14.55,15.0,,977.4999797344208,0.0
2023-02-01,26597.52857243915,1327.028544067339,1700,16.82,15.0,,3323.499971628189,0.0
2023-02-02,26818.528673767047,1327.028544067339,1700,17.95,15.0,,5023.499870300293,0.0
2023-02-03,26818.52854406734,26818.52854406734,0,16.91,,,0.0,0.0
2023-02-06,26465.488492225602,1169.4885008086726,1600,16.07,17.5,,416.00000858306885,0.0
2023-02-07,28209.48850271602,1169.4885008086726,1600,17.62,17.5,,1151.9999980926514,0.0
2023-02-08,27209.488496993974,1169.4885008086726,1600,16.46,17.5,,296.00000381469727,0.0
2023-02-09,27529.488500093412,1169.4885008086726,1600,16.58,17.5,,168.00000071525574,0.0
2023-02-10,26385.48850080867,1169.4885008086726,1600,15.76,,,0.0,0.0
2023-02-13,27281.24852497478,1809.2485116233393,1600,16.46,17.5,,863.9999866485596,0.0
2023-02-14,28609.248521160087,1809.2485116233393,1600,17.35,17.5,,959.9999904632568,0.0
2023-02-15,29169.248504947616,1809.2485116233393,1600,17.58,17.5,,768.0000066757202,0.0
2023-02-16,27785.24851174255,1809.2485116233393,1600,16.28,17.5,,71.99999988079071,0.0
2023-02-17,26593.24851162334,1809.2485116233393,1600,15.49,,,0.0,0.0
2023-02-21,24172.653512672085,415.15351210211355,1700,13.99,17.5,,25.499999430030584,0.0
2023-02-22,23858.15351209293,415.15351210211355,1700,13.79,17.5,,9.186476381326234e-09,0.0
2023-02-23,26102.153510845554,415.15351210211355,1700,15.11,17.5,,1.2565615909474908e-06,0.0
2023-02-24,24691.153512102115,415.15351210211355,1700,14.28,,,0.0,0.0
2023-02-27,25126.86351161574,468.3635106657906,1700,14.53,17.5,,42.499999050050974,0.0
2023-02-28,25347.86351123576,468.3635106657906,1700,14.65,17.5,,25.499999430030584,0.0
2023-03-01,25441.363281253136,468.3635106657906,1700,14.69,17.5,,0.0002294126546821733,0.0
2023-03-02,26002.36351035049,468.3635106657906,1700,15.02,17.5,,3.1530136977711e-07,0.0
2023-03-03,27141.36351066579,468.3635106657906,1700,15.69,,,0.0,0.0
2023-03-06,26352.22351073672,682.2235116233392,1700,15.16,17.5,,102.00000088661909,0.0
2023-03-07,25595.723512573288,682.2235116233392,1700,14.68,17.5,,42.499999050050974,0.0
2023-03-08,27516.72351212998,682.2235116233392,1700,15.84,17.5,,93.49999949336052,0.0
2023-03-09,25969.723512193308,682.2235116233392,1700,14.89,17.5,,25.499999430030584,0.0
2023-03-10,24550.22351162334,682.2235116233392,1700,14.04,,,0.0,0.0
2023-03-13,24500.498514720173,751.498512820275,1700,14.02,17.5,,84.99999810010195,0.0
2023-03-14,26625.498512756945,751.498512820275,1700,15.26,17.5,,68.00000006332994,0.0
2023-03-15,25707.498513580234,751.498512820275,1700,14.7,17.5,,33.99999924004078,0.0
2023-03-16,28580.498514720177,751.498512820275,1700,16.42,17.5,,84.99999810010195,0.0
2023-03-17,28138.498512820275,751.498512820275,1700,16.11,,,0.0,0.0
2023-03-20,28877.743509111675,1431.2435243108584,1700,16.62,17.5,,807.5000151991844,0.0
2023-03-21,29090.24352329758,1431.2435243108584,1700,16.66,17.5,,663.000001013279,0.0
2023-03-22,28767.243526084098,1431.2435243108584,1700,16.21,17.5,,220.99999822676182,0.0
2023-03-23,30424.743536470207,1431.2435243108584,1700,17.5,17.5,,756.4999878406525,0.0
2023-03-24,29583.243524310856,1431.2435243108584,1700,16.56,,,0.0,0.0
2023-03-27,28955.858511979255,2078.8585185655666,1700,15.97,17.5,,272.00000658631325,0.0
2023-03-28,28522.358519072208,2078.8585185655666,1700,15.61,17.5,,93.49999949336052,0.0
2023-03-29,30698.35851552573,2078.8585185655666,1700,17.13,17.5,,501.5000030398369,0.0
2023-03-30,31539.858510459337,2078.8585185655666,1700,17.95,17.5,,1054.0000081062317,0.0
2023-03-31,31820.35851856557,31820.35851856557,0,18.28,,,0.0,0.0
2023-04-03,31981.518528870612,2155.0185243108563,1700,17.79,18.5,,416.4999954402447,0.0
2023-04-04,30621.51852564079,2155.0185243108563,1700,16.78,18.5,,59.49999867007136,0.0
2023-04-05,29185.018523851537,2155.0185243108563,1700,15.9,18.5,,4.593218601422116e-07,0.0
2023-04-06,28777.018524310857,2155.0185243108563,1700,15.66,,,0.0,0.0
2023-04-10,30165.868526516973,672.8685255782,1800,16.45,18.5,,116.99999906122684,0.0
2023-04-11,29787.86852698636,672.8685255782,1800,16.21,18.5,,62.99999859184027,0.0
2023-04-12,28185.868526181697,672.8685255782,1800,15.3,18.5,,26.99999939650297,0.0
2023-04-13,28896.868525561826,672.8685255782,1800,15.68,18.5,,1.6374306859319855e-08,0.0
2023-04-14,28716.8685255782,672.8685255782,1800,15.58,,,0.0,0.0
2023-04-17,28712.18852542129,695.1885248177937,1800,15.58,18.5,,26.99999939650297,0.0
2023-04-18,29072.18852542129,695.1885248177937,1800,15.78,18.5,,26.99999939650297,0.0
2023-04-19,28145.188506217717,695.1885248177937,1800,15.25,18.5,,1.8600077772921846e-05,0.0
2023-04-20,28091.18852481779,695.1885248177937,1800,15.22,18.5,,4.681949366281757e-12,0.0
2023-04-21,27425.188524817793,695.1885248177937,1800,14.85,,,0.0,0.0
2023-04-24,27088.497057226046,700.4985244375905,1800,14.66,18.5,,0.0014672115419927818,0.0
2023-04-25,24424.498524437582,700.4985244375905,1800,13.18,18.5,,6.468530658513287e-12,0.0
2023-04-26,24802.49852443759,700.4985244375905,1800,13.39,18.5,,1.516143475138226e-16,0.0
2023-04-27,25054.49852443759,700.4985244375905,1800,13.53,18.5,,1.9914917650739967e-31,0.0
2023-04-28,26368.49852443759,700.4985244375905,1800,14.26,,,0.0,0.0
2023-05-01,27057.80723197536,705.8085240573873,1800,14.64,18.5,,0.0012920820245309044,0.0
2023-05-02,26499.808522016836,705.8085240573873,1800,14.33,18.5,,2.040548726370904e-06,0.0
2023-05-03,25599.808524057386,705.8085240573873,1800,13.83,18.5,,2.638224511289284e-13,0.0
2023-05-04,25149.406579302748,705.8085240573873,1800,13.59,18.5,,18.401944754638865,0.0
2023-05-05,26787.808524057386,705.8085240573873,1800,14.49,,,0.0,0.0
2023-05-08,27082.107634979504,694.1091021910478,1800,14.66,18.5,,0.0014672115419927818,0.0
2023-05-09,25750.109102154533,694.1091021910478,1800,13.92,18.5,,3.651276550945322e-08,0.0
2023-05-10,26470.10910219069,694.1091021910478,1800,14.32,18.5,,3.5562348730252974e-10,0.0
2023-05-11,25984.109102191047,694.1091021910478,1800,14.05,18.5,,2.781372227134971e-24,0.0
2023-05-12,25912.109102191047,694.1091021910478,1800,14.01,,,0.0,0.0
2023-05-15,27916.3862231936,682.4094764213096,1800,15.13,18.5,,0.023253227706471334,0.0
2023-05-16,27754.40877535721,682.4094764213096,1800,15.04,18.5,,0.000701064097768227,0.0
2023-05-17,29788.369797498915,682.4094764213096,1800,16.17,18.5,,0.03967892239977542,0.0
2023-05-18,32344.40947668953,682.4094764213096,1800,17.68,18.5,,161.9999997317791,0.0
2023-05-19,31948.409476421308,682.4094764213096,1800,17.37,,,0.0,0.0
2023-05-22,32215.979502181246,1129.9794946710597,1800,17.54,18.5,,485.99999248981476,0.0
2023-05-23,31342.979493866398,1129.9794946710597,1800,16.89,18.5,,189.0000008046627,0.0
2023-05-24,29893.97949587806,1129.9794946710597,1800,16.01,18.5,,53.99999879300594,0.0
2023-05-25,34033.979483942225,1129.9794946710597,1800,19.18,18.5,,1620.000010728836,0.0
2023-05-26,34420.97949467106,34420.97949467106,0,22.91,,,0.0,0.0
2023-05-30,33616.81945848866,2270.8194568197273,1400,22.86,24.5,,657.99999833107,0.0
2023-05-31,31719.819455255107,2270.8194568197273,1400,21.11,24.5,,105.00000156462193,0.0
2023-06-01,33147.81945556803,2270.8194568197273,1400,22.14,24.5,,119.00000125169754,0.0
2023-06-02,33098.81945681973,2270.8194568197273,1400,22.02,,,0.0,0.0
2023-06-05,31703.344450507597,345.8444500605606,1500,20.96,24.5,,82.49999955296516,0.0
2023-06-06,32843.3444505076,345.8444500605606,1500,21.72,24.5,,82.49999955296516,0.0
2023-06-07,32738.34445123403,345.8444500605606,1500,21.63,24.5,,52.499998826533556,0.0
2023-06-08,33728.34445089875,345.8444500605606,1500,22.28,24.5,,37.49999916180968,0.0
2023-06-09,33975.84445006056,345.8444500605606,1500,22.42,,,0.0,0.0
2023-06-12,36570.01941964431,1342.5194196443103,1500,24.61,24.5,,1687.5,0.0
2023-06-13,37387.51941606803,1342.5194196443103,1500,25.59,24.5,,2340.0000035762787,0.0
2023-06-14,37980.019441101984,1342.5194196443103,1500,26.69,24.5,,3397.499978542328,0.0
2023-06-15,37972.51937315269,1342.5194196443103,1500,25.95,24.5,,2295.000046491623,0.0
2023-06-16,38085.01941964431,38085.01941964431,0,25.18,,,0.0,0.0
2023-06-20,38131.44441189273,1658.9444145749367,1500,24.61,26.0,,442.500002682209,0.0
2023-06-21,35761.44441541313,1658.9444145749367,1500,22.76,26.0,,37.49999916180968,0.0
2023-06-22,36331.44441507785,1658.9444145749367,1500,23.13,26.0,,22.49999949708581,0.0
2023-06-23,34448.94441457494,1658.9444145749367,1500,21.86,,,0.0,0.0
2023-06-26,34829.26942081778,1776.7694196443117,1500,22.07,26.0,,52.499998826533556,0.0
2023-06-27,38106.76941204472,1776.7694196443117,1500,24.41,26.0,,285.0000075995922,0.0
2023-06-28,37296.769421991245,1776.7694196443117,1500,23.75,26.0,,104.99999765306711,0.0
2023-06-29,37484.269420147226,1776.7694196443117,1500,23.82,26.0,,22.49999949708581,0.0
2023-06-30,39081.76941964431,1776.7694196443117,1500,24.87,,,0.0,0.0
2023-07-03,39916.519438822106,2334.01942809327,1500,25.5,26.0,,667.4999892711639,0.0
2023-07-05,38011.51942820503,2334.01942809327,1500,23.83,26.0,,67.49999988824129,0.0
2023-07-06,36774.019234862804,2334.01942809327,1500,22.96,26.0,,0.00019323046780799635,0.0
2023-07-07,36759.01942809327,2334.01942809327,1500,22.95,,,0.0,0.0
2023-07-10,38719.36941669165,2494.369424291239,1500,24.34,26.0,,285.0000075995922,0.0
2023-07-11,38756.86942071496,2494.369424291239,1500,24.36,26.0,,277.5000035762787,0.0
2023-07-12,40481.86943054973,2494.369424291239,1500,25.72,26.0,,592.4999937415123,0.0
2023-07-13,41359.369431443796,2494.369424291239,1500,27.29,26.0,,2069.9999928474426,0.0
2023-07-14,41486.86942429124,41486.86942429124,0,26.27,,,0.0,0.0
2023-07-17,42561.84441933809,2834.3444479483223,1500,28.09,27.0,,2407.5000286102295,0.0
2023-07-18,42764.344440795765,2834.3444479483223,1500,28.24,27.0,,2430.0000071525574,0.0
2023-07-19,42374.344467617855,2834.3444479483223,1500,27.28,27.0,,1379.9999803304672,0.0
2023-07-20,39186.84444878651,2834.3444479483223,1500,24.26,27.0,,37.49999916180968,0.0
2023-07-21,40244.34444794832,2834.3444479483223,1500,24.94,,,0.0,0.0
2023-07-24,40165.324440790995,717.3244398373222,1600,24.89,27.0,,375.9999990463257,0.0
2023-07-25,41773.32445509611,717.3244398373222,1600,26.17,27.0,,815.9999847412109,0.0
2023-07-26,40653.32443673788,717.3244398373222,1600,25.04,27.0,,128.00000309944153,0.0
2023-07-27,42589.32443792997,717.3244398373222,1600,26.45,27.0,,448.00000190734863,0.0
2023-07-28,43909.32443983732,43909.32443983732,0,28.17,,,0.0,0.0
2023-07-31,44126.82440148173,2554.324422939404,1500,28.45,29.0,,1102.5000214576721,0.0
2023-08-01,44329.32444260894,2554.324422939404,1500,28.52,29.0,,1004.9999803304672,0.0
2023-08-02,40376.82442411287,2554.324422939404,1500,25.25,29.0,,52.499998826533556,0.0
2023-08-03,40204.32441977041,2554.324422939404,1500,25.1,29.0,,3.1689915239498987e-06,0.0
2023-08-04,39889.324422939404,2554.324422939404,1500,24.89,,,0.0,0.0
2023-08-07,41119.26442422448,119.26442339001512,1600,25.69,29.0,,103.99999916553497,0.0
2023-08-08,39167.264423926455,119.26442339001512,1600,24.42,29.0,,23.999999463558197,0.0
2023-08-09,36999.26442410527,119.26442339001512,1600,23.07,29.0,,31.999999284744263,0.0
2023-08-10,36567.264423390014,119.26442339001512,1600,22.78,29.0,,1.692266086174946e-18,0.0
2023-08-11,33975.264423390014,119.26442339001512,1600,21.16,,,0.0,0.0
2023-08-14,36827.98268877931,123.98442305205678,1600,22.94,29.0,,0.0017342727442303712,0.0
2023-08-15,34925.87586635291,123.98442305205678,1600,21.76,29.0,,14.108556699145502,0.0
2023-08-16,32891.984423052054,123.98442305205678,1600,20.48,29.0,,4.40831208129497e-19,0.0
2023-08-17,31947.984423052058,123.98442305205678,1600,19.89,29.0,,1.689192196758468e-45,0.0
2023-08-18,32411.984423052058,123.98442305205678,1600,20.18,,,0.0,0.0
2023-08-21,35222.94442257463,158.94442203818176,1600,21.93,29.0,,23.999999463558197,0.0
2023-08-22,34262.94442257463,158.94442203818176,1600,21.33,29.0,,23.999999463558197,0.0
2023-08-23,36374.944422932254,158.94442203818176,1600,22.66,29.0,,39.99999910593033,0.0
2023-08-24,32814.944422038185,158.94442203818176,1600,20.41,29.0,,1.784522690892139e-39,0.0
2023-08-25,33182.944422038185,158.94442203818176,1600,20.64,,,0.0,0.0
2023-08-28,34419.66442048993,163.66442170022341,1600,21.41,29.0,,1.2102937760307172e-06,0.0
2023-08-29,37107.664331744665,163.66442170022341,1600,23.09,29.0,,8.995556211072078e-05,0.0
2023-08-30,37603.66442081815,163.66442170022341,1600,23.4,29.0,,8.820741515300312e-07,0.0
2023-08-31,38323.66442170022,163.66442170022341,1600,23.85,29.0,,5.881099837327137e-12,0.0
2023-09-01,38627.664421700225,163.66442170022341,1600,24.04,,,0.0,0.0
2023-09-05,38581.55091169267,173.55091115622554,1600,24.02,29.0,,23.999999463558197,0.0
2023-09-06,37693.55090990214,173.55091115622554,1600,23.45,29.0,,1.2540882557654042e-06,0.0
2023-09-07,35133.55091115623,173.55091115622554,1600,21.85,29.0,,1.434267897869126e-25,0.0
2023-09-08,34541.55091115623,173.55091115622554,1600,21.48,,,0.0,0.0
2023-09-11,34498.27090931293,178.2709108182672,1600,21.45,29.0,,1.5053397364520741e-06,0.0
2023-09-12,33634.2709108182,178.2709108182672,1600,20.91,29.0,,6.781442714018809e-11,0.0
2023-09-13,34178.27091081827,178.2709108182672,1600,21.25,29.0,,3.963433783813322e-15,0.0
2023-09-14,34850.27091081827,178.2709108182672,1600,21.67,29.0,,4.211333601940837e-27,0.0
2023-09-15,31762.270910818264,178.2709108182672,1600,19.74,,,0.0,0.0
2023-09-18,32103.87091083199,167.870910832126,1600,19.96,29.0,,1.3808224477851988e-10,0.0
2023-09-19,31207.870910832124,167.870910832126,1600,19.4,29.0,,7.470573393590273e-17,0.0
2023-09-20,29671.87091083213,167.870910832126,1600,18.44,29.0,,1.227123347168349e-32,0.0
2023-09-21,28023.870910832127,167.870910832126,1600,17.41,29.0,,3.05283322871614e-83,0.0
2023-09-22,28743.870910832127,167.870910832126,1600,17.86,,,0.0,0.0
2023-09-25,29325.470910832126,157.470910832126,1600,18.23,29.0,,8.429959001034649e-17,0.0
2023-09-26,27741.470910832122,157.470910832126,1600,17.24,29.0,,1.3676249323759619e-28,0.0
2023-09-27,28461.47091083213,157.470910832126,1600,17.69,29.0,,5.945238138975128e-39,0.0
2023-09-28,29981.470910832126,157.470910832126,1600,18.64,29.0,,1.6871389848098741e-62,0.0
2023-09-29,30365.470910832126,157.470910832126,1600,18.88,,,0.0,0.0
2023-10-02,30739.07091083242,147.07091083242003,1600,19.12,29.0,,2.2438302403299237e-13,0.0
2023-10-03,28787.070910832415,147.07091083242003,1600,17.9,29.0,,1.5328312090981429e-24,0.0
2023-10-04,29971.07091083242,147.07091083242003,1600,18.64,29.0,,4.3760639264053015e-31,0.0
2023-10-05,29523.07091083242,147.07091083242003,1600,18.36,29.0,,7.614185951607894e-67,0.0
2023-10-06,31347.07091083242,147.07091083242003,1600,19.5,,,0.0,0.0
2023-10-09,31117.016915744283,157.1925752216659,1600,19.36,29.0,,16.17565947738351,0.0
2023-10-10,32285.515703287758,157.1925752216659,1600,20.09,29.0,,15.67687193391012,0.0
2023-10-11,33036.78991742629,157.1925752216659,1600,20.56,29.0,,16.402657795372555,0.0
2023-10-12,33229.63879035686,157.1925752216659,1600,20.68,29.0,,15.553784864802278,0.0
2023-10-13,30525.192575221667,157.1925752216659,1600,18.98,,,0.0,0.0
2023-10-16,31977.112574320403,313.1125743204436,1600,19.79,29.0,,4.0540175282226116e-11,0.0
2023-10-17,31193.112574320443,313.1125743204436,1600,19.3,29.0,,2.6298281351482264e-17,0.0
2023-10-18,29561.112574320443,313.1125743204436,1600,18.28,29.0,,6.432242892721476e-34,0.0
2023-10-19,28169.112574320443,313.1125743204436,1600,17.41,29.0,,3.05283322871614e-83,0.0
2023-10-20,26921.112574320443,313.1125743204436,1600,16.63,,,0.0,0.0
2023-10-23,26510.712574320445,302.71257432044365,1600,16.38,29.0,,8.9726039787911e-26,0.0
2023-10-24,27549.856394148992,302.71257432044365,1600,17.04,29.0,,16.85618017145312,0.0
2023-10-25,24238.712574320445,302.71257432044365,1600,14.96,29.0,,5.991657726716462e-70,0.0
2023-10-26,23822.712574320445,302.71257432044365,1600,14.7,29.0,,2.4842898840974197e-147,0.0
2023-10-27,24526.712574320445,302.71257432044365,1600,15.14,,,0.0,0.0
2023-10-30,23492.312574320444,292.3125743204437,1600,14.5,29.0,,3.571758422243848e-38,0.0
2023-10-31,24164.312574320444,292.3125743204437,1600,14.92,29.0,,6.473772733821548e-47,0.0
2023-11-01,25844.312574320444,292.3125743204437,1600,15.97,29.0,,8.126848042414943e-57,0.0
2023-11-02,27620.31257432044,292.3125743204437,1600,17.08,29.0,,1.3889388292179506e-89,0.0
2023-11-03,29716.312574320444,292.3125743204437,1600,18.39,,,0.0,0.0
2023-11-06,29529.912574320442,281.91257432044375,1600,18.28,29.0,,1.3556713103237268e-16,0.0
2023-11-07,30041.912574320446,281.91257432044375,1600,18.6,29.0,,1.0415808626879294e-20,0.0
2023-11-08,30169.912574320442,281.91257432044375,1600,18.68,29.0,,8.814279306042467e-31,0.0
2023-11-09,29673.912574320442,281.91257432044375,1600,18.37,29.0,,1.0976431308835876e-66,0.0
2023-11-10,33257.91257432044,281.91257432044375,1600,20.61,,,0.0,0.0
2023-11-13,32280.840965914005,295.725362290318,1600,20.0,29.0,,14.884396376313447,0.0
2023-11-14,35767.72536180734,295.725362290318,1600,22.17,29.0,,4.829764633770607e-07,0.0
2023-11-15,36567.72536228705,295.725362290318,1600,22.67,29.0,,3.265210518181353e-09,0.0
2023-11-16,36631.725362290315,295.725362290318,1600,22.71,29.0,,5.536843020738308e-19,0.0
2023-11-17,37335.725362290315,295.725362290318,1600,23.15,,,0.0,0.0
2023-11-20,38964.44536284643,300.4453619523597,1600,24.19,29.0,,39.99999910593033,0.0
2023-11-21,36812.44534050745,300.4453619523597,1600,22.82,29.0,,2.1444910309027248e-05,0.0
2023-11-22,37084.44536191,300.4453619523597,1600,22.99,29.0,,4.235753646268632e-08,0.0
2023-11-24,37244.44536195236,300.4453619523597,1600,23.09,,,0.0,0.0
2023-11-27,36993.16369665671,305.1653616144014,1600,22.93,29.0,,0.0016649576961729352,0.0
2023-11-28,36369.165357168014,305.1653616144014,1600,22.54,29.0,,4.4463858858829715e-06,0.0
2023-11-29,37505.16536131466,305.1653616144014,1600,23.25,29.0,,2.9974289886643745e-07,0.0
2023-11-30,36737.1653616144,305.1653616144014,1600,22.77,29.0,,1.4441234755523377e-18,0.0
2023-12-01,37249.1653616144,305.1653616144014,1600,23.09,,,0.0,0.0
2023-12-04,35958.06594061939,309.88536127644306,1600,22.29,29.0,,15.819420657056593,0.0
2023-12-05,35335.798620318485,309.88536127644306,1600,21.91,29.0,,30.086740957955538,0.0
2023-12-06,34661.75951306127,309.88536127644306,1600,21.48,29.0,,16.12584821517773,0.0
2023-12-07,37383.333877906145,309.88536127644306,1600,23.18,29.0,,14.551483370301366,0.0
2023-12-08,38261.88536127644,309.88536127644306,1600,23.72,,,0.0,0.0
2023-12-11,41972.44536095696,420.4453585727764,1600,26.12,29.0,,239.9999976158142,0.0
2023-12-12,42908.44536453324,420.4453585727764,1600,26.68,29.0,,199.99999403953552,0.0
2023-12-13,44660.44535666543,420.4453585727764,1600,27.93,29.0,,448.00000190734863,0.0
2023-12-14,46532.44528609353,420.4453585727764,1600,30.21,29.0,,2224.000072479248,0.0
2023-12-15,46812.445358572775,46812.445358572775,0,30.57,,,0.0,0.0
2023-12-18,47164.64534486669,2202.14536364215,1500,30.29,32.0,,472.5000187754631,0.0
2023-12-19,47937.14536185401,2202.14536364215,1500,30.77,32.0,,420.00000178813934,0.0
2023-12-20,44239.64536448034,2202.14536364215,1500,28.05,32.0,,37.49999916180968,0.0
2023-12-21,47539.64536481562,2202.14536364215,1500,30.26,32.0,,52.499998826533556,0.0
2023-12-22,47997.14536364215,2202.14536364215,1500,30.53,,,0.0,0.0
2023-12-26,50204.69534297125,3269.6953501238168,1500,32.16,32.0,,1305.0000071525574,0.0
2023-12-27,50722.19535906451,3269.6953501238168,1500,32.36,32.0,,1087.4999910593033,0.0
2023-12-28,50782.19537158149,3269.6953501238168,1500,32.19,32.0,,772.4999785423279,0.0
2023-12-29,50369.69535012382,3269.6953501238168,1500,31.4,,,0.0,0.0
2024-01-02,45295.35534303325,551.3553429140389,1600,28.01,32.0,,71.99999988079071,0.0
2024-01-03,42471.96549898218,551.3553429140389,1600,26.21,32.0,,15.38984393185947,0.0
2024-01-04,41367.35534291404,551.3553429140389,1600,25.51,32.0,,3.2716237206989996e-16,0.0
2024-01-05,42055.35534291404,551.3553429140389,1600,25.94,,,0.0,0.0
2024-01-08,46048.55534523266,616.5553440405668,1600,28.47,32.0,,119.9999988079071,0.0
2024-01-09,46040.55534654396,616.5553440405668,1600,28.46,32.0,,111.99999749660492,0.0
2024-01-10,45632.55534529226,616.5553440405668,1600,28.17,32.0,,55.99999874830246,0.0
2024-01-11,46135.48127424436,616.5553440405668,1600,28.46,32.0,,17.074069796205116,0.0
2024-01-12,45528.555344040564,616.5553440405668,1600,28.07,,,0.0,0.0
2024-01-16,47313.755343736586,681.7553451670946,1600,29.23,32.0,,136.00000143051147,0.0
2024-01-17,46113.75534606117,681.7553451670946,1600,28.42,32.0,,39.99999910593033,0.0
2024-01-18,50209.75534612077,681.7553451670946,1600,31.19,32.0,,375.9999990463257,0.0
2024-01-19,51873.7553451671,51873.7553451671,0,34.9,,,0.0,0.0
2024-01-22,51450.81538894314,3304.815367247049,1400,35.25,36.5,,1203.9999783039093,0.0
2024-01-23,52262.8153705849,3304.815367247049,1400,35.91,36.5,,1315.99999666214,0.0
2024-01-24,53466.81533053059,3304.815367247049,1400,37.49,36.5,,2324.000036716461,0.0
2024-01-25,53487.81541397709,3304.815367247049,1400,37.13,36.5,,1798.9999532699585,0.0
2024-01-26,50918.81536724705,3304.815367247049,1400,34.01,,,0.0,0.0
2024-01-29,51887.82537614246,4049.8253577842156,1400,35.09,36.5,,1287.9999816417694,0.0
2024-01-30,50242.82537781138,4049.8253577842156,1400,33.51,36.5,,720.9999799728394,0.0
2024-01-31,48856.82535820145,4049.8253577842156,1400,32.06,36.5,,76.99999958276749,0.0
2024-02-01,49458.82535825361,4049.8253577842156,1400,32.45,36.5,,20.999999530613422,0.0
2024-02-02,51201.82535778422,4049.8253577842156,1400,33.68,,,0.0,0.0
2024-02-05,52962.10035817761,1429.600351025049,1500,35.11,36.5,,1132.4999928474426,0.0
2024-02-06,51769.60035728354,1429.600351025049,1500,33.83,36.5,,404.9999937415123,0.0
2024-02-07,53787.100337614014,1429.600351025049,1500,35.38,36.5,,712.5000134110451,0.0
2024-02-08,55587.10034029621,1429.600351025049,1500,37.16,36.5,,1582.500010728836,0.0
2024-02-09,56172.10035102505,56172.10035102505,0,39.35,,,0.0,0.0
2024-02-12,55147.37536171813,5045.375380314775,1300,39.15,42.0,,793.0000185966492,0.0
2024-02-13,52690.37538108964,5045.375380314775,1300,36.76,42.0,,142.99999922513962,0.0
2024-02-14,55719.37538457651,5045.375380314775,1300,39.21,42.0,,298.9999957382679,0.0
2024-02-15,55706.375377796474,5045.375380314775,1300,39.05,42.0,,104.00000251829624,0.0
2024-02-16,54861.37538031478,5045.375380314775,1300,38.32,,,0.0,0.0
2024-02-20,52120.5953633501,1881.5953850461915,1400,36.4,42.0,,721.0000216960907,0.0
2024-02-21,52120.595381291096,1881.5953850461915,1400,36.14,42.0,,357.0000037550926,0.0
2024-02-22,59029.59540507335,1881.5953850461915,1400,41.46,42.0,,895.9999799728394,0.0
2024-02-23,57951.59538504618,1881.5953850461915,1400,40.05,,,0.0,0.0
2024-02-26,59529.32543885249,3473.3254355146364,1400,41.23,42.0,,1665.99999666214,0.0
2024-02-27,59711.325440521425,3473.3254355146364,1400,41.08,42.0,,1273.9999949932098,0.0
2024-02-28,58717.32543217678,3473.3254355146364,1400,39.77,42.0,,434.0000033378601,0.0
2024-02-29,61657.32542216319,3473.3254355146364,1400,42.8,42.0,,1736.0000133514404,0.0
2024-03-01,62266.325435514635,62266.325435514635,0,48.34,,,0.0,0.0
2024-03-04,62775.7253814413,5013.725381441301,1200,49.76,51.0,,1950.0,0.0
2024-03-05,60561.72540289898,5013.725381441301,1200,46.84,51.0,,659.9999785423279,0.0
2024-03-06,63423.725349970045,5013.725381441301,1200,50.21,51.0,,1842.0000314712524,0.0
2024-03-07,65427.72520977992,5013.725381441301,1200,55.32,51.0,,5970.000171661377,0.0
2024-03-08,63609.7253814413,5013.725381441301,1200,48.83,,,0.0,0.0
2024-03-11,60939.715349222606,1516.715349222606,1300,46.71,51.0,,1300.0,0.0
2024-03-12,64228.7153275265,1516.715349222606,1300,49.66,51.0,,1846.0000216960907,0.0
2024-03-13,60913.715351934625,1516.715349222606,1300,45.95,51.0,,337.99999728798866,0.0
2024-03-14,58086.215349658465,1516.715349222606,1300,43.53,51.0,,19.499999564141035,0.0
2024-03-15,56987.715349222606,1516.715349222606,1300,42.67,,,0.0,0.0
2024-03-18,57046.86537463802,2245.3653785123283,1300,42.48,51.0,,422.5000038743019,0.0
2024-03-19,55889.865379480914,2245.3653785123283,1300,41.34,51.0,,97.49999903142452,0.0
2024-03-20,58639.36537570347,2245.3653785123283,1300,43.45,51.0,,91.00000280886889,0.0
2024-03-21,62350.86537889976,2245.3653785123283,1300,46.29,51.0,,71.49999961256981,0.0
2024-03-22,62578.365378512324,2245.3653785123283,1300,46.41,,,0.0,0.0
2024-03-25,61904.25038066644,2617.7503814413008,1300,45.87,51.0,,344.5000007748604,0.0
2024-03-26,60942.2503821193,2617.7503814413008,1300,44.93,51.0,,84.49999932199717,0.0
2024-03-27,63028.75037955258,2617.7503814413008,1300,46.53,51.0,,78.00000188872218,0.0
2024-03-28,63106.7503814413,2617.7503814413008,1300,46.53,,,0.0,0.0
2024-04-01,65509.21545018691,4071.2154517366343,1300,48.04,51.0,,1014.0000015497208,0.0
2024-04-02,63370.71545948525,4071.2154517366343,1300,45.84,51.0,,292.4999922513962,0.0
2024-04-03,63955.71544960578,4071.2154517366343,1300,46.2,51.0,,175.50000213086605,0.0
2024-04-04,58963.715452172495,4071.2154517366343,1300,42.24,51.0,,19.499999564141035,0.0
2024-04-05,60894.215451736636,4071.2154517366343,1300,43.71,,,0.0,0.0
2024-04-08,61309.82544734317,4259.325447343176,1300,44.01,51.0,,162.5,0.0
2024-04-09,63116.82544308144,4259.325447343176,1300,45.42,51.0,,188.5000042617321,0.0
2024-04-10,60146.3254482149,4259.325447343176,1300,43.02,51.0,,38.99999912828207,0.0
2024-04-11,63779.825448069605,4259.325447343176,1300,45.81,51.0,,32.49999927356839,0.0
2024-04-12,58027.32544734317,4259.325447343176,1300,41.36,,,0.0,0.0
2024-04-15,56009.7254500455,4373.725449173784,1300,39.75,51.0,,38.99999912828207,0.0
2024-04-16,57030.225449900216,4373.725449173784,1300,40.53,51.0,,32.49999927356839,0.0
2024-04-17,52239.72544975494,4373.725449173784,1300,36.84,51.0,,25.999999418854713,0.0
2024-04-18,49678.725449173784,4373.725449173784,1300,34.85,51.0,,3.064043731756425e-46,0.0
2024-04-19,44270.725449173784,4373.725449173784,1300,30.69,,,0.0,0.0
2024-04-22,46292.93428415796,1357.9740208002572,1400,32.17,51.0,,103.03973664229915,0.0
2024-04-23,49023.985912868506,1357.9740208002572,1400,34.16,51.0,,157.98810793174306,0.0
2024-04-24,51058.2118418307,1357.9740208002572,1400,35.51,51.0,,13.76217896955323,0.0
2024-04-25,53701.99780862457,1357.9740208002572,1400,37.46,51.0,,99.97621217568505,0.0
2024-04-26,57007.974020800255,1357.9740208002572,1400,39.75,,,0.0,0.0
2024-04-29,58232.48401994284,1441.484021194542,1400,40.65,51.0,,119.00000125169754,0.0
2024-04-30,54704.484023541474,1441.484021194542,1400,38.12,51.0,,104.99999765306711,0.0
2024-05-01,49419.48402119455,1441.484021194542,1400,34.27,51.0,,6.88294284495937e-25,0.0
2024-05-02,52611.484021194534,1441.484021194542,1400,36.55,51.0,,2.628861167958109e-35,0.0
2024-05-03,55999.48402119454,1441.484021194542,1400,38.97,,,0.0,0.0
2024-05-06,59373.76401968103,1511.7640194202609,1400,41.38,51.0,,69.99999973922968,0.0
2024-05-07,57919.174898154786,1511.7640194202609,1400,40.3,51.0,,12.589121265466453,0.0
2024-05-08,58017.14694540577,1511.7640194202609,1400,40.4,51.0,,54.61707401449054,0.0
2024-05-09,57413.76401942026,1511.7640194202609,1400,39.93,51.0,,7.898754255056314e-19,0.0
2024-05-10,58939.76401942027,1511.7640194202609,1400,41.02,,,0.0,0.0
2024-05-13,59320.35401947189,1542.3540185331203,1400,41.3,51.0,,41.999999061226845,0.0
2024-05-14,62127.35401962836,1542.3540185331203,1400,43.31,51.0,,48.99999890476465,0.0
2024-05-15,67209.35401790727,1542.3540185331203,1400,47.01,51.0,,147.00000062584877,0.0
2024-05-16,66222.35401618619,1542.3540185331203,1400,46.25,51.0,,70.00000234693289,0.0
2024-05-17,65144.35401853312,1542.3540185331203,1400,45.43,,,0.0,0.0
2024-05-20,69037.47403966177,3041.4739996074536,1400,48.42,51.0,,1791.9999599456787,0.0
2024-05-21,68694.47403298605,3041.4739996074536,1400,47.92,51.0,,1434.999966621399,0.0
2024-05-22,69905.47398291815,3041.4739996074536,1400,49.56,51.0,,2520.0000166893005,0.0
2024-05-23,71067.474004197,3041.4739996074536,1400,48.82,51.0,,321.99999541044235,0.0
2024-05-24,74434.47399960745,74434.47399960745,0,51.54,,,0.0,0.0
2024-05-28,75480.20411349523,2071.204050075894,1400,54.17,54.0,,2428.999936580658,0.0
2024-05-29,72708.20405591714,2071.204050075894,1400,50.85,54.0,,552.9999941587448,0.0
2024-05-30,71623.20405059743,2071.204050075894,1400,49.78,54.0,,139.99999947845936,0.0
2024-05-31,70041.20405007589,2071.204050075894,1400,48.55,,,0.0,0.0
2024-06-03,70180.15403634895,2525.1540421901996,1400,48.68,54.0,,497.0000058412552,0.0
2024-06-04,68955.15403843511,2525.1540421901996,1400,47.58,54.0,,182.00000375509262,0.0
2024-06-05,75948.15407223094,2525.1540421901996,1400,53.78,54.0,,1868.999969959259,0.0
2024-06-06,75157.15402383197,2525.1540421901996,1400,52.46,54.0,,812.0000183582306,0.0
2024-06-07,75199.1540421902,2525.1540421901996,1400,51.91,,,0.0,0.0
2024-06-10,77035.25396391738,4368.254010647422,1400,54.12,54.0,,3101.0000467300415,0.0
2024-06-11,77357.2539705931,4368.254010647422,1400,54.23,54.0,,2933.0000400543213,0.0
2024-06-12,79653.25414416182,4368.254010647422,1400,58.75,54.0,,6964.999866485596,0.0
2024-06-13,79814.25414416182,4368.254010647422,1400,60.74,54.0,,9589.999866485596,0.0
2024-06-14,79961.25401064742,79961.25401064742,0,60.03,,,0.0,0.0
2024-06-17,81722.42903544295,3195.9290106474186,1300,62.8,62.0,,3113.499975204468,0.0
2024-06-18,83132.92910363067,3195.9290106474186,1300,65.19,62.0,,4809.999907016754,0.0
2024-06-20,80565.42900212396,3195.9290106474186,1300,59.93,62.0,,539.5000085234642,0.0
2024-06-21,78621.92901064742,3195.9290106474186,1300,58.02,,,0.0,0.0
2024-06-24,72771.14901418079,3949.149016505363,1300,53.11,62.0,,221.00000232458115,0.0
2024-06-25,75644.14901418079,3949.149016505363,1300,55.32,62.0,,221.00000232458115,0.0
2024-06-26,74890.14901573051,3949.149016505363,1300,54.71,62.0,,182.00000077486038,0.0
2024-06-27,73947.64901694123,3949.149016505363,1300,53.86,62.0,,19.499999564141035,0.0
2024-06-28,75904.14901650537,3949.149016505363,1300,55.35,,,0.0,0.0
2024-07-01,75967.97901450234,4038.979014308634,1300,55.42,62.0,,116.9999998062849,0.0
2024-07-02,78860.47901217776,4038.979014308634,1300,57.69,62.0,,175.50000213086605,0.0
2024-07-03,82305.47900810975,4038.979014308634,1300,60.7,62.0,,643.500006198883,0.0
2024-07-05,83091.97901430863,4038.979014308634,1300,60.81,,,0.0,0.0
2024-07-08,87122.30416246194,7900.304131467523,1300,64.34,62.0,,4419.999969005585,0.0
2024-07-09,86725.80416246194,7900.304131467523,1300,64.16,62.0,,4582.499969005585,0.0
2024-07-10,88844.80413146752,7900.304131467523,1300,68.64,62.0,,8287.5,0.0
2024-07-11,86868.80409737366,7900.304131467523,1300,61.78,62.0,,1345.5000340938568,0.0
2024-07-12,88493.80413146752,88493.80413146752,0,64.08,,,0.0,0.0
2024-07-15,89165.90405429142,7623.404072888076,1300,64.21,66.0,,1930.5000185966492,0.0
2024-07-16,90218.90406358975,7623.404072888076,1300,65.34,66.0,,2346.5000092983246,0.0
2024-07-17,74371.90407356608,7623.404072888076,1300,51.41,66.0,,84.49999932199717,0.0
2024-07-18,74911.40407346922,7623.404072888076,1300,51.78,66.0,,25.999999418854713,0.0
2024-07-19,68723.40407288808,7623.404072888076,1300,47.0,,,0.0,0.0
2024-07-22,76591.64407224345,2678.644070522368,1400,52.85,66.0,,76.99999827891588,0.0
2024-07-23,73224.64407208699,2678.644070522368,1400,50.44,66.0,,69.99999843537807,0.0
2024-07-24,62164.644071148214,2678.644070522368,1400,42.51,66.0,,27.99999937415123,0.0
2024-07-25,58104.64407052237,2678.644070522368,1400,39.59,66.0,,3.2698257663058144e-83,0.0
2024-07-26,61464.644070522365,2678.644070522368,1400,41.99,,,0.0,0.0
2024-07-29,61110.234070104605,2709.2340696352276,1400,41.73,66.0,,20.999999530613422,0.0
2024-07-30,54526.99969110287,2709.2340696352276,1400,37.13,66.0,,164.23437853235342,0.0
2024-07-31,65128.23407010461,2709.2340696352276,1400,44.6,66.0,,20.999999530613422,0.0
2024-08-01,51682.37352712785,2709.2340696352276,1400,34.99,66.0,,12.860542507373484,0.0
2024-08-02,43757.234069635226,2709.2340696352276,1400,29.32,,,0.0,0.0
2024-08-05,41847.63738551518,42.15906931839163,1500,27.89,66.0,,29.521683803204038,0.0
2024-08-06,42941.50777312259,42.15906931839163,1500,28.61,66.0,,15.65129619579666,0.0
2024-08-07,39162.15906931839,42.15906931839163,1500,26.08,66.0,,3.725451894744576e-137,0.0
2024-08-08,47337.15906931839,42.15906931839163,1500,31.53,66.0,,9.916441622235222e-174,0.0
2024-08-09,46482.15906931839,42.15906931839163,1500,30.96,,,0.0,0.0
2024-08-12,47251.584069001554,46.58406900155569,1500,31.47,66.0,,2.651899817290917e-43,0.0
2024-08-13,53041.584069001554,46.58406900155569,1500,35.33,66.0,,4.0268375658643836e-41,0.0
2024-08-14,52501.584069001554,46.58406900155569,1500,34.97,66.0,,4.431224412459513e-64,0.0
2024-08-15,60181.58406900156,46.58406900155569,1500,40.09,66.0,,3.845002648318368e-79,0.0
2024-08-16,59626.584069001554,46.58406900155569,1500,39.72,,,0.0,0.0
2024-08-19,62630.3767441484,51.00906868471975,1500,41.73,66.0,,15.63232453630925,0.0
2024-08-20,60111.00906868472,51.00906868471975,1500,40.04,66.0,,4.8797660356855436e-26,0.0
2024-08-21,62706.009068684725,51.00906868471975,1500,41.77,66.0,,5.369570835611776e-33,0.0
2024-08-22,56316.00906868472,51.00906868471975,1500,37.51,66.0,,1.0898056054104218e-101,0.0
2024-08-23,60636.00906868472,51.00906868471975,1500,40.39,,,0.0,0.0
2024-08-26,56348.44824367829,533.4482435106479,1500,37.34,66.0,,194.99999983236194,0.0
2024-08-27,58203.980843573496,533.4482435106479,1500,38.57,66.0,,184.46739993715445,0.0
2024-08-28,55267.79689826751,533.4482435106479,1500,36.5,66.0,,15.651345243139907,0.0
2024-08-29,54758.08621397792,533.4482435106479,1500,36.17,66.0,,30.362029532724765,0.0
2024-08-30,58913.44824351065,533.4482435106479,1500,38.92,,,0.0,0.0
2024-09-03,46656.123278897925,1813.6232806860648,1500,30.05,36.0,,232.50000178813934,0.0
2024-09-04,47076.12327934496,1813.6232806860648,1500,30.26,36.0,,127.50000134110451,0.0
2024-09-05,46416.12328185953,1813.6232806860648,1500,29.77,36.0,,52.499998826533556,0.0
2024-09-06,40738.623280686064,1813.6232806860648,1500,25.95,,,0.0,0.0
2024-09-09,43056.42327962324,1888.9232787850492,1500,27.47,36.0,,37.49999916180968,0.0
2024-09-10,44308.92327979088,1888.9232787850492,1500,28.31,36.0,,44.99999899417162,0.0
2024-09-11,50046.42327878504,1888.9232787850492,1500,32.23,36.0,,187.5,0.0
2024-09-12,49566.42327962324,1888.9232787850492,1500,31.81,36.0,,37.49999916180968,0.0
2024-09-13,52048.92327878505,1888.9232787850492,1500,33.44,,,0.0,0.0
2024-09-16,50133.723296872085,2531.223290613591,1500,32.13,36.0,,592.4999937415123,0.0
2024-09-17,50306.22329150766,2531.223290613591,1500,32.21,36.0,,539.9999991059303,0.0
2024-09-18,49091.22329083711,2531.223290613591,1500,31.13,36.0,,134.99999977648258,0.0
2024-09-19,54558.72327899069,2531.223290613591,1500,35.13,36.0,,667.5000116229057,0.0
2024-09-20,52856.22329061358,2531.223290613591,1500,33.55,,,0.0,0.0
2024-09-23,53530.398247680365,3527.8982601973407,1500,33.92,36.0,,877.5000125169754,0.0
2024-09-24,54970.398249468504,3527.8982601973407,1500,35.1,36.0,,1207.500010728836,0.0
2024-09-25,55630.39831026525,3527.8982601973407,1500,35.77,36.0,,1552.4999499320984,0.0
2024-09-26,57602.898331722914,3527.8982601973407,1500,39.6,36.0,,5324.999928474426,0.0
2024-09-27,57520.39826019734,57520.39826019734,0,37.64,,,0.0,0.0
2024-09-30,57845.07312901945,4535.073179087347,1500,36.63,37.5,,1635.0000500679016,0.0
2024-10-01,54462.5731670174,4535.073179087347,1500,33.55,37.5,,397.50001206994057,0.0
2024-10-02,56465.07318176956,4535.073179087347,1500,34.95,37.5,,494.999997317791,0.0
2024-10-03,57065.07318400473,4535.073179087347,1500,35.25,37.5,,344.9999950826168,0.0
2024-10-04,59600.07317908735,4535.073179087347,1500,36.71,,,0.0,0.0
2024-10-07,58912.173167643254,2424.1731790873473,1600,36.36,37.5,,1688.0000114440918,0.0
2024-10-08,60360.173194346135,2424.1731790873473,1600,37.47,37.5,,2015.999984741211,0.0
2024-10-09,61376.17318671674,2424.1731790873473,1600,38.6,37.5,,2807.9999923706055,0.0
2024-10-10,61496.1731733653,2424.1731790873473,1600,37.76,37.5,,1344.000005722046,0.0
2024-10-11,62416.173179087345,62416.173179087345,0,38.65,,,0.0,0.0
2024-10-14,62202.34822082252,2682.3481993648456,1500,40.82,41.5,,1709.9999785423279,0.0
2024-10-15,54237.34820271761,2682.3481993648456,1500,34.47,41.5,,149.99999664723873,0.0
2024-10-16,54304.848199141335,2682.3481993648456,1500,34.45,41.5,,52.50000022351742,0.0
2024-10-17,55489.84820020303,2682.3481993648456,1500,35.23,41.5,,37.49999916180968,0.0
2024-10-18,55602.348199364846,2682.3481993648456,1500,35.28,,,0.0,0.0
2024-10-21,55316.82320386649,2771.8231997872936,1500,35.11,41.5,,119.99999592080712,0.0
2024-10-22,54754.323200625484,2771.8231997872936,1500,34.68,41.5,,37.49999916180968,0.0
2024-10-23,53426.82319511714,2771.8231997872936,1500,33.77,41.5,,4.670161680675732e-06,0.0
2024-10-24,54191.823199787264,2771.8231997872936,1500,34.28,41.5,,2.8404385993618346e-11,0.0
2024-10-25,55736.82319978729,2771.8231997872936,1500,35.31,,,0.0,0.0
2024-10-28,55888.84819414571,2946.348193028127,1500,35.37,41.5,,112.49999888241291,0.0
2024-10-29,59331.348193922204,2946.348193028127,1500,37.95,41.5,,539.9999991059303,0.0
2024-10-30,53758.84819693969,2946.348193028127,1500,33.95,41.5,,112.49999608844519,0.0
2024-10-31,47961.34819302813,2946.348193028127,1500,30.01,41.5,,1.8052402834951995e-33,0.0
2024-11-01,49281.34819302813,2946.348193028127,1500,30.89,,,0.0,0.0
2024-11-04,48481.62319291581,2979.123192077619,1500,30.36,41.5,,37.49999916180968,0.0
2024-11-05,50094.12319168646,2979.123192077619,1500,31.44,41.5,,45.00000039115548,0.0
2024-11-06,54113.0323914181,2979.123192077619,1500,34.11,41.5,,31.090800659519356,0.0
2024-11-07,57369.12319168646,2979.123192077619,1500,36.29,41.5,,45.00000039115548,0.0
2024-11-08,56109.12319207762,2979.123192077619,1500,35.42,,,0.0,0.0
2024-11-11,52054.39819503867,3011.898191127111,1500,32.77,41.5,,112.49999608844519,0.0
2024-11-12,50479.3981919653,3011.898191127111,1500,31.67,41.5,,37.49999916180968,0.0
2024-11-13,47419.398191630025,3011.898191127111,1500,29.62,41.5,,22.49999949708581,0.0
2024-11-14,47426.89819112711,3011.898191127111,1500,29.61,41.5,,2.53977401486056e-36,0.0
2024-11-15,43001.89819112711,3011.898191127111,1500,26.66,,,0.0,0.0
2024-11-18,43891.83827806406,1963.8382704346673,1600,27.71,27.5,,2407.9999923706055,0.0
2024-11-19,44187.83827424936,1963.8382704346673,1600,27.83,27.5,,2303.9999961853027,0.0
2024-11-20,43635.83825517588,1963.8382704346673,1600,27.16,27.5,,1784.000015258789,0.0
2024-11-21,45667.838300952244,1963.8382704346673,1600,28.46,27.5,,1831.9999694824219,0.0
2024-11-22,45955.838270434666,45955.838270434666,0,28.48,,,0.0,0.0
2024-11-25,46208.96322671466,3061.463253536749,1500,29.34,30.0,,862.5000268220901,0.0
2024-11-26,45053.963259124685,3061.463253536749,1500,28.12,30.0,,187.49999441206455,0.0
2024-11-27,43493.96325403966,3061.463253536749,1500,26.97,30.0,,22.49999949708581,0.0
2024-11-29,45181.46325353675,3061.463253536749,1500,28.08,,,0.0,0.0
2024-12-02,47975.08322109275,1543.0832210927485,1600,30.27,30.0,,2000.0,0.0
2024-12-03,47671.08324588828,1543.0832210927485,1600,29.69,30.0,,1375.9999752044678,0.0
2024-12-04,48823.083182945775,1543.0832210927485,1600,30.9,30.0,,2160.0000381469727,0.0
2024-12-05,47727.08322013907,1543.0832210927485,1600,29.13,30.0,,424.0000009536743,0.0
2024-12-06,48983.08322109275,1543.0832210927485,1600,29.65,,,0.0,0.0
2024-12-09,48756.763281097934,3180.763271561193,1600,29.21,30.0,,1159.9999904632568,0.0
2024-12-10,46284.76326536231,3180.763271561193,1600,27.1,30.0,,256.00000619888306,0.0
2024-12-11,49124.76327632956,3180.763271561193,1600,29.14,30.0,,679.9999952316284,0.0
2024-12-12,48332.76326870017,3180.763271561193,1600,28.39,30.0,,272.00000286102295,0.0
2024-12-13,51172.76327156119,51172.76327156119,0,30.79,,,0.0,0.0
2024-12-16,51971.64338096671,2195.6433580785247,1600,32.5,32.5,,2223.9999771118164,0.0
2024-12-17,50931.64336380057,2195.6433580785247,1600,31.12,32.5,,1055.999994277954,0.0
2024-12-18,46427.64336070113,2195.6433580785247,1600,27.76,32.5,,183.99999737739563,0.0
2024-12-19,44171.643358614965,2195.6433580785247,1600,26.25,32.5,,23.999999463558197,0.0
2024-12-20,45955.64335807852,2195.6433580785247,1600,27.35,,,0.0,0.0
2024-12-23,49748.92335492663,2396.923358979747,1600,29.69,32.5,,152.00000405311584,0.0
2024-12-24,51188.92336017184,2396.923358979747,1600,30.57,32.5,,119.9999988079071,0.0
2024-12-26,51172.923359873814,2396.923358979747,1600,30.51,32.5,,39.99999910593033,0.0
2024-12-27,49948.923358979744,2396.923358979747,1600,29.72,,,0.0,0.0
2024-12-30,47088.22487896067,2472.2248784838266,1600,27.94,32.5,,87.99999952316284,0.0
2024-12-31,46128.22487902027,2472.2248784838266,1600,27.3,32.5,,23.999999463558197,0.0
2025-01-02,46792.00298193649,2472.2248784838266,1600,27.71,32.5,,16.22189654733681,0.0
2025-01-03,50280.22487848383,2472.2248784838266,1600,29.88,,,0.0,0.0
2025-01-06,55088.22494295221,5032.224950581605,1600,32.53,32.5,,1992.0000076293945,0.0
2025-01-07,54032.224958211,5032.224950581605,1600,31.13,32.5,,807.9999923706055,0.0
2025-01-08,53200.22494652849,5032.224950581605,1600,30.2,32.5,,152.00000405311584,0.0
2025-01-10,49832.22495058161,5032.224950581605,1600,28.0,,,0.0,0.0
2025-01-13,49437.45494525936,2500.4549462726363,1700,27.75,32.5,,238.00000101327896,0.0
2025-01-14,50278.95495260563,2500.4549462726363,1700,28.23,32.5,,212.4999936670065,0.0
2025-01-15,53100.95493867304,2500.4549462726363,1700,29.94,32.5,,297.5000075995922,0.0
2025-01-16,53474.954947602564,2500.4549462726363,1700,30.02,32.5,,59.49999867007136,0.0
2025-01-17,57741.954946272635,57741.954946272635,0,32.51,,,0.0,0.0
2025-01-21,58267.934939747116,2431.434953933024,1700,33.68,34.0,,1419.5000141859055,0.0
2025-01-22,59381.4349985173,2431.434953933024,1700,35.09,34.0,,2702.9999554157257,0.0
2025-01-23,59763.934885030045,2431.434953933024,1700,34.87,34.0,,1946.5000689029694,0.0
2025-01-24,58072.434953933014,2431.434953933024,1700,32.73,,,0.0,0.0
2025-01-27,45022.469960944916,2564.9699596783157,1700,25.05,34.0,,127.4999987334013,0.0
2025-01-28,45617.469961008246,2564.9699596783157,1700,25.36,34.0,,59.49999867007136,0.0
2025-01-29,46144.46996062827,2564.9699596783157,1700,25.66,34.0,,42.499999050050974,0.0
2025-01-30,48813.46996024829,2564.9699596783157,1700,27.22,34.0,,25.499999430030584,0.0
2025-01-31,48413.96995967832,2564.9699596783157,1700,26.97,,,0.0,0.0
2025-02-03,45991.81996235382,154.8199609456595,1800,25.5,34.0,,62.99999859184027,0.0
2025-02-04,47395.819961951485,154.8199609456595,1800,26.27,34.0,,44.99999899417162,0.0
2025-02-05,49933.81995846461,154.8199609456595,1800,27.76,34.0,,189.00000248104334,0.0
2025-02-06,49924.81996094566,154.8199609456595,1800,27.65,34.0,,2.569958502817281e-13,0.0
2025-02-07,47548.81996094566,154.8199609456595,1800,26.33,,,0.0,0.0
2025-02-10,49363.129961168954,160.12996056545637,1800,27.35,34.0,,26.99999939650297,0.0
2025-02-11,49498.12945578084,160.12996056545637,1800,27.41,34.0,,0.0005047846107001486,0.0
2025-02-12,49660.129958841884,160.12996056545637,1800,27.5,34.0,,1.7235703926792896e-06,0.0
2025-02-13,51442.129960563936,160.12996056545637,1800,28.49,34.0,,1.5242793790258624e-09,0.0
2025-02-14,51532.12996056546,160.12996056545637,1800,28.54,,,0.0,0.0
2025-02-18,54100.45996043068,199.45995942484697,1800,29.97,34.0,,44.99999899417162,0.0
2025-02-19,56665.45995593798,199.45995942484697,1800,31.45,34.0,,144.00000348687172,0.0
2025-02-20,57160.45996043068,199.45995942484697,1800,31.67,34.0,,44.99999899417162,0.0
2025-02-21,51949.45995942485,199.45995942484697,1800,28.75,,,0.0,0.0
2025-02-24,48288.79995890986,255.79995790403444,1800,26.71,34.0,,44.99999899417162,0.0
2025-02-25,45300.79995850753,255.79995790403444,1800,25.04,34.0,,26.99999939650297,0.0
2025-02-26,47658.79995850753,255.79995790403444,1800,26.35,34.0,,26.99999939650297,0.0
2025-02-27,39387.79995790403,255.79995790403444,1800,21.74,34.0,,7.324782043527532e-64,0.0
2025-02-28,41169.79995790403,255.79995790403444,1800,22.73,,,0.0,0.0
2025-03-03,37196.11995714363,278.1199571436282,1800,20.51,34.0,,6.315275254077898e-20,0.0
2025-03-04,37376.11995794829,278.1199571436282,1800,20.63,34.0,,35.999999195337296,0.0
2025-03-05,39779.11995774713,278.1199571436282,1800,21.96,34.0,,26.99999939650297,0.0
2025-03-06,34892.11995714363,278.1199571436282,1800,19.23,34.0,,1.1974006743020551e-103,0.0
2025-03-07,37880.11995714363,278.1199571436282,1800,20.89,,,0.0,0.0
2025-03-10,32485.142551060613,283.4299567634251,1800,17.99,34.0,,180.2874057028078,0.0
2025-03-11,31477.429956763423,283.4299567634251,1800,17.33,34.0,,3.9680047558031484e-48,0.0
2025-03-12,32976.20467512478,283.4299567634251,1800,18.39,34.0,,409.22528163863626,0.0
2025-03-13,32899.42995676342,283.4299567634251,1800,18.12,34.0,,2.392848453407961e-126,0.0
2025-03-14,35905.42995676342,283.4299567634251,1800,19.79,,,0.0,0.0
2025-03-17,37638.73995638322,288.73995638322197,1800,20.75,34.0,,5.535060933225695e-19,0.0
2025-03-18,36144.73995638322,288.73995638322197,1800,19.92,34.0,,4.039047254339347e-30,0.0
2025-03-19,37008.73995638322,288.73995638322197,1800,20.4,34.0,,1.6991194927115935e-41,0.0
2025-03-20,36092.87609012926,288.73995638322197,1800,19.9,34.0,,15.86386625395787,0.0
2025-03-21,34920.73995638322,288.73995638322197,1800,19.24,,,0.0,0.0
2025-03-24,38005.039956383225,277.039956383222,1800,20.96,34.0,,3.484514050424924e-18,0.0
2025-03-25,37124.07363001694,277.039956383222,1800,20.55,34.0,,142.96632636629073,0.0
2025-03-26,34045.393589655,277.039956383222,1800,18.78,34.0,,35.64636672822355,0.0
2025-03-27,32137.03995638322,277.039956383222,1800,17.7,34.0,,6.473189440238213e-136,0.0
2025-03-28,29095.039956383225,277.039956383222,1800,16.01,,,0.0,0.0
2025-03-31,28939.33995638322,265.339956383222,1800,15.93,34.0,,1.284897031184389e-45,0.0
2025-04-01,28975.33995638322,265.339956383222,1800,15.95,34.0,,8.697704556594413e-61,0.0
2025-04-02,29515.33995638322,265.339956383222,1800,16.25,34.0,,7.012839872137129e-87,0.0
2025-04-03,19670.062531134583,265.339956383222,1800,11.41,34.0,,1133.277425248638,0.0
2025-04-04,15961.339956383224,265.339956383222,1800,8.72,,,0.0,0.0
2025-04-07,17047.639956383224,253.639956383222,1800,9.33,34.0,,3.922232521080621e-133,0.0
2025-04-08,15085.639956383222,253.639956383222,1800,8.24,34.0,,3.507645231694359e-213,0.0
2025-04-09,23383.639956383224,253.639956383222,1800,12.85,34.0,,7.810773634477626e-151,0.0
2025-04-10,17587.639956383224,253.639956383222,1800,9.63,34.0,,0.0,0.0
2025-04-11,18703.639956383224,253.639956383222,1800,10.25,,,0.0,0.0
2025-04-14,19051.939956383223,241.939956383222,1800,10.45,34.0,,8.930427753829442e-148,0.0
2025-04-15,19267.939956383223,241.939956383222,1800,10.57,34.0,,2.536323002233445e-217,0.0
2025-04-16,17071.939956383223,241.939956383222,1800,9.35,34.0,,0.0,0.0
2025-04-17,16765.939956383223,241.939956383222,1800,9.18,,,0.0,0.0
2025-04-21,15854.239956383222,230.23995638322202,1800,8.68,34.0,,2.060997214456532e-148,0.0
2025-04-22,16772.239956383222,230.23995638322202,1800,9.19,34.0,,1.128743743966561e-181,0.0
2025-04-23,18644.239956383222,230.23995638322202,1800,10.23,34.0,,1.2460884908291156e-229,0.0
2025-04-24,21902.239956383222,230.23995638322202,1800,12.04,34.0,,0.0,0.0
2025-04-25,22424.239956383222,230.23995638322202,1800,12.33,,,0.0,0.0
2025-04-28,22339.009952209704,1018.0099543554718,1800,12.25,13.0,,729.0000021457672,0.0
2025-04-29,22006.009952746146,1018.0099543554718,1800,11.87,13.0,,378.0000016093254,0.0
2025-04-30,22438.009952746146,1018.0099543554718,1800,12.11,13.0,,378.0000016093254,0.0
2025-05-01,22537.00995355081,1018.0099543554718,1800,12.06,13.0,,189.0000008046627,0.0
2025-05-02,24409.00995435547,24409.00995435547,0,13.32,,,0.0,0.0
2025-05-05,24372.739970813505,1521.7399665219716,1800,13.01,14.0,,566.9999957084656,0.0
2025-05-06,23868.73996974062,1521.7399665219716,1800,12.62,14.0,,368.9999967813492,0.0
2025-05-07,24885.73995472025,1521.7399665219716,1800,13.27,14.0,,522.0000118017197,0.0
2025-05-08,25740.739973495714,1521.7399665219716,1800,13.67,14.0,,386.99999302625656,0.0
2025-05-09,26712.73996652197,26712.73996652197,0,14.09,,,0.0,0.0
2025-05-12,27107.61498163175,2365.1149834198914,1500,17.15,17.5,,982.5000017881393,0.0
2025-05-13,28067.615008453842,2365.1149834198914,1500,18.59,17.5,,2182.499974966049,0.0
2025-05-14,28270.11497984361,2365.1149834198914,1500,18.83,17.5,,2340.0000035762787,0.0
2025-05-15,28390.11499057245,2365.1149834198914,1500,18.48,17.5,,1694.9999928474426,0.0
2025-05-16,28607.61498341989,28607.61498341989,0,18.39,,,0.0,0.0
2025-05-19,29107.054974512568,1147.0549726052209,1600,18.07,18.5,,951.9999980926514,0.0
2025-05-20,29267.054985956656,1147.0549726052209,1600,17.99,18.5,,663.9999866485596,0.0
2025-05-21,28083.054978565684,1147.0549726052209,1600,16.96,18.5,,199.99999403953552,0.0
2025-05-22,27499.054973678103,1147.0549726052209,1600,16.5,18.5,,47.999998927116394,0.0
2025-05-23,26299.05497260522,1147.0549726052209,1600,15.72,,,0.0,0.0
2025-05-27,28698.654960207452,1514.6549726052208,1600,17.31,18.5,,512.0000123977661,0.0
2025-05-28,28282.654977373593,1514.6549726052208,1600,17.03,18.5,,479.9999952316284,0.0
2025-05-29,28930.654973082062,1514.6549726052208,1600,17.19,18.5,,87.99999952316284,0.0
2025-05-30,27354.654972605218,1514.6549726052208,1600,16.15,,,0.0,0.0
2025-06-02,28508.814963488094,1700.8149653954429,1600,16.91,18.5,,248.00000190734863,0.0
2025-06-03,30060.81498446893,1700.8149653954429,1600,18.3,18.5,,919.9999809265137,0.0
2025-06-04,30684.814959673393,1700.8149653954429,1600,19.08,18.5,,1544.000005722046,0.0
2025-06-05,30572.814971117485,1700.8149653954429,1600,18.83,18.5,,1255.999994277954,0.0
2025-06-06,31292.814965395442,31292.814965395442,0,19.17,,,0.0,0.0
2025-06-09,31525.314959226358,1727.8149484975256,1500,20.56,21.0,,1042.499989271164,0.0
2025-06-10,32560.314905582185,1727.8149484975256,1500,21.9,21.0,,2017.5000429153442,0.0
2025-06-11,32575.314966378923,1727.8149484975256,1500,21.64,21.0,,1612.4999821186066,0.0
2025-06-12,32950.31491631102,1727.8149484975256,1500,21.73,21.0,,1372.5000321865082,0.0
2025-06-13,31772.814948497526,1727.8149484975256,1500,20.03,,,0.0,0.0
2025-06-16,34114.8399023993,3319.839941738359,1500,21.94,21.0,,2115.0000393390656,0.0
2025-06-17,33837.33991670441,3319.839941738359,1500,21.39,21.0,,1567.5000250339508,0.0
2025-06-18,34324.83994531464,3319.839941738359,1500,21.61,21.0,,1409.9999964237213,0.0
2025-06-20,34812.33994173836,34812.33994173836,0,21.21,,,0.0,0.0
2025-06-23,34970.419981811756,1082.4199741823627,1600,21.56,22.5,,607.9999923706055,0.0
2025-06-24,36586.419955108875,1082.4199741823627,1600,23.99,22.5,,2880.0000190734863,0.0
2025-06-25,36842.41997418236,1082.4199741823627,1600,24.6,22.5,,3600.0,0.0
2025-06-26,37050.419913147205,1082.4199741823627,1600,25.19,22.5,,4336.000061035156,0.0
2025-06-27,37074.41997418236,37074.41997418236,0,25.09,,,0.0,0.0
2025-06-30,37337.899971870895,2820.8999852223333,1400,25.02,26.0,,511.00001335144043,0.0
2025-07-01,37120.89998563957,2820.8999852223333,1400,24.68,26.0,,251.9999995827675,0.0
2025-07-02,38639.89999940824,2820.8999852223333,1400,26.08,26.0,,692.9999858140945,0.0
2025-07-03,39213.899985222335,39213.899985222335,0,26.45,,,0.0,0.0
2025-07-07,38235.44998055529,1215.4499886019184,1500,24.94,27.0,,390.00000804662704,0.0
2025-07-08,39915.45001363587,1215.4499886019184,1500,26.38,27.0,,869.9999749660492,0.0
2025-07-09,40410.449996648545,1215.4499886019184,1500,26.62,27.0,,734.999991953373,0.0
2025-07-10,41310.4499921782,1215.4499886019184,1500,27.42,27.0,,1034.9999964237213,0.0
2025-07-11,41707.94998860192,41707.94998860192,0,27.25,,,0.0,0.0
2025-07-14,42921.230005119556,1793.2299669725849,1600,26.48,27.0,,1239.9999618530273,0.0
2025-07-15,43705.22997078728,1793.2299669725849,1600,27.26,27.0,,1703.9999961853027,0.0
2025-07-16,43817.22997460198,1793.2299669725849,1600,27.02,27.0,,1207.9999923706055,0.0
2025-07-17,44441.22993264031,1793.2299669725849,1600,27.32,27.0,,1064.0000343322754,0.0
2025-07-18,44985.22996697258,44985.22996697258,0,27.35,,,0.0,0.0
2025-07-21,44109.38996405434,581.3899597628057,1600,27.45,30.0,,391.9999957084656,0.0
2025-07-22,42509.38995833229,581.3899597628057,1600,26.29,30.0,,136.00000143051147,0.0
2025-07-23,41821.389960656874,581.3899597628057,1600,25.8,30.0,,39.99999910593033,0.0
2025-07-24,41533.389960299246,581.3899597628057,1600,25.61,30.0,,23.999999463558197,0.0
2025-07-25,41509.389959762804,581.3899597628057,1600,25.58,,,0.0,0.0
2025-07-28,43702.669955418816,782.6699606640279,1600,26.97,30.0,,232.00000524520874,0.0
2025-07-29,43846.669958756676,782.6699606640279,1600,27.07,30.0,,248.00000190734863,0.0
2025-07-30,44710.66995684933,782.6699606640279,1600,27.64,30.0,,296.00000381469727,0.0
2025-07-31,40694.669961558095,782.6699606640279,1600,24.97,30.0,,39.99999910593033,0.0
2025-08-01,39294.669960664025,782.6699606640279,1600,24.07,,,0.0,0.0
2025-08-04,40872.749960563895,832.7499593121946,1600,25.06,30.0,,55.99999874830246,0.0
2025-08-05,40000.74996002745,832.7499593121946,1600,24.5,30.0,,31.999999284744263,0.0
2025-08-06,39152.749959162335,832.7499593121946,1600,23.95,30.0,,1.4986197123929046e-07,0.0
2025-08-07,41038.17144241072,832.7499593121946,1600,25.14,30.0,,18.578516901474895,0.0
2025-08-08,41984.7499593122,832.7499593121946,1600,25.72,,,0.0,0.0
2025-08-11,41847.30995672774,943.309956608528,1600,25.61,30.0,,71.99999988079071,0.0
2025-08-12,45591.30995136332,943.309956608528,1600,28.05,30.0,,232.00000524520874,0.0
2025-08-13,47183.309942303415,943.309956608528,1600,29.25,30.0,,560.0000143051147,0.0
2025-08-14,47519.30995327067,943.309956608528,1600,29.35,30.0,,384.0000033378601,0.0
2025-08-15,44639.30995660853,943.309956608528,1600,27.31,,,0.0,0.0
2025-08-18,44989.949954066986,1189.9499593121946,1600,27.52,30.0,,232.00000524520874,0.0
2025-08-19,43101.94995978903,1189.9499593121946,1600,26.25,30.0,,87.99999952316284,0.0
2025-08-20,42365.949960206264,1189.9499593121946,1600,25.76,30.0,,39.99999910593033,0.0
2025-08-21,41701.87639481843,1189.9499593121946,1600,25.33,30.0,,16.07356449376569,0.0
2025-08-22,45077.949959312195,1189.9499593121946,1600,27.43,,,0.0,0.0
2025-08-25,44724.5899548633,1436.5899620158611,1600,27.23,30.0,,280.0000071525574,0.0
2025-08-26,45772.58996535372,1436.5899620158611,1600,27.97,30.0,,415.9999966621399,0.0
2025-08-27,45876.58995534014,1436.5899620158611,1600,28.13,30.0,,568.0000066757202,0.0
2025-08-28,46940.589961181395,1436.5899620158611,1600,28.5,30.0,,96.00000083446503,0.0
2025-08-29,43100.58996201586,1436.5899620158611,1600,26.04,,,0.0,0.0
2025-09-02,41815.54996189605,1471.549961001986,1600,25.24,30.0,,39.99999910593033,0.0
2025-09-03,41255.549961538425,1471.549961001986,1600,24.88,30.0,,23.999999463558197,0.0
2025-09-04,42479.549960833014,1471.549961001986,1600,25.63,30.0,,1.6896769130143785e-07,0.0
2025-09-05,43903.54996100198,1471.549961001986,1600,26.52,,,0.0,0.0
2025-09-08,44852.34996444714,1612.3499632550415,1600,27.1,30.0,,119.9999988079071,0.0
2025-09-09,44988.34996575844,1612.3499632550415,1600,27.18,30.0,,111.99999749660492,0.0
2025-09-10,47068.34996039402,1612.3499632550415,1600,28.58,30.0,,272.00000286102295,0.0
2025-09-11,48060.349961586115,1612.3499632550415,1600,29.15,30.0,,192.00000166893005,0.0
2025-09-12,48428.349963255045,1612.3499632550415,1600,29.26,,,0.0,0.0
2025-09-15,49364.509971304054,2932.5099560452636,1600,30.03,30.0,,1615.999984741211,0.0
2025-09-16,49588.509982748146,2932.5099560452636,1600,30.49,30.0,,2127.999973297119,0.0
2025-09-17,49716.51000563633,2932.5099560452636,1600,30.46,30.0,,1951.9999504089355,0.0
2025-09-18,50980.5099178983,2932.5099560452636,1600,33.63,30.0,,5760.000038146973,0.0
2025-09-19,50924.509956045265,50924.509956045265,0,32.97,,,0.0,0.0
2025-09-22,51204.36992413532,3870.369930811036,1400,34.43,36.0,,868.0000066757202,0.0
2025-09-23,51120.36991996299,3870.369930811036,1400,34.32,36.0,,798.0000108480453,0.0
2025-09-24,51414.36993706952,3870.369930811036,1400,34.16,36.0,,279.9999937415123,0.0
2025-09-25,51113.369929246415,3870.369930811036,1400,33.82,36.0,,105.00000156462193,0.0
2025-09-26,51456.36993081104,3870.369930811036,1400,33.99,,,0.0,0.0
2025-09-29,51862.71997592579,1635.219954468119,1500,34.0,36.0,,772.4999785423279,0.0
2025-09-30,53160.219946421494,1635.219954468119,1500,34.86,36.0,,765.000008046627,0.0
2025-10-01,54720.219925857884,1635.219954468119,1500,36.87,36.0,,2220.0000286102295,0.0
2025-10-02,55320.21995446812,1635.219954468119,1500,39.04,36.0,,4875.0,0.0
2025-10-03,55627.71995446812,55627.71995446812,0,38.23,,,0.0,0.0
2025-10-06,54989.93997117411,2157.939960326065,1300,41.68,44.0,,1351.9999891519547,0.0
2025-10-07,52357.439958388924,2157.939960326065,1300,38.84,44.0,,292.50000193715096,0.0
2025-10-08,56679.9399401797,2157.939960326065,1300,42.83,44.0,,1157.00002014637,0.0
2025-10-09,56562.939952577464,2157.939960326065,1300,42.25,44.0,,520.0000077486038,0.0
2025-10-10,46630.93996032607,2157.939960326065,1300,34.21,,,0.0,0.0
2025-10-13,53030.319964928734,2616.31995446812,1300,39.14,44.0,,467.99998953938484,0.0
2025-10-14,50059.81995233725,2616.31995446812,1300,36.63,44.0,,175.50000213086605,0.0
2025-10-15,54135.319953693266,2616.31995446812,1300,40.02,44.0,,507.0000007748604,0.0
2025-10-16,55162.319952143545,2616.31995446812,1300,40.59,44.0,,221.00000232458115,0.0
2025-10-17,54850.31995446812,2616.31995446812,1300,40.18,,,0.0,0.0
2025-10-20,57556.26988178621,4327.769925178398,1300,42.16,44.0,,1579.5000433921814,0.0
2025-10-21,57413.2699251784,4327.769925178398,1300,41.46,44.0,,812.5,0.0
2025-10-22,54085.269924597254,4327.769925178398,1300,38.38,44.0,,136.5000005811453,0.0
2025-10-23,57614.76992556583,4327.769925178398,1300,41.17,44.0,,233.9999996125698,0.0
2025-10-24,60435.76992517839,4327.769925178398,1300,43.16,,,0.0,0.0
2025-10-27,63768.6451077355,8557.644983757844,1300,46.82,44.0,,5654.999876022339,0.0
2025-10-28,64457.645014752256,8557.644983757844,1300,46.9,44.0,,5069.999969005585,0.0
2025-10-29,64899.64479779135,8557.644983757844,1300,49.44,44.0,,7930.000185966492,0.0
2025-10-30,64633.144890774594,8557.644983757844,1300,47.31,44.0,,5427.500092983246,0.0
2025-10-31,65751.14498375784,65751.14498375784,0,47.71,,,0.0,0.0
2025-11-03,65382.65999857316,3814.6599954737294,1300,48.55,51.0,,1546.9999969005585,0.0
2025-11-04,59240.15999392401,3814.6599954737294,1300,42.79,51.0,,201.50000154972076,0.0
2025-11-05,64284.15998927485,3814.6599954737294,1300,46.76,51.0,,318.50000619888306,0.0
2025-11-06,59740.6599954253,3814.6599954737294,1300,43.06,51.0,,52.000000048428774,0.0
2025-11-07,58063.659995473725,3814.6599954737294,1300,41.73,,,0.0,0.0
2025-11-10,62203.83500012289,4113.33499547373,1300,44.97,51.0,,370.4999953508377,0.0
2025-11-11,58401.33499295544,4113.33499547373,1300,41.84,51.0,,104.00000251829624,0.0
2025-11-12,60910.33499266486,4113.33499547373,1300,43.76,51.0,,91.00000280886889,0.0
2025-11-13,55027.83499465044,4113.33499547373,1300,39.22,51.0,,71.50000082328916,0.0
2025-11-14,54631.33499547373,4113.33499547373,1300,38.86,,,0.0,0.0
2025-11-17,51785.03499509823,279.0349974451532,1400,36.84,51.0,,70.00000234693289,0.0
2025-11-18,48166.034997758085,279.0349974451532,1400,34.34,51.0,,188.99999968707561,0.0
2025-11-19,50525.034996715,279.0349974451532,1400,35.95,51.0,,84.0000007301569,0.0
2025-11-20,43399.37604243432,279.0349974451532,1400,30.81,51.0,,13.658955010832468,0.0
2025-11-21,44659.03499744515,279.0349974451532,1400,31.7,,,0.0,0.0
2025-11-24,50471.62499655439,309.6249965580125,1400,35.83,51.0,,3.6212206871070988e-09,0.0
2025-11-25,50919.909894402925,309.6249965580125,1400,36.16,51.0,,13.715102155083347,0.0
2025-11-26,55077.62499655789,309.6249965580125,1400,39.12,51.0,,1.2648916683100262e-10,0.0
2025-11-28,58129.62499655801,309.6249965580125,1400,41.3,,,0.0,0.0
2025-12-01,58160.89737003247,326.9849959665854,1400,41.33,51.0,,28.087625934117042,0.0
2025-12-02,61520.98499815706,326.9849959665854,1400,43.78,51.0,,97.9999978095293,0.0
2025-12-03,65363.98499075118,326.9849959665854,1400,46.58,51.0,,175.00000521540642,0.0
2025-12-04,63564.984995914434,326.9849959665854,1400,45.21,51.0,,56.000000052154064,0.0
2025-12-05,65440.98499596659,326.9849959665854,1400,46.51,,,0.0,0.0
2025-12-08,67598.03491619173,1707.0349328810294,1400,47.99,51.0,,1295.0000166893005,0.0
2025-12-09,67640.03491619173,1707.0349328810294,1400,47.77,51.0,,945.0000166893005,0.0
2025-12-10,70132.0349262053,1707.0349328810294,1400,49.62,51.0,,1043.0000066757202,0.0
2025-12-11,69460.03491786066,1707.0349328810294,1400,48.79,51.0,,553.0000150203705,0.0
2025-12-12,60087.03493288103,1707.0349328810294,1400,41.7,,,0.0,0.0
2025-12-15,59423.15493064466,1883.154933669599,1400,41.17,51.0,,98.00000302493572,0.0
2025-12-16,58443.15493361744,1883.154933669599,1400,40.44,51.0,,56.000000052154064,0.0
2025-12-17,52136.154934660524,1883.154933669599,1400,36.01,51.0,,160.99999900907278,0.0
2025-12-18,55880.788399870115,1883.154933669599,1400,38.58,51.0,,14.366533799485381,0.0
2025-12-19,60389.1549336696,1883.154933669599,1400,41.79,,,0.0,0.0
2025-12-22,62447.12831758853,1940.2049346553108,1400,43.27,51.0,,71.07661706678799,0.0
2025-12-23,63106.2929376494,1940.2049346553108,1400,43.7,51.0,,13.91199700591802,0.0
2025-12-24,63820.17260299129,1940.2049346553108,1400,44.2,51.0,,0.032331664028034585,0.0
2025-12-26,63806.20493465531,1940.2049346553108,1400,44.19,,,0.0,0.0
2025-12-29,63330.384034716844,1961.3840339345347,1400,43.86,51.0,,34.99999921768904,0.0
2025-12-30,63092.38403440392,1961.3840339345347,1400,43.68,51.0,,20.999999530613422,0.0
2025-12-31,60803.38399553412,1961.3840339345347,1400,42.03,51.0,,3.840041714384497e-05,0.0
2026-01-02,68139.38403393453,1961.3840339345347,1400,47.27,,,0.0,0.0
2026-01-05,71111.16396156972,4016.1639582318676,1400,49.24,51.0,,1840.99999666214,0.0
2026-01-06,74219.16405836766,4016.1639582318676,1400,53.97,51.0,,5354.999899864197,0.0
2026-01-07,74072.1639882726,4016.1639582318676,1400,52.25,51.0,,3093.999969959259,0.0
2026-01-08,72791.16394988721,4016.1639582318676,1400,49.65,51.0,,735.0000083446503,0.0
2026-01-09,75409.16395823186,75409.16395823186,0,53.91,,,0.0,0.0
2026-01-12,75649.66405710405,7165.664016811305,1300,54.65,55.0,,2560.99995970726,0.0
2026-01-13,76605.16406640237,7165.664016811305,1300,56.08,55.0,,3464.4999504089355,0.0
2026-01-14,76598.66393932527,7165.664016811305,1300,55.41,55.0,,2600.000077486038,0.0
2026-01-15,78041.66414078897,7165.664016811305,1300,58.12,55.0,,4679.999876022339,0.0
2026-01-16,78659.16401681131,78659.16401681131,0,60.72,,,0.0,0.0
2026-01-20,76755.05405022329,3084.054028527197,1300,58.0,61.0,,1728.9999783039093,0.0
2026-01-21,80109.0540285272,3084.054028527197,1300,63.5,61.0,,5525.0,0.0
2026-01-22,82189.05405952162,3084.054028527197,1300,63.75,61.0,,3769.9999690055847,0.0
2026-01-23,82377.5540285272,82377.5540285272,0,61.55,,,0.0,0.0
2026-01-26,81038.81391483969,4709.313958231865,1300,60.68,63.0,,2554.5000433921814,0.0
2026-01-27,83333.31395823187,4709.313958231865,1300,64.98,63.0,,5850.0,0.0
2026-01-28,85536.81433016484,4709.313958231865,1300,70.1,63.0,,10302.499628067017,0.0
2026-01-29,86654.81371027653,4709.313958231865,1300,70.46,63.0,,9652.500247955322,0.0
2026-01-30,85036.31395823187,4709.313958231865,1300,61.79,,,0.0,0.0
2026-02-02,87974.31389283363,9246.31401681131,1300,65.21,63.0,,6045.000123977661,0.0
2026-02-03,85790.3139486236,9246.31401681131,1300,61.2,63.0,,3016.0000681877136,0.0
2026-02-04,77925.3140127433,9246.31401681131,1300,53.19,63.0,,468.000004068017,0.0
2026-02-05,78425.8140181189,9246.31401681131,1300,53.26,63.0,,58.499998692423105,0.0
2026-02-06,89534.31401681132,9246.31401681131,1300,61.76,,,0.0,0.0
2026-02-09,92425.61395372575,7375.613953725753,1400,64.0,63.0,,4550.0,0.0
2026-02-10,91823.61395372575,7375.613953725753,1400,63.32,63.0,,4200.0,0.0
2026-02-11,94231.61388696855,7375.613953725753,1400,67.99,63.0,,8330.000066757202,0.0
2026-02-12,91424.61394705003,7375.613953725753,1400,63.03,63.0,,4193.00000667572,0.0
2026-02-13,95568.61395372575,95568.61395372575,0,64.59,,,0.0,0.0
2026-02-17,98791.73887826627,10756.739021317422,1500,64.34,60.5,,8475.000143051147,0.0
2026-02-18,101094.23902131741,10756.739021317422,1500,66.35,60.5,,9187.5,0.0
2026-02-19,101761.739092843,10756.739021317422,1500,65.22,60.5,,6824.999928474426,0.0
2026-02-20,101499.23902131742,101499.23902131742,0,67.11,,,0.0,0.0
2026-02-23,99811.66389407343,4681.663872615754,1500,65.81,69.0,,3584.999978542328,0.0
2026-02-24,102271.66387261575,4681.663872615754,1500,68.56,69.0,,5250.0,0.0
2026-02-25,104754.16387261575,4681.663872615754,1500,71.84,69.0,,7687.5,0.0
2026-02-26,102279.16387485093,4681.663872615754,1500,65.34,69.0,,412.4999977648258,0.0
2026-02-27,98836.66387261575,4681.663872615754,1500,62.77,,,0.0,0.0
2026-03-02,98345.1138425929,5862.613835440337,1500,62.66,69.0,,1507.4999928474426,0.0
2026-03-03,85850.11383722848,5862.613835440337,1500,53.42,69.0,,142.49999821186066,0.0
2026-03-04,90732.61383711672,5862.613835440337,1500,56.63,69.0,,74.99999832361937,0.0
2026-03-05,87822.61383605501,5862.613835440337,1500,54.7,69.0,,89.9999993853271,0.0
2026-03-06,77682.61383544034,5862.613835440337,1500,47.88,,,0.0,0.0
2026-03-09,86656.19384189672,1384.193834088504,1600,53.43,69.0,,215.99999219179153,0.0
2026-03-10,88600.19383098907,1384.193834088504,1600,54.59,69.0,,128.00000309944153,0.0
2026-03-11,91096.19383367128,1384.193834088504,1600,56.1,69.0,,48.00000041723251,0.0
2026-03-12,81798.78631411608,1384.193834088504,1600,50.28,69.0,,33.40751997243787,0.0
2026-03-13,82552.19383408851,1384.193834088504,1600,50.73,,,0.0,0.0
2026-03-16,87289.47383796996,1585.4738349897261,1600,53.69,69.0,,199.99999701976776,0.0
2026-03-17,89361.47383415526,1585.4738349897261,1600,54.92,69.0,,96.00000083446503,0.0
2026-03-18,87945.47383510893,1585.4738349897261,1600,54.02,69.0,,71.99999988079071,0.0
2026-03-19,89184.88637877144,1585.4738349897261,1600,54.86,69.0,,176.58745621829155,0.0
2026-03-20,83409.47383498972,1585.4738349897261,1600,51.14,,,0.0,0.0
2026-03-23,86379.63382766074,1771.6338277799482,1600,52.96,69.0,,128.0000001192093,0.0
2026-03-24,89667.63382634944,1771.6338277799482,1600,55.02,69.0,,136.00000143051147,0.0
2026-03-25,92971.63382468051,1771.6338277799482,1600,57.08,69.0,,128.00000309944153,0.0
2026-03-26,80090.28682711611,1771.6338277799482,1600,48.97,69.0,,33.347000663839395,0.0
2026-03-27,76331.63382777995,1771.6338277799482,1600,46.6,,,0.0,0.0
2026-03-30,66799.47382710404,1791.4738271040314,1600,40.63,69.0,,2.739881435919389e-29,0.0
2026-03-31,78366.73185377668,1791.4738271040314,1600,47.94,69.0,,128.74197332734454,0.0
2026-04-01,85246.57285422563,1791.4738271040314,1600,52.27,69.0,,176.90097287840734,0.0
2026-04-02,86175.47382710403,1791.4738271040314,1600,52.74,,,0.0,0.0
2026-04-06,89496.7538259787,1992.7538280052536,1600,54.8,69.0,,176.00000202655792,0.0
2026-04-07,92032.75381513065,1992.7538280052536,1600,56.54,69.0,,424.00001287460327,0.0
2026-04-08,107568.75383181995,1992.7538280052536,1600,67.55,69.0,,2503.9999961853027,0.0
2026-04-09,111560.75382800525,1992.7538280052536,1600,71.98,69.0,,5600.0,0.0
2026-04-10,112384.75382800525,112384.75382800525,0,76.38,,,0.0,0.0
2026-04-13,114211.26367292827,8616.263739685475,1400,80.5,79.0,,7105.000066757202,0.0
2026-04-14,116752.26360617107,8616.263739685475,1400,85.39,79.0,,11410.000133514404,0.0
2026-04-15,117963.26393995708,8616.263739685475,1400,85.88,79.0,,10884.999799728394,0.0
2026-04-16,119062.26347265666,8616.263739685475,1400,88.44,79.0,,13370.000267028809,0.0
2026-04-17,119209.26373968547,119209.26373968547,0,94.72,,,0.0,0.0
2026-04-20,119678.76373653836,9590.763793758819,1200,95.94,97.0,,5040.000057220459,0.0
2026-04-21,120236.76379375882,9590.763793758819,1200,98.08,97.0,,7050.0,0.0
2026-04-22,120644.76379375882,9590.763793758819,1200,105.67,97.0,,15750.0,0.0
2026-04-23,122078.76287823147,9590.763793758819,1200,112.69,97.0,,22740.000915527344,0.0
2026-04-24,125984.76379375882,125984.76379375882,0,128.25,,,0.0,0.0
2026-04-27,126089.21378212399,9169.213829807704,1000,123.37,126.0,,6450.000047683716,0.0
2026-04-28,117009.2138298077,9169.213829807704,1000,109.59,126.0,,1750.0,0.0
2026-04-29,125034.21383696026,9169.213829807704,1000,118.06,126.0,,2194.9999928474426,0.0
2026-04-30,132769.2138631863,9169.213829807704,1000,127.01,126.0,,3409.999966621399,0.0
2026-05-01,135164.2138298077,135164.2138298077,0,130.33,,,0.0,0.0
2026-05-04,132263.46359663433,9188.463739685481,1000,127.55,134.0,,4475.0001430511475,0.0
2026-05-05,138743.46431189007,9188.463739685481,1000,144.28,134.0,,14724.99942779541,0.0
2026-05-06,142273.46354895062,9188.463739685481,1000,165.76,134.0,,32675.000190734863,0.0
2026-05-07,141963.4641211552,9188.463739685481,1000,152.05,134.0,,19274.999618530273,0.0
2026-05-08,143183.46373968548,143183.46373968548,0,177.44,,,0.0,0.0
2026-05-11,147714.28388214536,26404.28381538815,700,190.4,181.0,,11969.999933242798,0.0
2026-05-12,142464.28381538816,26404.28381538815,700,172.55,181.0,,4725.0,0.0
2026-05-13,148295.28381538816,26404.28381538815,700,184.38,181.0,,7175.0,0.0
2026-05-14,149250.78381538816,26404.28381538815,700,186.12,181.0,,7437.5,0.0
2026-05-15,141365.28381538816,26404.28381538815,700,164.23,,,0.0,0.0
2026-05-18,133605.5837505383,14509.583815388149,800,151.66,181.0,,2232.0000648498535,0.0
2026-05-19,134377.58384018368,14509.583815388149,800,151.93,181.0,,1675.9999752044678,0.0
2026-05-20,148201.5838916821,14509.583815388149,800,173.34,181.0,,4979.999923706055,0.0
2026-05-21,153913.5838916821,14509.583815388149,800,178.23,181.0,,3179.9999237060547,0.0
2026-05-22,159305.58381538815,159305.58381538815,0,190.61,,,0.0,0.0
2026-05-26,160916.28401565977,13951.28381538815,700,225.75,222.5,,11059.999799728394,0.0
2026-05-27,160706.28381538816,13951.28381538815,700,217.9,222.5,,5775.0,0.0
2026-05-28,164920.28381538816,13951.28381538815,700,224.67,222.5,,6300.0,0.0
2026-05-29,169697.78381538816,169697.78381538816,0,224.06,,,0.0,0.0
2026-06-01,175388.18410377926,11652.184103779273,800,226.92,215.0,,17800.0,0.0
2026-06-02,182208.18471413082,11652.184103779273,800,266.37,215.0,,42539.99938964844,0.0
2026-06-03,183272.1853244824,11652.184103779273,800,280.0,215.0,,52379.998779296875,0.0
2026-06-04,184988.18440895504,11652.184103779273,800,262.82,215.0,,36919.99969482422,0.0
2026-06-05,157340.18410377926,11652.184103779273,800,182.11,,,0.0,0.0
2026-06-08,178385.784019093,21701.78424797483,800,211.18,215.0,,12260.000228881836,0.0
2026-06-09,174165.784019093,21701.78424797483,800,201.78,215.0,,8960.000228881836,0.0
2026-06-10,163245.78422890135,21701.78424797483,800,180.03,215.0,,2480.0000190734863,0.0
2026-06-11,187809.78424797484,21701.78424797483,800,224.01,215.0,,13100.0,0.0
2026-06-12,193697.78424797484,193697.78424797484,0,234.48,,,0.0,0.0
2026-06-15,197702.30887680483,21386.308743290418,700,272.83,267.5,,14664.999866485596,0.0
2026-06-16,177710.3087866826,21386.308743290418,700,226.01,267.5,,1882.9999566078186,0.0
2026-06-17,183600.8087416215,21386.308743290418,700,233.67,267.5,,1354.50000166893,0.0
2026-06-18,208632.80874329043,208632.80874329043,0,279.47,,,0.0,0.0
2026-06-22,209001.708238606,16141.208238605981,700,300.89,302.5,,17762.5,0.0
2026-06-23,175363.2082219167,16141.208238605981,700,230.81,302.5,,2345.0000166893005,0.0
2026-06-24,175216.2082361026,16141.208238605981,700,229.59,302.5,,1638.000002503395,0.0
2026-06-25,193104.70825237466,16141.208238605981,700,253.56,302.5,,528.4999862313271,0.0
2026-06-26,166711.208238606,16141.208238605981,700,215.1,,,0.0,0.0
2026-06-29,181344.67325641346,16540.173248068815,700,236.51,302.5,,752.4999916553497,0.0
2026-06-30,201595.67328812313,16540.173248068815,700,266.8,302.5,,1704.4999599456787,0.0
2026-07-01,168804.17324885112,16540.173248068815,700,217.57,302.5,,34.99999921768904,0.0
2026-07-02,143261.1732480688,16540.173248068815,700,181.03,,,0.0,0.0
