start,cfg,final,cagr,maxdd,bh_cagr,bh_dd,excess
2022-01-03,baseline,122993.6701967351,0.043915547859394666,-0.6281866800114861,0.22758185326386093,-0.9039924040365778,-0.18366630540446627
2022-01-03,F1,125748.0698858134,0.04907429128507501,-0.6281866800114861,0.22758185326386093,-0.9039924040365778,-0.17850756197878592
2022-01-03,F2,196305.06589099506,0.15748963540528815,-0.5867745322792046,0.22758185326386093,-0.9039924040365778,-0.07009221785857278
2022-01-03,F3,154615.50629643572,0.09659104101436977,-0.7464022872396338,0.22758185326386093,-0.9039924040365778,-0.13099081224949116
2022-01-03,F1+F2,196305.06589099506,0.15748963540528815,-0.5867745322792046,0.22758185326386093,-0.9039924040365778,-0.07009221785857278
2022-01-03,F1+F3,158666.98093144072,0.10292256587028481,-0.7464022872396338,0.22758185326386093,-0.9039924040365778,-0.12465928739357612
2022-01-03,F2+F3,247949.95953102713,0.21718908549930394,-0.7044339551523153,0.22758185326386093,-0.9039924040365778,-0.010392767764556998
2022-01-03,F1+F2+F3,247949.95953102713,0.21718908549930394,-0.7044339551523153,0.22758185326386093,-0.9039924040365778,-0.010392767764556998
2022-01-10,baseline,123537.55176750966,0.04612120666861719,-0.6153451448565836,0.28028432653462576,-0.8927109879621592,-0.23416311986600857
2022-01-10,F1,126476.85518155296,0.0516342502518361,-0.6181278561635685,0.28028432653462576,-0.8927109879621592,-0.22865007628278966
2022-01-10,F2,197606.38023820182,0.1551198851017317,-0.5946751303474807,0.28028432653462576,-0.8927109879621592,-0.12516444143289407
2022-01-10,F3,177786.62911910698,0.13183085763857072,-0.7146058620511482,0.28028432653462576,-0.8927109879621592,-0.14845346889605504
2022-01-10,F1+F2,197606.38023820182,0.1551198851017317,-0.5946751303474807,0.28028432653462576,-0.8927109879621592,-0.12516444143289407
2022-01-10,F1+F3,178429.14749108392,0.13274391420621612,-0.7169282690243272,0.28028432653462576,-0.8927109879621592,-0.14754041232840964
2022-01-10,F2+F3,270021.5338922757,0.23444122763280784,-0.6965600132552656,0.28028432653462576,-0.8927109879621592,-0.045843098901817925
2022-01-10,F1+F2+F3,270021.5338922757,0.23444122763280784,-0.6965600132552656,0.28028432653462576,-0.8927109879621592,-0.045843098901817925
2022-01-24,baseline,123025.1570796601,0.042972920937878634,-0.6513220636879319,0.3656743260015636,-0.8799452080237742,-0.32270140506368494
2022-01-24,F1,125779.55676873843,0.04819266044098325,-0.6513220636879319,0.3656743260015636,-0.8799452080237742,-0.31748166556058033
2022-01-24,F2,182583.25279055673,0.12849447262666036,-0.6342361644433474,0.3656743260015636,-0.8799452080237742,-0.23717985337490322
2022-01-24,F3,189741.59122471904,0.14474285883955407,-0.7224092301300649,0.3656743260015636,-0.8799452080237742,-0.2209314671620095
2022-01-24,F1+F2,182583.25279055673,0.12849447262666036,-0.6342361644433474,0.3656743260015636,-0.8799452080237742,-0.23717985337490322
2022-01-24,F1+F3,197288.14069750404,0.1548536045095803,-0.7224092301300649,0.3656743260015636,-0.8799452080237742,-0.21082072149198328
2022-01-24,F2+F3,272000.94880048826,0.22801070426055947,-0.7060476376449587,0.3656743260015636,-0.8799452080237742,-0.1376636217410041
2022-01-24,F1+F2+F3,272000.94880048826,0.22801070426055947,-0.7060476376449587,0.3656743260015636,-0.8799452080237742,-0.1376636217410041
2022-01-31,baseline,123387.2968608684,0.04565320471688317,-0.6441798560271821,0.37274172221344837,-0.8799113488594479,-0.3270885174965652
2022-01-31,F1,126141.69654994673,0.050893830494581405,-0.6441798560271821,0.37274172221344837,-0.8799113488594479,-0.32184789171886696
2022-01-31,F2,175501.94518787405,0.12448458437327226,-0.624529611583104,0.37274172221344837,-0.8799113488594479,-0.2482571378401761
2022-01-31,F3,184138.1158681326,0.14130225064646162,-0.717510932369746,0.37274172221344837,-0.8799113488594479,-0.23143947156698674
2022-01-31,F1+F2,175501.94518787405,0.12448458437327226,-0.624529611583104,0.37274172221344837,-0.8799113488594479,-0.2482571378401761
2022-01-31,F1+F3,189528.09041301536,0.14878289412610934,-0.717510932369746,0.37274172221344837,-0.8799113488594479,-0.22395882808733902
2022-01-31,F2+F3,271990.4664046281,0.23715042133002195,-0.6965882530788006,0.37274172221344837,-0.8799113488594479,-0.1355913008834264
2022-01-31,F1+F2+F3,271990.4664046281,0.23715042133002195,-0.6965882530788006,0.37274172221344837,-0.8799113488594479,-0.1355913008834264
2022-02-07,baseline,123555.18480624148,0.05191376637981526,-0.6176440095013991,0.3836903005564698,-0.8797605472455978,-0.33177653417665454
2022-02-07,F1,126494.48822028478,0.05755344766286097,-0.6176440095013991,0.3836903005564698,-0.8797605472455978,-0.32613685289360883
2022-02-07,F2,197569.52557986262,0.17077033563212107,-0.5762854452021227,0.3836903005564698,-0.8797605472455978,-0.21291996492434873
2022-02-07,F3,184004.0216574804,0.15330625850360646,-0.7015959724531553,0.3836903005564698,-0.8797605472455978,-0.23038404205286334
2022-02-07,F1+F2,197569.52557986262,0.17077033563212107,-0.5762854452021227,0.3836903005564698,-0.8797605472455978,-0.21291996492434873
2022-02-07,F1+F3,189693.99620686925,0.1613220664898558,-0.7015959724531553,0.3836903005564698,-0.8797605472455978,-0.222368234066614
2022-02-07,F2+F3,272022.67396044044,0.26095723484989897,-0.6656103463884496,0.3836903005564698,-0.8797605472455978,-0.12273306570657083
2022-02-07,F1+F2+F3,272022.67396044044,0.26095723484989897,-0.6656103463884496,0.3836903005564698,-0.8797605472455978,-0.12273306570657083
2022-02-14,baseline,128450.46560282828,0.0618954006974779,-0.6106865497596025,0.4154145852442066,-0.8798607377519644,-0.3535191845467287
2022-02-14,F1,132946.09029828582,0.07027250533925367,-0.6106865497596025,0.4154145852442066,-0.8798607377519644,-0.34514207990495294
2022-02-14,F2,197557.44486989174,0.17193375547381762,-0.5716595359468633,0.4154145852442066,-0.8798607377519644,-0.24348082977038898
2022-02-14,F3,198008.06478402362,0.17388068873491003,-0.7036238673273848,0.4154145852442066,-0.8798607377519644,-0.24153389650929658
2022-02-14,F1+F2,197557.44486989174,0.17193375547381762,-0.5716595359468633,0.4154145852442066,-0.8798607377519644,-0.24348082977038898
2022-02-14,F1+F3,197005.87022276863,0.1725208587747633,-0.7036238673273848,0.4154145852442066,-0.8798607377519644,-0.2428937264694433
2022-02-14,F2+F3,279167.0022311283,0.2700727019539024,-0.6630323337699551,0.4154145852442066,-0.8798607377519644,-0.14534188329030417
2022-02-14,F1+F2+F3,279167.0022311283,0.2700727019539024,-0.6630323337699551,0.4154145852442066,-0.8798607377519644,-0.14534188329030417
2022-02-28,baseline,123510.54144599731,0.05073272286614383,-0.616067538210991,0.40793850415377353,-0.8798237211067892,-0.3572057812876297
2022-02-28,F1,126449.84486004061,0.0564429566702247,-0.616067538210991,0.40793850415377353,-0.8798237211067892,-0.35149554748354883
2022-02-28,F2,189326.12884251183,0.15884185189099487,-0.5736004983375544,0.40793850415377353,-0.8798237211067892,-0.24909665226277866
2022-02-28,F3,190118.3495822396,0.16071469636432578,-0.6938661772186151,0.40793850415377353,-0.8798237211067892,-0.24722380778944775
2022-02-28,F1+F2,189326.12884251183,0.15884185189099487,-0.5736004983375544,0.40793850415377353,-0.8798237211067892,-0.24909665226277866
2022-02-28,F1+F3,199376.241030499,0.1735023335939896,-0.6938661772186151,0.40793850415377353,-0.8798237211067892,-0.23443617055978394
2022-02-28,F2+F3,292149.55329398165,0.2808057219200648,-0.6598662135194516,0.40793850415377353,-0.8798237211067892,-0.12713278223370872
2022-02-28,F1+F2+F3,292149.55329398165,0.2808057219200648,-0.6598662135194516,0.40793850415377353,-0.8798237211067892,-0.12713278223370872
2022-03-07,baseline,118267.84746168091,0.04701844351892648,-0.6594507201987577,0.5216589380758814,-0.8798382519380731,-0.4746404945569549
2022-03-07,F1,122982.72803571913,0.05653525587435637,-0.6594507201987577,0.5216589380758814,-0.8798382519380731,-0.465123682201525
2022-03-07,F2,175469.518756386,0.14712882761018653,-0.6253120662786574,0.5216589380758814,-0.8798382519380731,-0.37453011046569484
2022-03-07,F3,198008.11740467366,0.1861163401900936,-0.7127478174292745,0.5216589380758814,-0.8798382519380731,-0.3355425978857878
2022-03-07,F1+F2,175469.518756386,0.14712882761018653,-0.6253120662786574,0.5216589380758814,-0.8798382519380731,-0.37453011046569484
2022-03-07,F1+F3,197005.92284341867,0.18472406226765337,-0.7127478174292745,0.5216589380758814,-0.8798382519380731,-0.336934875808228
2022-03-07,F2+F3,300039.6371355287,0.3058867308369426,-0.6872719299201637,0.5216589380758814,-0.8798382519380731,-0.21577220723893875
2022-03-07,F1+F2+F3,300039.6371355287,0.3058867308369426,-0.6872719299201637,0.5216589380758814,-0.8798382519380731,-0.21577220723893875
2022-03-14,baseline,106802.4719959337,0.017697230336033654,-0.6923211417937276,0.5456050959333003,-0.8799051854578557,-0.5279078655972667
2022-03-14,F1,110174.62173007314,0.025079006617094057,-0.6923211417937276,0.5456050959333003,-0.8799051854578557,-0.5205260893162063
2022-03-14,F2,166311.0351015971,0.12999363263545738,-0.6701447992382372,0.5456050959333003,-0.8799051854578557,-0.41561146329784293
2022-03-14,F3,182110.53309112182,0.1546557324042548,-0.7382671969255942,0.5456050959333003,-0.8799051854578557,-0.3909493635290455
2022-03-14,F1+F2,166311.0351015971,0.12999363263545738,-0.6701447992382372,0.5456050959333003,-0.8799051854578557,-0.41561146329784293
2022-03-14,F1+F3,187507.20764952293,0.16252213242334457,-0.7382671969255942,0.5456050959333003,-0.8799051854578557,-0.38308296350995574
2022-03-14,F2+F3,272004.1234218223,0.269957644168777,-0.7103792920283558,0.5456050959333003,-0.8799051854578557,-0.2756474517645233
2022-03-14,F1+F2+F3,272004.1234218223,0.269957644168777,-0.7103792920283558,0.5456050959333003,-0.8799051854578557,-0.2756474517645233
2022-03-21,baseline,123570.2190083384,0.049270748656541796,-0.6217978069655066,0.43178264219985074,-0.8797891412623943,-0.38251189354330895
2022-03-21,F1,126509.5224223817,0.05504704705023533,-0.6217978069655066,0.43178264219985074,-0.8797891412623943,-0.3767355951496154
2022-03-21,F2,197497.14861991076,0.16970686684874337,-0.58310724927,0.43178264219985074,-0.8797891412623943,-0.2620757753511074
2022-03-21,F3,197046.9251585711,0.1685960678420413,-0.6937291482154175,0.43178264219985074,-0.8797891412623943,-0.26318657435780946
2022-03-21,F1+F2,197497.14861991076,0.16970686684874337,-0.58310724927,0.43178264219985074,-0.8797891412623943,-0.2620757753511074
2022-03-21,F1+F3,198066.84548079857,0.1700058589605653,-0.6937291482154175,0.43178264219985074,-0.8797891412623943,-0.26177678323928544
2022-03-21,F2+F3,300049.5471645645,0.2879908255919086,-0.6629972106539472,0.43178264219985074,-0.8797891412623943,-0.14379181660794216
2022-03-21,F1+F2+F3,300049.5471645645,0.2879908255919086,-0.6629972106539472,0.43178264219985074,-0.8797891412623943,-0.14379181660794216
2022-03-28,baseline,127798.20549802887,0.0623939675804559,-0.5953590340008026,0.40277721931206,-0.8797477094325462,-0.3403832517316041
2022-03-28,F1,129847.96529911863,0.06636694812253774,-0.5953590340008026,0.40277721931206,-0.8797477094325462,-0.33641027118952227
2022-03-28,F2,197610.45045625477,0.1725748017312363,-0.5718080366606646,0.40277721931206,-0.8797477094325462,-0.23020241758082371
2022-03-28,F3,190107.75052368097,0.16379783953187,-0.6802905478367307,0.40277721931206,-0.8797477094325462,-0.23897937978019002
2022-03-28,F1+F2,197610.45045625477,0.1725748017312363,-0.5718080366606646,0.40277721931206,-0.8797477094325462,-0.23020241758082371
2022-03-28,F1+F3,199365.64197194035,0.17685202167541458,-0.6802905478367307,0.40277721931206,-0.8797477094325462,-0.22592519763664543
2022-03-28,F2+F3,292235.2884201412,0.28254987928004405,-0.6599820958564419,0.40277721931206,-0.8797477094325462,-0.12022734003201596
2022-03-28,F1+F2+F3,292235.2884201412,0.28254987928004405,-0.6599820958564419,0.40277721931206,-0.8797477094325462,-0.12022734003201596
2022-04-04,baseline,128485.9086521513,0.061795452347387814,-0.5958274412262317,0.44461949984177673,-0.8799162689238673,-0.3828240474943889
2022-04-04,F1,130535.66845324106,0.06576294019984052,-0.5958274412262317,0.44461949984177673,-0.8799162689238673,-0.3788565596419362
2022-04-04,F2,197628.26003647325,0.17480821259506096,-0.5607626089813652,0.44461949984177673,-0.8799162689238673,-0.26981128724671577
2022-04-04,F3,198020.67994628736,0.17452680113898156,-0.6702641799131795,0.44461949984177673,-0.8799162689238673,-0.2700926987027952
2022-04-04,F1+F2,197628.26003647325,0.17480821259506096,-0.5607626089813652,0.44461949984177673,-0.8799162689238673,-0.26981128724671577
2022-04-04,F1+F3,197018.48538503237,0.1731233261839582,-0.6702641799131795,0.44461949984177673,-0.8799162689238673,-0.27149617365781853
2022-04-04,F2+F3,285004.7074114912,0.279319011502158,-0.6430557455825625,0.44461949984177673,-0.8799162689238673,-0.16530048833961875
2022-04-04,F1+F2+F3,285004.7074114912,0.279319011502158,-0.6430557455825625,0.44461949984177673,-0.8799162689238673,-0.16530048833961875
2022-04-11,baseline,170400.13220981392,0.14075687935121484,-0.4943056448052512,0.5764908713071815,-0.879942042831616,-0.4357339919559666
2022-04-11,F1,168668.54076958928,0.13800211773757587,-0.4943056448052512,0.5764908713071815,-0.879942042831616,-0.4384887535696056
2022-04-11,F2,247813.26245236048,0.24758449189290999,-0.5475961166796416,0.5764908713071815,-0.879942042831616,-0.3289063794142715
2022-04-11,F3,267262.748884795,0.26828102365245,-0.60604243162126,0.5764908713071815,-0.879942042831616,-0.3082098476547315
2022-04-11,F1+F2,247813.26245236048,0.24758449189290999,-0.5475961166796416,0.5764908713071815,-0.879942042831616,-0.3289063794142715
2022-04-11,F1+F3,269972.66903128405,0.2713134062718958,-0.60604243162126,0.5764908713071815,-0.879942042831616,-0.30517746503528564
2022-04-11,F2+F3,383788.0165542476,0.383018034053507,-0.6467873935918798,0.5764908713071815,-0.879942042831616,-0.19347283725367448
2022-04-11,F1+F2+F3,383788.0165542476,0.383018034053507,-0.6467873935918798,0.5764908713071815,-0.879942042831616,-0.19347283725367448
2022-04-18,baseline,217951.74760242912,0.19993137691258345,-0.47863956358301474,0.572058430754194,-0.8799453341062632,-0.3721270538416106
2022-04-18,F1,224451.96412740747,0.2083461827003894,-0.47863956358301474,0.572058430754194,-0.8799453341062632,-0.36371224805380464
2022-04-18,F2,272492.3933702124,0.2645233929699564,-0.5493735959003103,0.572058430754194,-0.8799453341062632,-0.30753503778423763
2022-04-18,F3,350957.78679427726,0.3418579216284112,-0.6047940094299191,0.572058430754194,-0.8799453341062632,-0.23020050912578283
2022-04-18,F1+F2,272492.3933702124,0.2645233929699564,-0.5493735959003103,0.572058430754194,-0.8799453341062632,-0.30753503778423763
2022-04-18,F1+F3,357599.54091446544,0.3478534088599303,-0.6047940094299191,0.572058430754194,-0.8799453341062632,-0.22420502189426372
2022-04-18,F2+F3,421904.72630612616,0.40091071540500156,-0.6452877229851545,0.572058430754194,-0.8799453341062632,-0.1711477153491925
2022-04-18,F1+F2+F3,421904.72630612616,0.40091071540500156,-0.6452877229851545,0.572058430754194,-0.8799453341062632,-0.1711477153491925
