structure,tenor,rule,param,width,trades,win_rate,mean_ror,median_ror,total_ror,worst_ror,net_pct_width,frac10_end,frac10_maxdd,full_ruin_trade
long_call,monthly,delta,0.3,1,47,0.2978723404255319,0.8306970698020126,-1.0,39.042762280694596,-1.0,,552226.4,-0.5443359999999999,1.0
long_call,monthly,delta,0.4,1,47,0.3617021276595745,0.6235429147010094,-1.0,29.306516990947443,-1.0,,428163.0000000001,-0.489108,1.0
long_call,two_week,delta,0.3,1,113,0.2920353982300885,0.5965304233377804,-1.0,67.40793783716919,-1.0,,2085993.4000000018,-0.7408700720588584,1.0
long_call,monthly,delta,0.5,1,47,0.3829787234042553,0.5126066804418591,-1.0,24.09251398076738,-1.0,,403537.4,-0.4792780000000001,1.0
long_call,two_week,delta,0.4,1,113,0.34513274336283184,0.43014603365852055,-1.0,48.606501803412826,-1.0,,1116919.2000000004,-0.6938501195352097,1.0
long_call,weekly,delta,0.3,1,211,0.25118483412322273,0.3868709577711163,-1.0,81.62977208970554,-1.0,,690396.8000000012,-0.9149372593471103,1.0
long_call,monthly,delta,0.6,1,47,0.44680851063829785,0.3650877890737587,-0.8486328124999998,17.15912608646666,-1.0,,269907.8,-0.46830400000000005,1.0
bull_call,monthly,delta,0.4,5,47,0.3404255319148936,0.3432234287508479,-1.0,16.13150115128985,-1.0,-0.24346070921985813,205843.6000000001,-0.5673437471198126,1.0
long_call,two_week,delta,0.5,1,113,0.3893805309734513,0.3207073568372622,-1.0,36.23993132261063,-1.0,,610627.8,-0.6641451324794221,1.0
bull_call,two_week,delta,0.4,5,112,0.3482142857142857,0.30389874030635006,-1.0,34.036658914311204,-1.0,-0.21104958333333332,461622.9999999999,-0.6731368667408395,1.0
long_call,two_week,delta,0.6,1,113,0.40707964601769914,0.25577571318332365,-0.49098474341192766,28.90265558971557,-1.0,,531868.4000000001,-0.5179766952700862,1.0
bull_call,two_week,delta,0.4,3,113,0.36283185840707965,0.24085568522975775,-1.0,27.216692430962627,-1.0,-0.2761215339233038,316291.9999999997,-0.6510489317794046,1.0
long_call,weekly,delta,0.4,1,211,0.2985781990521327,0.23804414166956303,-1.0,50.2273138922778,-1.0,,303266.2000000009,-0.8892624812020443,1.0
bull_call,two_week,otm_step,1.0,5,112,0.38392857142857145,0.22451204134365918,-1.0,25.145348630489828,-1.0,-0.2832714285714285,286067.3999999998,-0.6150589778497682,1.0
bull_call,monthly,delta,0.4,3,47,0.40425531914893614,0.20904661679147282,-1.0,9.825190989199223,-1.0,-0.3273210831721469,150913.0,-0.48785983220183216,1.0
bull_call,weekly,delta,0.4,5,184,0.31521739130434784,0.2064998667916381,-1.0,37.99597548966141,-1.0,-0.18245045289855072,267886.2000000024,-0.78424902921298,1.0
bull_call,monthly,otm_step,1.0,5,47,0.44680851063829785,0.19440405483101447,-1.0,9.13699057705768,-1.0,-0.3554979736575481,158260.20000000004,-0.44614200000000015,1.0
bull_call,monthly,delta,0.5,5,47,0.44680851063829785,0.1923575161336847,-1.0,9.040803258283182,-1.0,-0.32167456940222894,152892.79999999996,-0.4565880000000001,1.0
long_call,weekly,delta,0.5,1,211,0.35545023696682465,0.18978288567563176,-1.0,40.0441888775583,-1.0,,273390.80000000057,-0.7836200523924296,1.0
bull_call,weekly,otm_step,1.0,5,186,0.34408602150537637,0.1775854626739062,-1.0,33.03089605734655,-1.0,-0.23963853046594982,238812.40000000148,-0.7335493747720216,1.0
bull_call,two_week,otm_step,1.0,3,113,0.3893805309734513,0.17106117548851818,-1.0,19.329912830202556,-1.0,-0.361952802359882,211293.39999999994,-0.6092141009581759,1.0
bull_call,two_week,delta,0.5,5,112,0.39285714285714285,0.16967311021098488,-1.0,19.003388343630306,-1.0,-0.2897857142857143,193214.99999999983,-0.6384289378463353,1.0
bull_call,two_week,delta,0.4,2,113,0.37168141592920356,0.1628879473111541,-1.0,18.406338046160414,-1.0,-0.3324601769911504,173830.1999999999,-0.650030769485787,1.0
bull_call,two_week,delta,0.6,5,113,0.45132743362831856,0.16193578311920254,-0.3351477449455673,18.298743492469885,-1.0,-0.3744949852507375,259313.8,-0.5091860000000001,1.0
long_put,weekly,delta,0.3,1,211,0.26066350710900477,0.158730864295033,-1.0,33.49221236625196,-1.0,,40822.39999999948,-0.9402538517681647,2.0
bull_call,weekly,delta,0.4,3,205,0.32682926829268294,0.15565134729368732,-1.0,31.9085261952059,-1.0,-0.2367918699186992,132368.60000000105,-0.7876783311306907,1.0
bull_call,two_week,otm_step,0.0,5,113,0.4336283185840708,0.15523061800178814,-0.4130675526024371,17.54105983420206,-1.0,-0.3548896755162242,234156.60000000003,-0.5351379999999999,1.0
bull_call,monthly,delta,0.5,3,47,0.46808510638297873,0.13048757054396953,-1.0,6.132915815566568,-1.0,-0.40609361702127655,125269.8,-0.42006,1.0
bull_call,weekly,delta,0.5,5,195,0.3641025641025641,0.12651356851045356,-1.0,24.670145859538444,-1.0,-0.2510112698412698,126319.20000000027,-0.729136941575317,1.0
bull_call,weekly,delta,0.5,3,207,0.3961352657004831,0.12433381925066561,-1.0,25.73710058488778,-1.0,-0.3251561996779388,152725.20000000048,-0.7229441450946065,1.0
bull_call,monthly,otm_step,0.0,5,47,0.46808510638297873,0.11785606457312003,-0.769703172978506,5.539235034936642,-1.0,-0.4034034837502922,123496.40000000005,-0.44044400000000006,1.0
bull_call,two_week,delta,0.5,3,113,0.3893805309734513,0.11554388219388673,-1.0,13.0564586879092,-1.0,-0.37047787610619465,129139.19999999987,-0.6416434784389302,1.0
long_call,weekly,delta,0.6,1,211,0.3886255924170616,0.11312149787162437,-0.5709281961471101,23.86863605091274,-1.0,,158341.40000000026,-0.6852639999999997,1.0
bull_call,monthly,otm_step,1.0,3,47,0.46808510638297873,0.11235730806860576,-1.0,5.280793479224471,-1.0,-0.42725876393110424,117606.60000000003,-0.4403039999999999,1.0
bull_call,two_week,delta,0.7,5,113,0.5221238938053098,0.11084999708963546,0.0573476702508957,12.526049671128806,-1.0,-0.47727197640117996,202598.8000000001,-0.5028439999999997,1.0
bull_call,weekly,otm_step,1.0,3,205,0.3463414634146341,0.10824043823555185,-1.0,22.18928983828813,-1.0,-0.2972682926829268,84661.20000000033,-0.7482095419331664,1.0
bull_call,monthly,delta,0.4,2,47,0.3617021276595745,0.10414885722157637,-1.0,4.894996289414089,-1.0,-0.36767494089834524,98692.00000000001,-0.5092966213397123,1.0
bull_call,monthly,delta,0.6,5,47,0.48936170212765956,0.0959918677171559,-0.769703172978506,4.5116177827063275,-1.0,-0.4247375263034838,113182.4,-0.44228999999999996,1.0
long_put,weekly,delta,0.4,1,211,0.3080568720379147,0.09440527314405803,-1.0,19.919512633396245,-1.0,,38539.399999999594,-0.9129660393872527,2.0
bull_call,two_week,otm_step,1.0,2,113,0.40707964601769914,0.0806088150229507,-1.0,9.108796097593428,-1.0,-0.41930088495575224,98123.19999999991,-0.6485180000000001,1.0
bull_call,monthly,delta,0.5,2,47,0.44680851063829785,0.07487205485596818,-1.0,3.5189865782305043,-1.0,-0.4669276595744681,101112.59999999998,-0.43284200000000006,1.0
bull_call,two_week,delta,0.6,3,113,0.4690265486725664,0.06897297416007069,-0.09659090909090705,7.793946080087988,-1.0,-0.4718053097345133,118997.20000000004,-0.5393920000000001,1.0
bull_call,two_week,otm_step,0.0,3,113,0.4424778761061947,0.068080745755037,-0.30455635491606703,7.693124270319181,-1.0,-0.4500530973451327,112560.40000000008,-0.5802519999999999,1.0
bull_call,weekly,delta,0.4,2,211,0.3412322274881517,0.06613218299203177,-1.0,13.953890611318705,-1.0,-0.28416113744075827,38645.00000000061,-0.8563005755413852,1.0
bull_call,monthly,otm_step,0.0,2,47,0.44680851063829785,0.05404994930445321,-0.5436105476673434,2.540347617309301,-1.0,-0.5714255319148936,90941.2,-0.5355880000000002,1.0
bull_call,weekly,otm_step,0.0,5,197,0.39086294416243655,0.04427504309338761,-0.68904244817374,8.72218348939736,-1.0,-0.31131954314720806,56220.20000000014,-0.734202921343897,1.0
bull_call,weekly,delta,0.6,5,197,0.40609137055837563,0.04148352134079533,-0.5776397515527951,8.172253704136681,-1.0,-0.32869441624365486,56516.00000000013,-0.6998040000000001,1.0
bull_put,two_week,delta,0.3,1,107,0.7757009345794392,0.03971143452605073,0.282051282051282,4.249123494287428,-1.0,0.22998878504672898,131485.8000000002,-0.3623879999999997,1.0
bull_call,monthly,otm_step,1.0,2,47,0.46808510638297873,0.03924572117712319,-1.0,1.84454889532479,-1.0,-0.4927872340425532,88270.19999999998,-0.4560080000000001,1.0
bull_call,monthly,otm_step,0.0,3,47,0.48936170212765956,0.03828028795514955,-0.6955345060893103,1.799173533892029,-1.0,-0.4928964539007092,92123.79999999999,-0.46005399999999996,1.0
bull_call,two_week,delta,0.7,3,113,0.5221238938053098,0.03622930984889543,0.1393939393939407,4.093912012925183,-1.0,-0.5954542772861356,102571.80000000005,-0.5510199999999998,1.0
bull_call,monthly,delta,0.7,5,47,0.48936170212765956,0.03413360106101799,-0.07126611068991684,1.6042792498678455,-1.0,-0.5595059777102331,95493.00000000001,-0.42205799999999993,1.0
bull_put,monthly,delta,0.1,3,43,0.9534883720930233,0.03250575053880324,0.07681263460157933,1.3977472731685392,-1.0,0.07191140022767929,113556.4,-0.1428976513994994,31.0
bull_call,two_week,delta,0.4,1,113,0.39823008849557523,0.032019271466237946,-1.0,3.618177675684888,-1.0,-0.4273451327433629,55478.39999999989,-0.643508,1.0
bull_call,two_week,delta,0.5,2,113,0.40707964601769914,0.031575284110520845,-1.0,3.5680071044888555,-1.0,-0.4254955752212389,60954.79999999996,-0.6372420000000002,1.0
bull_put,two_week,otm_step,1.0,3,112,0.6875,0.03054592673852135,0.2500008680561584,3.421143794714391,-1.0,0.28703003246753245,117244.20000000004,-0.4579839999999996,1.0
bull_put,two_week,delta,0.3,3,112,0.8035714285714286,0.028697746827875775,0.21457489878542513,3.214147644722087,-1.0,0.19395282931354357,122758.20000000001,-0.2650760000000001,1.0
bull_put,two_week,otm_step,1.0,5,109,0.7247706422018348,0.024077576148061185,0.2106537530266344,2.6244558001386693,-1.0,0.24764211446046308,114380.80000000005,-0.42256799999999983,1.0
bull_put,two_week,delta,0.3,2,111,0.7837837837837838,0.021612243446342872,0.2562814070351759,2.3989590225440587,-1.0,0.21644664664664662,111705.60000000012,-0.3280261061166404,1.0
bull_call,weekly,delta,0.7,5,199,0.457286432160804,0.021070990370653138,-0.1423670668953688,4.193127083759975,-1.0,-0.4278894472361809,57804.800000000134,-0.6558019999999999,1.0
bull_call,weekly,otm_step,1.0,2,210,0.3523809523809524,0.020468495452399278,-1.0,4.298384045003848,-1.0,-0.35498095238095234,22412.000000000167,-0.810663274343407,1.0
bull_put,monthly,delta,0.1,2,45,0.9333333333333333,0.018511068957181836,0.07526881720430109,0.8329981030731826,-1.0,0.07210074074074077,107138.20000000001,-0.16244454663492747,28.0
bull_put,two_week,delta,0.2,2,110,0.8454545454545455,0.01811800273562698,0.14547687527554426,1.9929803009189677,-1.0,0.1294490909090909,113912.00000000009,-0.19006508659489163,6.0
bull_call,weekly,delta,0.5,2,211,0.38388625592417064,0.015751997738277224,-1.0,3.3236715227764946,-1.0,-0.3912796208530806,28596.000000000102,-0.7602879999999991,1.0
bull_put,two_week,delta,0.2,1,107,0.8317757009345794,0.01310349755221398,0.17096018735363,1.4020742380868958,-1.0,0.14804610591900313,105604.80000000002,-0.3050880288915335,6.0
bull_put,monthly,delta,0.15,3,46,0.8695652173913043,0.011852051547805715,0.1261362816535604,0.5451943711990629,-1.0,0.11274057971014492,102815.39999999998,-0.18087399999999998,1.0
bull_call,monthly,delta,0.6,3,47,0.46808510638297873,0.010467179066759159,-0.6955345060893103,0.4919574161376805,-1.0,-0.519804255319149,82315.99999999999,-0.460564,1.0
bull_put,two_week,delta,0.3,5,106,0.7830188679245284,0.009404563380183705,0.16063363483944137,0.9968837182994728,-1.0,0.16400174165457188,102454.20000000004,-0.19187999999999983,6.0
bull_put,two_week,otm_step,1.0,2,111,0.6666666666666666,0.009246257596896314,0.3123359580052494,1.0263345932554908,-1.0,0.31325225225225234,88942.60000000015,-0.5162199999999997,1.0
bull_call,two_week,delta,0.6,2,113,0.5221238938053098,0.007905559558284007,0.047835990888384756,0.8933282300860927,-1.0,-0.5427522123893807,66746.40000000004,-0.5959819999999999,1.0
bull_put,monthly,delta,0.2,5,45,0.8222222222222222,0.00566610442448408,0.1296882060551288,0.2549746991017836,-1.0,0.13072797720797724,99297.80000000002,-0.15198599999999995,1.0
bull_put,monthly,delta,0.1,5,37,0.9459459459459459,0.00437086408943127,0.05307497893850043,0.161721971308957,-0.9593495934959351,0.05401006650170738,101807.8,-0.13833738140829555,
bull_put,two_week,delta,0.2,3,108,0.8425925925925926,0.003762087318687112,0.12443778110944528,0.4063054304182081,-1.0,0.11762654320987653,97692.40000000002,-0.17329760367935143,6.0
bull_put,monthly,delta,0.2,3,47,0.8297872340425532,0.003124472518004305,0.15919629057187018,0.14685020834620233,-1.0,0.15192604771115412,97183.2,-0.26958000000000004,1.0
bull_call,two_week,otm_step,0.0,2,113,0.4778761061946903,0.0024268143831010125,-0.12698412698412445,0.2742300252904144,-1.0,-0.5225840707964602,62543.399999999994,-0.599882,1.0
bull_put,two_week,otm_step,2.0,5,106,0.7547169811320755,0.0008914048992717925,0.15687181860249885,0.09448891932281,-1.0,0.19430772686433068,91673.80000000005,-0.3968559999999999,1.0
bull_put,two_week,delta,0.15,3,107,0.8598130841121495,-0.0030484754377662683,0.08853410740203192,-0.3261868718409907,-1.0,0.08554410324877615,92757.8,-0.21422606464913407,6.0
bull_put,two_week,otm_step,2.0,3,109,0.7522935779816514,-0.004910572535617597,0.2057877813504823,-0.5352524063823181,-1.0,0.22636360856269117,83065.80000000002,-0.42313199999999984,1.0
bull_call,weekly,delta,0.4,1,211,0.36018957345971564,-0.005350420141527525,-1.0,-1.1289386498623077,-1.0,-0.3769952606635071,14548.600000000199,-0.8957355685574133,1.0
bull_put,two_week,delta,0.15,2,109,0.8623853211009175,-0.0058000202028414116,0.09769484083424806,-0.6322022021097139,-1.0,0.09634189602446484,89339.59999999999,-0.1827673608932343,6.0
bull_put,two_week,otm_step,3.0,3,109,0.7981651376146789,-0.008062897285946249,0.1398176291793313,-0.8788558041681411,-1.0,0.171480956352516,82888.39999999995,-0.3862479999999997,1.0
bull_call,weekly,otm_step,1.0,1,211,0.3886255924170616,-0.008715543690436985,-1.0,-1.8389797186822037,-1.0,-0.4543507109004739,13745.000000000138,-0.8932457034211072,1.0
bull_put,two_week,delta,0.1,1,107,0.9065420560747663,-0.009168481828069853,0.06837606837606844,-0.9810275556034743,-1.0,0.06727757009345794,86884.99999999991,-0.2326120630215427,6.0
bull_call,weekly,delta,0.6,3,210,0.4523809523809524,-0.010925870133157723,-0.4836901219424995,-2.294432727963122,-1.0,-0.4185904761904762,24941.600000000064,-0.7661379999999997,1.0
bull_put,two_week,delta,0.1,2,102,0.9019607843137255,-0.011733572782961813,0.062135190687956754,-1.1968244238621049,-1.0,0.06009803921568628,85460.59999999998,-0.28635034401445913,6.0
bull_put,two_week,delta,0.15,1,109,0.8715596330275229,-0.012307500742823847,0.10864745011086471,-1.3415175809677993,-1.0,0.10229541284403672,81792.79999999999,-0.3374561291437761,6.0
bull_put,two_week,otm_step,3.0,5,101,0.7821782178217822,-0.013576980824825878,0.10864745011086475,-1.3712750633074138,-1.0,0.15682321879246747,80544.4,-0.3689279999999999,1.0
bull_call,weekly,otm_step,0.0,3,210,0.43333333333333335,-0.013668815467662934,-0.5139784946236554,-2.870451248209216,-1.0,-0.40796507936507936,22930.200000000037,-0.7973139999999996,1.0
bull_call,two_week,delta,0.7,2,113,0.5752212389380531,-0.013989149047779056,0.16279069767441817,-1.5807738423990334,-1.0,-0.6728082595870205,62833.20000000013,-0.5602519999999995,1.0
bull_put,monthly,delta,0.3,5,47,0.7021276595744681,-0.015116052083610255,0.19731800766283522,-0.710454447929682,-1.0,0.20311631205673755,89362.4,-0.334302,1.0
bull_call,weekly,delta,0.7,3,211,0.4976303317535545,-0.015456540959677625,-0.050632911392405104,-3.2613301424919787,-1.0,-0.536050552922591,31973.20000000009,-0.6890519999999997,1.0
bull_put,two_week,delta,0.1,3,101,0.9108910891089109,-0.017048749218048675,0.051156271899089,-1.721923671022916,-1.0,0.05169273927392739,81444.40000000004,-0.3056270488472267,6.0
bull_put,two_week,delta,0.1,5,87,0.9080459770114943,-0.018561448579834963,0.04123281965847564,-1.6148460264456417,-1.0,0.04252988505747127,82851.99999999999,-0.28679428815999386,36.0
bull_put,two_week,delta,0.15,5,98,0.8673469387755102,-0.019031316247040225,0.06541701325448689,-1.865068992209942,-1.0,0.06818399359743899,79466.20000000001,-0.29941568466514223,6.0
bull_put,monthly,delta,0.15,5,43,0.813953488372093,-0.022097176784311008,0.08271979211779991,-0.9501786017253734,-1.0,0.09001173864894796,89384.59999999996,-0.19713800000000048,1.0
bull_put,monthly,delta,0.1,1,47,0.8723404255319149,-0.023318101756102827,0.09409190371991243,-1.0959507825368329,-1.0,0.08256879432624115,87420.99999999997,-0.23113752228934126,1.0
bull_put,two_week,delta,0.2,5,99,0.8181818181818182,-0.02677486687198322,0.09313511149978139,-2.6507118203263387,-1.0,0.09685350945350943,74824.79999999993,-0.2865513078783225,6.0
bull_put,monthly,otm_step,3.0,3,47,0.723404255319149,-0.026969073266007414,0.21199324324324367,-1.2675464435023485,-1.0,0.22864184397163118,82118.60000000002,-0.36924199999999996,1.0
bull_put,two_week,otm_step,2.0,2,111,0.7297297297297297,-0.027885254442595455,0.2008733624454137,-3.0952632431280955,-1.0,0.2364936936936937,62632.00000000007,-0.4220839999999997,1.0
bull_call,two_week,delta,0.6,1,113,0.5221238938053098,-0.028363695547188674,0.20192307692307715,-3.2050975968323203,-1.0,-0.6605486725663717,45000.800000000105,-0.5892219999999997,1.0
bull_put,two_week,otm_step,1.0,1,110,0.6181818181818182,-0.028619588552571854,0.392757660167131,-3.148154740782904,-1.0,0.32718181818181813,55309.000000000044,-0.5885619999999995,1.0
bull_put,two_week,otm_step,3.0,2,109,0.7798165137614679,-0.028824000619611267,0.15606936416184972,-3.1418160675376283,-1.0,0.18035881753312946,64167.200000000026,-0.4857699999999999,1.0
bull_call,weekly,delta,0.6,2,211,0.4597156398104265,-0.029756276316568228,-0.31972789115646266,-6.278574302795896,-1.0,-0.49574881516587677,19512.800000000105,-0.8048719999999989,1.0
bull_put,weekly,delta,0.1,3,184,0.8478260869565217,-0.031563638557454074,0.03842172358596364,-5.807709494571549,-1.0,0.04209530632411068,53501.80000000001,-0.5187499999999997,1.0
bull_put,monthly,otm_step,3.0,5,46,0.6956521739130435,-0.036355801200723216,0.14051308520236305,-1.672366855233268,-1.0,0.2057710344003822,80050.39999999998,-0.30096,1.0
bull_put,weekly,delta,0.1,2,191,0.8534031413612565,-0.0368961459302936,0.046025104602510504,-7.0471638726860775,-1.0,0.049467190226876095,46624.60000000009,-0.5738683178946833,1.0
bull_put,two_week,otm_step,3.0,1,107,0.7850467289719626,-0.038652697107905226,0.1547344110854505,-4.135838590545859,-1.0,0.1782803738317757,58011.00000000007,-0.4938319999999995,1.0
bull_put,weekly,delta,0.1,5,142,0.852112676056338,-0.03880420266402986,0.03135331083984666,-5.51019677829224,-1.0,0.03533903070597499,56516.79999999999,-0.49436000000000024,1.0
bull_call,weekly,otm_step,0.0,2,211,0.45023696682464454,-0.03944478891422124,-0.39618644067796577,-8.322850460900682,-1.0,-0.4841279620853081,15978.600000000111,-0.851199999999999,1.0
bull_call,monthly,delta,0.5,1,47,0.425531914893617,-0.0409622993478526,-1.0,-1.9252280693490722,-1.0,-0.6136340425531916,62712.39999999995,-0.4645360000000006,1.0
bull_call,two_week,otm_step,1.0,1,113,0.4336283185840708,-0.0427953712925762,-1.0,-4.83587695606111,-1.0,-0.5336106194690265,31359.999999999905,-0.732552000000001,1.0
bull_put,monthly,delta,0.15,1,47,0.8297872340425532,-0.0436756187188985,0.1389521640091117,-2.0527540797882295,-1.0,0.12730212765957447,77994.79999999996,-0.33632200000000023,1.0
bull_put,weekly,otm_step,1.0,3,200,0.66,-0.04504869005352377,0.1988767795096185,-9.009738010704755,-1.0,0.24574969696969695,32014.60000000007,-0.7301459999999993,1.0
bull_put,monthly,otm_step,1.0,5,47,0.6170212765957447,-0.047716055087659213,0.23213405618531296,-2.242654589119983,-1.0,0.2964189852700491,72695.00000000004,-0.4008379999999999,1.0
bull_put,two_week,otm_step,2.0,1,108,0.6944444444444444,-0.04876464912857243,0.2300141610486438,-5.266582105885822,-1.0,0.24405555555555555,48816.80000000009,-0.5118319999999992,1.0
bull_put,monthly,otm_step,2.0,5,46,0.6739130434782609,-0.049823450041916885,0.20919330810491132,-2.2918787019281766,-1.0,0.2542536231884059,74716.80000000005,-0.3661979999999997,1.0
bull_put,weekly,delta,0.15,5,154,0.7987012987012987,-0.05032743803225415,0.048437873735455106,-7.75042545696714,-1.0,0.05608233766233766,45356.59999999997,-0.5464340000000003,1.0
bull_put,weekly,delta,0.1,1,198,0.8484848484848485,-0.0508049364760573,0.057082452431289635,-10.059377422259345,-1.0,0.056416161616161635,33597.40000000002,-0.6693598839561476,1.0
bull_call,two_week,otm_step,0.0,1,113,0.5132743362831859,-0.05274913327807914,0.1752988047808838,-5.960652060422943,-1.0,-0.6420176991150442,36816.80000000013,-0.6318319999999987,1.0
bull_put,monthly,otm_step,3.0,2,47,0.723404255319149,-0.05412693410666318,0.2195121951219508,-2.5439659030131696,-1.0,0.2228581560283688,72190.00000000003,-0.3943119999999998,1.0
bull_put,weekly,delta,0.15,3,191,0.806282722513089,-0.054850267978613074,0.062322946175637405,-10.476401183915097,-1.0,0.06815816504612317,32414.600000000057,-0.6758539999999995,1.0
bull_put,weekly,delta,0.2,3,195,0.7743589743589744,-0.057291335602293346,0.0948905109489051,-11.171810442447203,-1.0,0.09880185592185592,30377.800000000076,-0.6962219999999992,1.0
bull_put,monthly,delta,0.15,2,47,0.8085106382978723,-0.05847556810130564,0.13378684807256236,-2.7483517007613654,-1.0,0.12337872340425532,72849.79999999999,-0.3931620000000001,1.0
bull_put,weekly,delta,0.15,2,196,0.8163265306122449,-0.05907331263587434,0.0746913366365222,-11.57836927663137,-1.0,0.07944591836734693,29088.400000000045,-0.7130663647378974,1.0
bull_put,weekly,otm_step,1.0,5,186,0.6344086021505376,-0.05927221406901762,0.1399918282391519,-11.024631816837278,-1.0,0.2017584780810587,28402.600000000086,-0.7176339999999992,1.0
bull_call,weekly,delta,0.7,2,211,0.5213270142180095,-0.059483909398107375,0.10011001100110008,-12.551104883000656,-1.0,-0.6275497630331754,15577.600000000071,-0.8442239999999993,1.0
bull_put,weekly,delta,0.2,5,161,0.7701863354037267,-0.059777592994064,0.0702054794520548,-9.624192472044305,-1.0,0.08079710144927536,37008.00000000004,-0.6299199999999996,1.0
bull_put,weekly,otm_step,1.0,2,208,0.6442307692307693,-0.06002442613033349,0.2114408147691585,-12.485080635109366,-1.0,0.2662644230769231,20769.20000000007,-0.8021179999999993,1.0
bull_put,monthly,delta,0.2,2,47,0.7446808510638298,-0.060638172512370685,0.1560693641618497,-2.849994108081422,-1.0,0.16332446808510637,72283.80000000003,-0.3382419999999998,1.0
bull_put,weekly,delta,0.3,3,199,0.7336683417085427,-0.060827193918919234,0.14416475972540047,-12.104611589864927,-1.0,0.16193526071918032,26176.40000000009,-0.7431016546607251,1.0
bull_put,weekly,otm_step,2.0,3,196,0.7193877551020408,-0.06141945718017109,0.11111354976910787,-12.038213607313534,-1.0,0.16958649173955295,25923.00000000005,-0.7563239999999994,1.0
bull_put,weekly,otm_step,2.0,2,200,0.72,-0.06334788665820383,0.14613218155259206,-12.669577331640767,-1.0,0.18852833333333335,22113.600000000035,-0.7849299999999996,1.0
bull_put,weekly,otm_step,2.0,5,169,0.7218934911242604,-0.06522944203796535,0.09075043630017453,-11.023775704416146,-1.0,0.1532904667981591,32748.600000000093,-0.6755299999999991,1.0
bull_put,weekly,delta,0.2,2,203,0.7733990147783252,-0.06564773273119318,0.10987791342952276,-13.326489744432214,-1.0,0.11151986863711003,23637.600000000006,-0.763624,1.0
bull_put,weekly,otm_step,3.0,5,156,0.7243589743589743,-0.06575727068851317,0.07342385060226037,-10.258134227408055,-1.0,0.12014891518737673,35183.60000000008,-0.6481639999999993,1.0
bull_call,monthly,delta,0.7,3,47,0.48936170212765956,-0.06641845055477395,-0.0013315579227697893,-3.121667176074376,-1.0,-0.68024861379755,63757.60000000002,-0.4579699999999999,1.0
bull_put,weekly,delta,0.3,5,180,0.7111111111111111,-0.06666350606228941,0.11333784188470669,-11.999431091212093,-1.0,0.13221340388007055,29633.40000000017,-0.706503523930637,1.0
bull_put,weekly,otm_step,3.0,2,194,0.7783505154639175,-0.06840590476200327,0.07009371478824855,-13.270745523828634,-1.0,0.13172680412371138,22418.80000000008,-0.7758119999999992,1.0
bull_put,weekly,otm_step,3.0,3,186,0.7580645161290323,-0.07067616624126394,0.0623229461756374,-13.145766920875094,-1.0,0.1251362007168459,24550.00000000008,-0.7544999999999992,1.0
bull_put,weekly,delta,0.3,2,207,0.714975845410628,-0.07090726709945944,0.16822429906542058,-14.677804289588103,-1.0,0.18213848631239937,19776.400000000027,-0.8022359999999997,1.0
bull_put,monthly,otm_step,2.0,3,47,0.6382978723404256,-0.07122373899124475,0.22050447518307567,-3.347515732588503,-1.0,0.26267527862208717,65957.40000000001,-0.3915519999999999,1.0
bull_put,weekly,delta,0.2,1,204,0.7745098039215687,-0.07687036807083501,0.132504283764788,-15.681555086450341,-1.0,0.131043137254902,16984.00000000009,-0.8301599999999991,1.0
bull_put,weekly,delta,0.15,1,198,0.8131313131313131,-0.07812460903187946,0.08459869848156187,-15.468672588312131,-1.0,0.08852929292929294,18557.60000000003,-0.8144239999999997,1.0
bull_call,monthly,delta,0.6,2,47,0.46808510638297873,-0.07889460320264947,-0.5436105476673434,-3.7080463505245254,-1.0,-0.6083829787234043,56359.59999999998,-0.5009480000000002,1.0
bull_call,monthly,delta,0.4,1,47,0.3191489361702128,-0.08074590492030966,-1.0,-3.795057531254554,-1.0,-0.5371418439716311,47023.79999999999,-0.5814492935196156,1.0
bull_put,weekly,otm_step,3.0,1,195,0.764102564102564,-0.08509456378772938,0.09170305676855894,-16.59343993860723,-1.0,0.13584615384615387,15615.600000000024,-0.8438439999999998,1.0
bull_put,weekly,otm_step,2.0,1,205,0.7073170731707317,-0.08734946137843089,0.16279069767441862,-17.906639582578332,-1.0,0.19076097560975608,13048.40000000004,-0.8695159999999996,1.0
bull_put,weekly,delta,0.3,1,206,0.6941747572815534,-0.08757892757530504,0.2135922330097087,-18.041259080512837,-1.0,0.20960194174757288,12543.800000000063,-0.8745619999999994,1.0
bull_put,weekly,otm_step,1.0,1,208,0.6057692307692307,-0.08970777138286186,0.2594458438287154,-18.659216447635266,-1.0,0.2907019230769231,10468.000000000047,-0.8971999999999996,1.0
long_put,monthly,delta,0.4,1,47,0.3404255319148936,-0.09119577849957433,-1.0,-4.286201589479994,-1.0,,44614.40000000007,-0.7659512122109657,6.0
bull_call,weekly,delta,0.5,1,211,0.4312796208530806,-0.09157035535519666,-1.0,-19.321344979946495,-1.0,-0.5047772511848341,5226.200000000028,-0.9481379999999997,1.0
bull_call,two_week,delta,0.7,1,113,0.5221238938053098,-0.09219317859961527,0.028806584362140036,-10.417829181756526,-1.0,-0.8313716814159293,27822.200000000128,-0.7217779999999987,1.0
bull_put,monthly,delta,0.3,3,47,0.6595744680851063,-0.09349731755818796,0.2285012285012286,-4.394373925234834,-1.0,0.2316085106382979,60687.399999999965,-0.4532600000000001,1.0
bull_put,monthly,otm_step,1.0,3,47,0.5957446808510638,-0.09637671455666041,0.2942191544434858,-4.52970558416304,-1.0,0.33290780141843973,57037.0,-0.5377379999999999,1.0
bull_put,monthly,delta,0.2,1,47,0.723404255319149,-0.09665520926530405,0.15366866635902168,-4.54279483546929,-1.0,0.15801134751773055,60317.40000000005,-0.4287679999999996,1.0
long_put,monthly,delta,0.3,1,47,0.2978723404255319,-0.10020554844040618,-1.0,-4.70966077669909,-1.0,,37456.99999999997,-0.8014908983759745,3.0
bull_call,weekly,delta,0.6,1,211,0.4881516587677725,-0.10488700251783116,-0.16095890410958846,-22.131157531262375,-1.0,-0.6175734597156398,5657.800000000019,-0.9434219999999998,1.0
long_put,two_week,delta,0.3,1,113,0.20353982300884957,-0.10634152811034665,-1.0,-12.016592676469172,-1.0,,5001.599999999947,-0.9717404250462465,5.0
bull_put,monthly,delta,0.3,1,47,0.6595744680851063,-0.11211503187762956,0.15740740740740786,-5.269406498248589,-1.0,0.23276595744680853,53573.59999999999,-0.5460240000000002,1.0
bull_call,monthly,delta,0.7,2,47,0.5106382978723404,-0.11217248216818855,0.0752688172043014,-5.2721066619048615,-1.0,-0.7637624113475175,51873.400000000016,-0.49192599999999986,1.0
bull_call,weekly,otm_step,0.0,1,211,0.47393364928909953,-0.1145686233325281,-0.13043478260869593,-24.17397952316343,-1.0,-0.6028815165876777,4391.00000000004,-0.9560899999999996,1.0
bull_put,monthly,otm_step,2.0,2,47,0.6170212765957447,-0.1175517390128101,0.23609394313967866,-5.524931733602075,-1.0,0.2785744680851064,52536.60000000004,-0.5365879999999996,1.0
bull_call,two_week,delta,0.5,1,113,0.39823008849557523,-0.12216174905069048,-1.0,-13.804277642728024,-1.0,-0.5462654867256638,14353.199999999964,-0.8564680000000003,1.0
bull_put,monthly,otm_step,1.0,2,47,0.5531914893617021,-0.13280245863017331,0.2738853503184711,-6.241715555618146,-1.0,0.32453191489361705,47206.6,-0.585892,1.0
long_put,two_week,delta,0.4,1,113,0.23893805309734514,-0.13355026953102897,-1.0,-15.091180457006272,-1.0,,7700.9999999999,-0.9604579301336148,5.0
bull_put,monthly,delta,0.3,2,47,0.6595744680851063,-0.13690541108963988,0.13765642775881684,-6.434554321213074,-1.0,0.22625531914893618,48489.39999999998,-0.5252180000000002,1.0
bull_put,monthly,otm_step,2.0,1,47,0.6170212765957447,-0.1372341536457365,0.23456790123456783,-6.450005221349615,-1.0,0.25963829787234044,47279.20000000004,-0.5616579999999995,1.0
bull_call,monthly,otm_step,1.0,1,47,0.425531914893617,-0.138133145980441,-1.0,-6.492257861080727,-1.0,-0.6754468085106383,41525.00000000003,-0.5847499999999997,1.0
bull_call,weekly,delta,0.7,1,211,0.5308056872037915,-0.14498755107116046,0.07296137339055775,-30.592373276014854,-1.0,-0.7820663507109006,4581.80000000003,-0.9541819999999996,1.0
bull_put,monthly,otm_step,3.0,1,47,0.6382978723404256,-0.15274897950698074,0.16009280742459397,-7.179202036828094,-1.0,0.21612765957446803,44795.600000000006,-0.553764,1.0
bull_put,monthly,otm_step,1.0,1,47,0.5531914893617021,-0.1694359418793809,0.1904761904761907,-7.963489268330903,-1.0,0.32072340425531914,39522.8,-0.61658,1.0
bull_call,monthly,otm_step,0.0,1,47,0.425531914893617,-0.17172748804118484,-0.2907801418439713,-8.071191937935687,-1.0,-0.7224680851063827,37949.8,-0.620502,1.0
bull_call,monthly,delta,0.6,1,47,0.425531914893617,-0.18301333959476113,-0.39759036144578197,-8.601626960953773,-1.0,-0.773063829787234,35957.00000000002,-0.6404299999999998,1.0
bull_call,monthly,delta,0.7,1,47,0.3829787234042553,-0.27798465150410534,-0.3827160493827164,-13.06527862069295,-1.0,-1.1049361702127662,24608.20000000001,-0.7539179999999999,1.0
