gate,dip,stop,is_on_days,is_on_rate,is_on_sharpe,is_bp_per_on_day,is_trades_per_on_day,is_sharpe,is_maxdd,is_cagr,is_win_rate,is_worst_day,is_yrs_pos
4.25,0.003,0.015,307,0.3101010101010101,1.5255987068657635,16.67875736791655,4.45928338762215,0.8478073787715903,-0.17628935420833325,0.12565806536863589,0.8283418553688824,-0.03127184518942479,3/5
4.25,0.0025,0.015,307,0.3101010101010101,1.3572796789238308,14.299333624774818,4.547231270358306,0.7547688893734945,-0.17797858256922416,0.10588200119015445,0.8452722063037249,-0.03127184518942479,3/5
5.0,0.003,0.03,191,0.19292929292929292,1.2755975389445884,17.628703032075013,4.392670157068062,0.5600136395748533,-0.19077064358708629,0.07657120145454366,0.8736591179976162,-0.06060000000000006,3/5
5.0,0.003,0.04,191,0.19292929292929292,1.2382939368588048,18.29117148096919,4.183246073298429,0.5437182459403572,-0.19990655118758627,0.07819809753030027,0.8760951188986232,-0.07790000000000019,3/5
3.0,0.003,0.015,625,0.6313131313131313,1.2371436246280887,12.210144008077734,4.2784,0.9821646977713141,-0.2891311632570195,0.19056037233348389,0.819371727748691,-0.03127184518942479,3/5
4.25,0.003,0.03,307,0.3101010101010101,1.2069303412204109,16.136896521205752,4.315960912052117,0.6715150498227486,-0.23303539942108664,0.11417745486209685,0.8732075471698113,-0.06060000000000017,3/5
5.0,0.0025,0.03,191,0.19292929292929292,1.1807967581194159,15.536934905094261,4.439790575916231,0.5185875622190274,-0.1854667633123226,0.06688061011607438,0.8879716981132075,-0.06060000000000006,3/5
3.0,0.0025,0.04,625,0.6313131313131313,1.126117038899098,13.345942223708523,4.0192,0.894192554990038,-0.40124404427947147,0.20130972391135415,0.8793789808917197,-0.08060000000000007,3/5
4.25,0.002,0.015,307,0.3101010101010101,1.1202802310798672,11.192382134631012,4.6547231270358305,0.6234764332972405,-0.2096995439296424,0.08058778432544811,0.8593421973407978,-0.03127184518942479,3/5
3.0,0.003,0.04,625,0.6313131313131313,1.099969427655248,13.417595111951766,3.8672,0.8734672432142786,-0.4668742824644624,0.20069323889701574,0.8568473314025652,-0.08060000000000007,3/5
4.25,0.005,0.015,307,0.3101010101010101,1.0891507657641795,13.681913821581826,3.9087947882736156,0.6062088262092106,-0.2114434573612659,0.0956046587100674,0.7416666666666667,-0.03127184518942479,3/5
3.0,0.003,0.03,625,0.6313131313131313,1.0867676173403107,12.70638000229452,3.9728,0.8630021295860602,-0.38685649350912754,0.19022375714795214,0.8538058799838905,-0.06060000000000017,3/5
2.5,0.003,0.015,742,0.7494949494949495,1.0859403135227892,10.434674512769798,4.1940700808625335,0.939742696053336,-0.3040526264923398,0.19102371944756968,0.8123393316195373,-0.03127184518942479,3/5
3.0,0.0025,0.03,625,0.6313131313131313,1.0785628424363591,12.18535197954948,4.1184,0.8564978480083736,-0.3613430076733992,0.18256838229012362,0.8749028749028749,-0.06060000000000017,3/5
3.0,0.004,0.015,625,0.6313131313131313,1.0619546918301512,11.273506779704114,3.9136,0.8433310741653209,-0.3527998040175998,0.16943820954584776,0.7694194603434178,-0.03127184518942479,3/5
4.25,0.0025,0.03,307,0.3101010101010101,1.0596488824312704,13.60890774238447,4.413680781758957,0.5898396030239251,-0.2568382422360299,0.0939269258263058,0.8878228782287823,-0.06060000000000017,3/5
4.25,0.004,0.015,307,0.3101010101010101,1.0441087158691806,12.226686258992737,4.166123778501628,0.5812153893867554,-0.24222319550838822,0.08539510648396353,0.777951524628616,-0.03127184518942479,3/5
2.5,0.003,0.04,742,0.7494949494949495,1.0371653722283896,12.101205606404914,3.7641509433962264,0.8975804193840177,-0.4842284900817976,0.21580448343027903,0.8478338703902614,-0.08060000000000007,3/5
3.0,0.005,0.015,625,0.6313131313131313,1.0108475408611364,11.308956534684395,3.5728,0.8028075163615865,-0.3111981651364215,0.16724259414360643,0.7304075235109718,-0.03127184518942479,3/5
2.5,0.0025,0.04,742,0.7494949494949495,1.0096561500277992,11.442059433388277,3.9258760107816713,0.8737979356176264,-0.4151172693699572,0.20296308384771855,0.8705801579128046,-0.08060000000000007,3/5
3.34,0.003,0.015,527,0.5323232323232323,1.002444334299406,10.210872364611472,4.3282732447817835,0.7310306754845793,-0.2903060761879337,0.1266332468838216,0.8198158702323542,-0.03127184518942479,3/5
2.5,0.003,0.03,742,0.7494949494949495,1.001452433459913,11.270225505087453,3.862533692722372,0.8667052117619948,-0.4072905172492729,0.19973630119408625,0.8440334961618982,-0.06060000000000017,3/5
4.25,0.003,0.04,307,0.3101010101010101,0.998046332730571,14.330441544578557,4.172638436482084,0.5556457929716805,-0.3016409102858786,0.09551260490028346,0.8750975800156128,-0.08060000000000007,4/5
3.0,0.0025,0.015,625,0.6313131313131313,0.9860645377812395,9.498966493696303,4.4032,0.7831533973567517,-0.294363960311689,0.14142159695846512,0.8393895348837209,-0.03127184518942479,3/5
3.0,0.004,0.03,625,0.6313131313131313,0.9804169460660538,12.116531197841796,3.5952,0.7786742873258321,-0.4113636739325206,0.17537424901464416,0.8099688473520249,-0.06115295220243684,3/5
3.34,0.003,0.03,527,0.5323232323232323,0.9754384297441687,11.780075408770184,4.0379506641366225,0.711371930695619,-0.3584921408871644,0.1421056216752139,0.8580827067669173,-0.06060000000000017,3/5
3.0,0.002,0.04,625,0.6313131313131313,0.9502859813899065,10.766870911655644,4.168,0.7547755675751888,-0.39713166873812344,0.155918929987781,0.8955854126679462,-0.08060000000000007,3/5
3.74,0.003,0.015,425,0.4292929292929293,0.9482206256642309,10.225061116332721,4.390588235294118,0.6210629089877466,-0.29592731213243784,0.09922081522191761,0.8236870310825295,-0.03127184518942479,3/5
3.34,0.0025,0.04,527,0.5323232323232323,0.9471496629888503,11.724915994785311,4.0493358633776095,0.6907762448071254,-0.3874607818096364,0.13967189001030067,0.880037488284911,-0.08060000000000007,3/5
2.5,0.0025,0.03,742,0.7494949494949495,0.9458341717601235,10.28294193870677,4.02156334231806,0.8186145705325649,-0.36227964803655166,0.17998322512493026,0.8656166219839142,-0.06060000000000017,3/5
2.5,0.002,0.04,742,0.7494949494949495,0.937144508941958,10.166826595714289,4.092991913746631,0.8111003119087343,-0.41344664022512057,0.1774044249732345,0.8913401382943694,-0.08060000000000007,3/5
3.34,0.0025,0.03,527,0.5323232323232323,0.935348732929154,10.909456834392735,4.16888045540797,0.6821836434567324,-0.3489681374677073,0.13074548586099977,0.8766499772416932,-0.06060000000000017,3/5
3.34,0.003,0.04,527,0.5323232323232323,0.9351550098701811,11.925956460026073,3.908918406072106,0.6820425836227204,-0.44026021925242376,0.1409528786621579,0.8597087378640776,-0.08060000000000007,3/5
3.0,0.004,0.04,625,0.6313131313131313,0.895582756616485,11.547721947848238,3.4816,0.7113794651979428,-0.5015580874269662,0.1615167789987595,0.8134191176470589,-0.08060000000000007,3/5
5.0,0.0025,0.04,191,0.19292929292929292,0.8907475748380259,13.056038445782457,4.2460732984293195,0.3915797083916358,-0.1947534363112784,0.05133353546168817,0.8914919852034525,-0.07840000000000014,3/5
5.0,0.004,0.03,191,0.19292929292929292,0.889004230634231,13.133741419608956,4.146596858638744,0.390815267442965,-0.264966482930837,0.051596626006382706,0.8396464646464646,-0.06115295220243684,2/5
2.5,0.002,0.03,742,0.7494949494949495,0.8700862240797933,9.018357762793997,4.184636118598383,0.7531066285052104,-0.4088267340174031,0.15514562953325095,0.886634460547504,-0.06060000000000017,3/5
3.0,0.002,0.03,625,0.6313131313131313,0.8699483484221062,9.375947714607978,4.2624,0.691040425948032,-0.40660490891586576,0.13358029735525712,0.8911411411411412,-0.06060000000000017,3/5
3.34,0.002,0.04,527,0.5323232323232323,0.865550222332074,10.23825342353258,4.191650853889943,0.6313507322592904,-0.38100026924441843,0.11974787476926041,0.8967858759619738,-0.08060000000000007,3/5
3.34,0.004,0.015,527,0.5323232323232323,0.8565147835585685,9.3685988565723,3.9962049335863377,0.6247691163447576,-0.3548326435504541,0.11104751903343213,0.7716049382716049,-0.03127184518942479,3/5
2.5,0.004,0.015,742,0.7494949494949495,0.846229909175778,8.679308679184217,3.769541778975741,0.7324726148589773,-0.3591426295854374,0.14876499995091308,0.7597425813371469,-0.03127184518942479,3/5
4.25,0.003,0.0221,307,0.3101010101010101,0.8455686830726752,10.694664526991593,4.3452768729641695,0.470937729132971,-0.21391441558634505,0.06995347607319502,0.8530734632683659,-0.04480000000000013,3/5
3.34,0.005,0.015,527,0.5323232323232323,0.824484489669319,9.541774598689642,3.698292220113852,0.6014352676124494,-0.28810954461165106,0.11100145932979788,0.7316572601334017,-0.03127184518942479,3/5
2.5,0.004,0.03,742,0.7494949494949495,0.8215928369739336,9.705231402444067,3.4380053908355794,0.7111619973675255,-0.4189988484701178,0.1613148589727209,0.7977263818110545,-0.06115295220243684,3/5
3.0,0.005,0.03,625,0.6313131313131313,0.8183072187340592,10.528879881290717,3.24,0.6500609557234132,-0.3653830283214966,0.1432271105650358,0.7723456790123456,-0.060607501875468886,3/5
3.0,0.0055,0.03,625,0.6313131313131313,0.8075425744162807,10.394692559382838,3.056,0.6415177709354017,-0.3490429096445806,0.1407904016098842,0.7570680628272252,-0.060607501875468886,3/5
4.25,0.004,0.03,307,0.3101010101010101,0.8028212840405019,11.329141583645841,4.003257328990228,0.44717284392915807,-0.2927464425011628,0.07105186661280749,0.8315703824247356,-0.06115295220243684,3/5
3.0,0.003,0.0221,625,0.6313131313131313,0.8003551468228445,8.918782883438992,4.1072,0.63581340412326,-0.39472324796090474,0.12370873807350913,0.8422282820412933,-0.04480000000000013,3/5
3.74,0.003,0.03,425,0.4292929292929293,0.796848852053784,10.304713713791399,4.181176470588236,0.5220740793859361,-0.3538110178875221,0.092276763920214,0.8655036578503095,-0.06060000000000017,3/5
3.0,0.0025,0.0221,625,0.6313131313131313,0.7957218863816751,8.504614180743689,4.272,0.6321360986557497,-0.37987648112378114,0.11856661369197474,0.8636704119850187,-0.04480000000000013,3/5
3.34,0.004,0.03,527,0.5323232323232323,0.7911233923462081,10.13213312277511,3.685009487666034,0.5771282895172574,-0.3734263823944771,0.11377575710002064,0.8146240988671473,-0.06115295220243684,3/5
3.0,0.002,0.015,625,0.6313131313131313,0.784999692178619,7.122764185348587,4.5296,0.6236259276494188,-0.3529559980119251,0.10144283699527779,0.858000706464147,-0.03127184518942479,3/5
3.74,0.0025,0.015,425,0.4292929292929293,0.7826345032572402,8.216940619427332,4.484705882352941,0.5127742661049993,-0.28493268713579867,0.07650707382087107,0.8426023084994754,-0.03127184518942479,3/5
2.5,0.0025,0.015,742,0.7494949494949495,0.7795516462158344,7.3082180027269334,4.3261455525606465,0.6747941835065294,-0.298511920961431,0.12399773212598353,0.8327102803738318,-0.03127184518942479,3/5
2.5,0.003,0.0221,742,0.7494949494949495,0.773517115018746,8.322854524903748,4.0,0.6695737041229605,-0.3845127680730748,0.1379752083554897,0.8338948787061995,-0.04480000000000013,3/5
3.74,0.0025,0.03,425,0.4292929292929293,0.7687008691314248,9.60229753636971,4.298823529411765,0.5036574289078168,-0.35719083788782724,0.08568289690479758,0.8839627805145046,-0.06060000000000017,3/5
2.5,0.004,0.04,742,0.7494949494949495,0.7669112620681237,9.403225666993027,3.334231805929919,0.6638588903204293,-0.5191941100554051,0.15162766172493414,0.8019401778496362,-0.08060000000000007,3/5
3.34,0.002,0.03,527,0.5323232323232323,0.7568431034047208,8.48253807173341,4.303605313092979,0.5521478638273256,-0.3907371726631529,0.09651023433272199,0.8928571428571429,-0.06060000000000017,3/5
4.25,0.0025,0.04,307,0.3101010101010101,0.7512365003190881,10.634003824480878,4.283387622149837,0.4184860237629938,-0.2881917577145682,0.06494236214274052,0.8912547528517111,-0.08060000000000007,3/5
5.0,0.0055,0.03,191,0.19292929292929292,0.7477932214718797,12.027014345987405,3.774869109947644,0.3288595478059039,-0.19514857665572483,0.04341174378640522,0.7877947295423023,-0.060607501875468886,3/5
2.5,0.005,0.015,742,0.7494949494949495,0.7475218896345197,8.043697987998803,3.417789757412399,0.6470843825890139,-0.3685086129199101,0.13228143174417561,0.7200315457413249,-0.03127184518942479,3/5
3.0,0.0055,0.015,625,0.6313131313131313,0.7424022640184077,8.431682138878134,3.3664,0.5898134201841924,-0.3779978544799336,0.11425268576695147,0.7105513307984791,-0.03127184518942479,3/5
4.25,0.002,0.03,307,0.3101010101010101,0.7342989756152136,9.09245378325787,4.521172638436482,0.40906486963176086,-0.2695005906039588,0.05725995583836596,0.899135446685879,-0.06060000000000017,3/5
3.74,0.0025,0.04,425,0.4292929292929293,0.7335829315421776,9.800685367992058,4.183529411764706,0.48067669071334385,-0.3817042169605688,0.08452651233108877,0.8886389201349831,-0.08060000000000007,3/5
3.34,0.0025,0.015,527,0.5323232323232323,0.7290611927444669,7.245321861614194,4.436432637571158,0.5319002211189934,-0.2931368768016802,0.08365625136917787,0.8378956372968349,-0.03127184518942479,3/5
2.5,0.0025,0.0221,742,0.7494949494949495,0.7082774226310753,7.317841052636423,4.171159029649596,0.6131302514829503,-0.36131885215457127,0.1190034393367232,0.8555735056542811,-0.04480000000000013,3/5
3.74,0.003,0.04,425,0.4292929292929293,0.7073690472185217,9.726869150723656,4.056470588235294,0.463520017779076,-0.4319365849417426,0.08211718039806315,0.8683294663573086,-0.08060000000000007,3/5
5.0,0.004,0.04,191,0.19292929292929292,0.6896730808512374,10.853728116964124,3.905759162303665,0.3033405827265709,-0.2295826654068268,0.03810814514009597,0.8431635388739946,-0.08060000000000007,2/5
3.34,0.004,0.04,527,0.5323232323232323,0.6762591800645144,9.106264903446156,3.5483870967741935,0.4934115322109763,-0.4759992922182672,0.09523418743420886,0.8171122994652407,-0.08060000000000007,3/5
2.5,0.002,0.015,742,0.7494949494949495,0.6733473403906565,5.97563379673631,4.46900269541779,0.5829065317446598,-0.379962526478302,0.0984749948443191,0.8546441495778045,-0.03127184518942479,3/5
3.34,0.003,0.0221,527,0.5323232323232323,0.6630014097157259,7.593429314275856,4.1878557874762805,0.48374638997283326,-0.33345362441006865,0.08264894215725849,0.8454916175804259,-0.04480000000000013,3/5
4.25,0.0025,0.0221,307,0.3101010101010101,0.6543934487207178,7.910389658830908,4.465798045602606,0.3646064092176835,-0.24487131507056392,0.048387964574095665,0.8679795769511306,-0.04480000000000013,3/5
4.25,0.002,0.04,307,0.3101010101010101,0.6539532627695669,8.797049534403625,4.407166123778501,0.3643614399901786,-0.27966510534180755,0.051820680797736385,0.9046563192904656,-0.08060000000000007,3/5
5.0,0.005,0.03,191,0.19292929292929292,0.6520794087285584,10.276698725945517,3.905759162303665,0.28682892220851053,-0.1893307719775531,0.03523260409431783,0.8029490616621984,-0.060607501875468886,3/5
2.5,0.005,0.03,742,0.7494949494949495,0.630852203345348,7.713393633376693,3.078167115902965,0.5461341970655303,-0.4019699637485006,0.11591475399031692,0.7596322241681261,-0.060607501875468886,3/5
4.25,0.0055,0.015,307,0.3101010101010101,0.6301683262415324,7.992161085819197,3.755700325732899,0.3511239596335815,-0.2557351171530473,0.047727064308240585,0.7189939288811795,-0.03127184518942479,3/5
3.0,0.005,0.04,625,0.6313131313131313,0.6259763743948009,8.43039608053137,3.1296,0.49737501403385853,-0.504291947967787,0.10208739345075113,0.7755623721881391,-0.08060000000000007,3/5
3.74,0.005,0.015,425,0.4292929292929293,0.6250670289843938,7.653652695430793,3.795294117647059,0.40964063947878154,-0.30472113759966113,0.06431432806279824,0.7334159950402975,-0.03127184518942479,3/5
3.34,0.0025,0.0221,527,0.5323232323232323,0.6187184209185843,6.789486884937317,4.337760910815939,0.4514599517978652,-0.3378562757853,0.07299909320913622,0.8643919510061242,-0.04480000000000013,3/5
3.34,0.005,0.03,527,0.5323232323232323,0.6111687839881536,8.192835332908393,3.3605313092979125,0.44595505904404503,-0.3348353558681083,0.08239873103522344,0.7763975155279503,-0.060607501875468886,3/5
3.74,0.004,0.015,425,0.4292929292929293,0.6030573928059682,6.962064932594605,4.070588235294117,0.3952286353244269,-0.36752139842329223,0.058733349886035846,0.7722543352601156,-0.03127184518942479,3/5
2.5,0.002,0.0221,742,0.7494949494949495,0.5955594155841912,5.865996259748209,4.32345013477089,0.5155920289083601,-0.3963379823908606,0.09130486813325,0.8765586034912718,-0.04480000000000013,3/5
3.34,0.0055,0.03,527,0.5323232323232323,0.5878798638417501,7.9064040011930805,3.1840607210626186,0.4289728271789643,-0.3155120682586545,0.0780543176439219,0.7592371871275327,-0.060607501875468886,3/5
5.0,0.007,0.04,191,0.19292929292929292,0.5876587729516476,10.252240437083918,3.099476439790576,0.25852553387033506,-0.2201943030725214,0.03154431244288691,0.7533783783783784,-0.08060000000000019,2/5
2.5,0.0055,0.03,742,0.7494949494949495,0.5859329798158147,7.158467476363823,2.8867924528301887,0.5072610313532336,-0.3783487470371839,0.10438650047877829,0.7436974789915967,-0.060607501875468886,3/5
3.34,0.002,0.015,527,0.5323232323232323,0.5822936834474267,5.471128715216893,4.557874762808349,0.42489920145003157,-0.3492191710032714,0.0600729017870032,0.8563696919233972,-0.03127184518942479,3/5
5.0,0.003,0.015,191,0.19292929292929292,0.5795367659889663,6.802358176880619,4.4188481675392675,0.254956349898887,-0.19591277355449466,0.02491407964561021,0.8139810426540285,-0.03127184518942479,2/5
5.0,0.003,0.0221,191,0.19292929292929292,0.5777391628973191,7.768581592958236,4.329842931937173,0.25416637831307526,-0.18543501789625094,0.026953161438632023,0.848851269649335,-0.04480000000000013,2/5
3.0,0.0055,0.04,625,0.6313131313131313,0.5692326284143224,7.717314369553442,2.9392,0.4523112371927518,-0.4878900063003251,0.08917707949686782,0.7610234077299945,-0.08060000000000007,3/5
3.74,0.002,0.04,425,0.4292929292929293,0.5682802755416205,7.238749986520982,4.310588235294118,0.37245379507958715,-0.38228487585626847,0.05728239995902151,0.9028384279475983,-0.08060000000000007,3/5
4.25,0.005,0.03,307,0.3101010101010101,0.5656055507679273,8.460116197749555,3.7198697068403908,0.3151835609240974,-0.20296804373905886,0.044848035033020484,0.7950963222416813,-0.060607501875468886,3/5
3.0,0.002,0.0221,625,0.6313131313131313,0.5649467974797225,5.742337705511549,4.4048,0.4489073215827046,-0.40189438863334925,0.07289101245368279,0.8801307664366146,-0.04480000000000013,3/5
3.74,0.003,0.0221,425,0.4292929292929293,0.5554904934579121,6.774524766883561,4.32,0.3640772416430977,-0.3388753084253231,0.05419603685725982,0.8507625272331155,-0.04480000000000013,3/5
3.34,0.0055,0.015,527,0.5323232323232323,0.5420744579937632,6.371884916898038,3.5009487666034156,0.3955678874253238,-0.3560713559753008,0.06405802944795047,0.7111111111111111,-0.03127184518942479,3/5
3.74,0.002,0.015,425,0.4292929292929293,0.5259927571960131,5.215685090268194,4.607058823529412,0.34475643418140706,-0.3033698238474346,0.04384781196105281,0.8585291113381001,-0.03127184518942479,3/5
3.74,0.002,0.03,425,0.4292929292929293,0.5116803863242341,6.1225283255804515,4.423529411764706,0.3353811908430645,-0.40700406128024,0.04746224658838205,0.8978723404255319,-0.06060000000000017,3/5
3.74,0.0025,0.0221,425,0.4292929292929293,0.501223618793903,5.863606293226251,4.451764705882353,0.32853124404308187,-0.35155892896835383,0.0455612128155547,0.86892177589852,-0.04480000000000013,3/5
4.25,0.002,0.0221,307,0.3101010101010101,0.5007165230517594,5.721788926780848,4.5732899022801305,0.2790506597843698,-0.21690238885352808,0.03221696011007813,0.8824786324786325,-0.04480000000000013,3/5
2.5,0.0055,0.015,742,0.7494949494949495,0.49847678651194427,5.427779433087417,3.2129380053908356,0.43156775531496805,-0.4283432885952533,0.07706376495081613,0.7000838926174496,-0.03127184518942479,3/5
3.0,0.004,0.0221,625,0.6313131313131313,0.4919833519395194,5.878258428167174,3.7344,0.39095257116902077,-0.5536553744844628,0.06675452636355517,0.7930591259640103,-0.04480000000000013,3/5
3.74,0.004,0.03,425,0.4292929292929293,0.4835235905370852,6.63931172761014,3.8423529411764705,0.31693587799803713,-0.3828895905111812,0.046851226283629144,0.8211879975505205,-0.06115295220243684,3/5
2.5,0.005,0.04,742,0.7494949494949495,0.473573411187611,6.038606272967502,2.977088948787062,0.4100120234034737,-0.5324960745580544,0.077694112680746,0.7636939791760978,-0.08060000000000007,3/5
5.0,0.002,0.03,191,0.19292929292929292,0.4663636547280575,6.136967532141401,4.492146596858639,0.20520702083910328,-0.19453704950635486,0.01927640079867543,0.8939393939393939,-0.06060000000000006,2/5
5.0,0.002,0.04,191,0.19292929292929292,0.45907525421353335,6.622531586702568,4.31413612565445,0.20200220678775124,-0.21816392029702636,0.019415329057404174,0.8992718446601942,-0.07890000000000008,2/5
3.34,0.002,0.0221,527,0.5323232323232323,0.4466428705993879,4.678019244008783,4.461100569259962,0.32595719294492526,-0.34095200716134455,0.0449635952968801,0.8809017439387494,-0.04480000000000013,3/5
4.25,0.004,0.04,307,0.3101010101010101,0.4375371209504846,6.641248708574155,3.8338762214983713,0.24386044909194507,-0.35765261469442267,0.02928375379936199,0.8351741716227697,-0.08060000000000007,3/5
5.0,0.005,0.015,191,0.19292929292929292,0.4083165239225507,5.4473843380029585,3.979057591623037,0.17968008631712998,-0.20112712114098819,0.015736979485646563,0.7342105263157894,-0.03127184518942479,2/5
4.25,0.0055,0.03,307,0.3101010101010101,0.3963423627274261,5.934454354987862,3.57328990228013,0.22091104843630205,-0.2201156296527742,0.024406491928272045,0.7766636280765725,-0.060607501875468886,3/5
5.0,0.0025,0.015,191,0.19292929292929292,0.39176542217048405,4.477335081805025,4.481675392670157,0.172400430873174,-0.19967196054549397,0.013843357167411474,0.8294392523364486,-0.03127184518942479,2/5
2.5,0.0055,0.04,742,0.7494949494949495,0.390739916279522,5.00783177346606,2.780323450134771,0.3383082064820709,-0.5132737293700624,0.05655472274051032,0.7484246243334949,-0.08060000000000007,3/5
3.34,0.005,0.04,527,0.5323232323232323,0.38873612165339516,5.488689483819101,3.2296015180265654,0.2837099620858502,-0.47861172394516993,0.04026891251823961,0.7784958871915394,-0.08060000000000007,3/5
2.5,0.004,0.0221,742,0.7494949494949495,0.3705032321132045,4.246217611525962,3.5768194070080863,0.3207894551571048,-0.557066920142117,0.04986401314617672,0.7825923134890731,-0.04480000000000013,3/5
5.0,0.0055,0.04,191,0.19292929292929292,0.3679143468167472,6.272421252437377,3.5287958115183247,0.16190923840439478,-0.24658760925497436,0.012620080959152347,0.7908011869436202,-0.08060000000000007,3/5
3.74,0.004,0.04,425,0.4292929292929293,0.3473495431079308,5.038308321321847,3.6988235294117646,0.22770691504166415,-0.4712171067146418,0.025710081139661334,0.8256997455470738,-0.08060000000000007,3/5
5.0,0.0025,0.0221,191,0.19292929292929292,0.34617172022068055,4.4689024420601,4.424083769633508,0.15234469745209644,-0.18662661585565743,0.011504209490911022,0.8615384615384616,-0.04480000000000013,2/5
3.34,0.0055,0.04,527,0.5323232323232323,0.34061862011191335,4.84186220962897,3.0455407969639468,0.2486006385579263,-0.46263075321195746,0.030850085326108,0.7626168224299066,-0.08060000000000007,3/5
3.74,0.0055,0.015,425,0.4292929292929293,0.3273588041755869,4.058258205940115,3.6282352941176472,0.21460516006132974,-0.37558068080629925,0.02324241056262233,0.7127107652399481,-0.03127184518942479,3/5
3.74,0.005,0.03,425,0.4292929292929293,0.29590569713133985,4.266084838000623,3.538823529411765,0.1939899014989683,-0.3457005321076053,0.017707066079019507,0.7839095744680851,-0.060607501875468886,3/5
3.0,0.005,0.0221,625,0.6313131313131313,0.2919723839078872,3.6421862748112717,3.3952,0.23204131870585404,-0.5456217445564802,0.026909701632896965,0.7544769085768144,-0.04480000000000013,3/5
5.0,0.007,0.03,191,0.19292929292929292,0.2883361810256993,4.937421812534224,3.329842931937173,0.12689968537838633,-0.18935330099678427,0.005986230421727079,0.7468553459119497,-0.060607501875468886,2/5
3.0,0.007,0.04,625,0.6313131313131313,0.27161749010099984,3.7036539041635343,2.4496,0.2158663413357075,-0.5681530755605502,0.02142325047639515,0.7119529719137818,-0.08060000000000019,3/5
3.74,0.002,0.0221,425,0.4292929292929293,0.26123054741156243,2.902597844690325,4.562352941176471,0.1712613162189047,-0.3406807701609238,0.014489895123525276,0.8839608045384219,-0.04480000000000013,3/5
3.74,0.0055,0.03,425,0.4292929292929293,0.25985400819425986,3.754341152786865,3.378823529411765,0.17035900332260953,-0.3266345392316614,0.01198292151793634,0.766016713091922,-0.060607501875468886,3/5
3.34,0.004,0.0221,527,0.5323232323232323,0.2520455372329827,3.1071463290058023,3.840607210626186,0.18396451434595598,-0.4899675261736761,0.0159241244400401,0.7964426877470355,-0.04480000000000013,3/5
5.0,0.005,0.04,191,0.19292929292929292,0.2191295380045916,3.6969970126881733,3.670157068062827,0.09644658929473018,-0.25205145039541943,0.0003871789529941161,0.8045649072753209,-0.08060000000000007,2/5
3.0,0.0055,0.0221,625,0.6313131313131313,0.18242026741848313,2.295931688400148,3.1984,0.1449816950710602,-0.5823678071973999,0.004604834031867622,0.7388694347173587,-0.04480000000000013,3/5
5.0,0.004,0.015,191,0.19292929292929292,0.17021210385931332,2.1411697505432596,4.183246073298429,0.07491860876165146,-0.27527140787351656,0.0007328114578288858,0.7672090112640801,-0.03127184518942479,2/5
3.0,0.007,0.03,625,0.6313131313131313,0.16070262751341025,2.1478104863659127,2.5712,0.12772191858810047,-0.5646898897181241,-0.0019551399394224234,0.7075295581829496,-0.060607501875468886,3/5
4.25,0.004,0.0221,307,0.3101010101010101,0.15564013538118565,2.1203763659024193,4.019543973941368,0.08676563830605001,-0.3704125247094717,-0.0018060599141882516,0.8063209076175041,-0.04480000000000013,3/5
2.5,0.005,0.0221,742,0.7494949494949495,0.15139505349845683,1.8011944499371961,3.22911051212938,0.1310884668107514,-0.5654702095216617,0.00014157946771353735,0.7441569282136895,-0.04480000000000013,3/5
2.5,0.007,0.04,742,0.7494949494949495,0.14376903387549475,1.8504456400656806,2.3086253369272236,0.12448546305363992,-0.5687997596345784,-0.00490748399150065,0.7005253940455342,-0.08060000000000019,3/5
5.0,0.002,0.0221,191,0.19292929292929292,0.11971231874275927,1.4751000066114632,4.49738219895288,0.05269244393401686,-0.18583521961637905,-0.0021915878435364577,0.8742724097788126,-0.04480000000000013,2/5
5.0,0.0055,0.015,191,0.19292929292929292,0.11799328453864501,1.6174275517611636,3.842931937172775,0.05193582987067807,-0.2696786845539617,-0.0035764968467612013,0.7125340599455041,-0.03127184518942479,2/5
4.25,0.005,0.04,307,0.3101010101010101,0.06867362580554814,1.1036810355788624,3.560260586319218,0.03828492303834394,-0.3626551977883936,-0.016958677669866473,0.797804208600183,-0.08060000000000007,3/5
5.0,0.0085,0.04,191,0.19292929292929292,0.06261301197255185,1.0997321085472502,2.680628272251309,0.027560137060494528,-0.2269029892816945,-0.013535036255506894,0.71484375,-0.08060000000000007,2/5
3.74,0.005,0.04,425,0.4292929292929293,0.05605039558070402,0.853649860392055,3.395294117647059,0.03674904743864799,-0.48821695333615833,-0.02250778001196896,0.7879417879417879,-0.08060000000000007,3/5
3.34,0.005,0.0221,527,0.5323232323232323,0.04986742397712289,0.6448753353639207,3.5332068311195446,0.036399601122084416,-0.5188650284209531,-0.019548290080548703,0.757250268528464,-0.04480000000000013,3/5
3.34,0.007,0.04,527,0.5323232323232323,0.0467859682023933,0.6681729668015715,2.5578747628083494,0.034150371453002565,-0.5198418405883177,-0.025565160283403388,0.7136498516320475,-0.08060000000000019,3/5
2.5,0.007,0.03,742,0.7494949494949495,0.03544689943007334,0.44803669076354935,2.421832884097035,0.030692745195378228,-0.5654425510359662,-0.02943146495102633,0.6956037840845855,-0.060607501875468886,3/5
5.0,0.002,0.015,191,0.19292929292929292,0.03068400961880483,0.33584339556189813,4.570680628272251,0.013506131379898898,-0.2303370603492445,-0.0056933420990823436,0.8396334478808706,-0.03127184518942479,2/5
2.5,0.0055,0.0221,742,0.7494949494949495,0.01427915294243338,0.17114851565247577,3.024258760107817,0.012364032948229856,-0.590569929417291,-0.03064910680279287,0.7277183600713012,-0.04480000000000013,3/5
3.74,0.0055,0.04,425,0.4292929292929293,-0.0011546685944280805,-0.01768730040888818,3.228235294117647,-0.0007570530369692946,-0.47086983415829897,-0.032001549327578815,0.771865889212828,-0.08060000000000007,3/5
5.0,0.01,0.04,191,0.19292929292929292,-0.016007218290488588,-0.284530879584622,2.3717277486910993,-0.007045879415230461,-0.26350844012963903,-0.020590253073877185,0.6710816777041942,-0.08060000000000019,2/5
3.0,0.007,0.015,625,0.6313131313131313,-0.035919665828405806,-0.4163575701496358,2.8416,-0.028548451117948667,-0.5713347546653362,-0.0329581950165011,0.6542792792792793,-0.03141126594576922,2/5
4.25,0.0055,0.04,307,0.3101010101010101,-0.042255345944132536,-0.6816473781730842,3.403908794788274,-0.023557066619918847,-0.3518632631450954,-0.030734421570369985,0.7818181818181819,-0.08060000000000007,3/5
5.0,0.004,0.0221,191,0.19292929292929292,-0.04798807203469558,-0.6945364532358783,4.0785340314136125,-0.02112278653555027,-0.3291876330878598,-0.016123756565323277,0.8074454428754814,-0.04480000000000013,2/5
3.74,0.004,0.0221,425,0.4292929292929293,-0.05668573186574554,-0.7458476768237997,3.9623529411764706,-0.037165598181689546,-0.484770403162443,-0.03131151368566076,0.8004750593824228,-0.04480000000000013,3/5
3.34,0.0055,0.0221,527,0.5323232323232323,-0.05826622498530322,-0.7606012485269531,3.3434535104364325,-0.0425300805311551,-0.528830012301106,-0.03836842227090109,0.7395005675368899,-0.04480000000000013,3/5
5.0,0.007,0.0221,191,0.19292929292929292,-0.07730407572219376,-1.2682285019779937,3.2931937172774868,-0.03402653546885477,-0.2839956625562049,-0.022380484149831514,0.7138314785373608,-0.04480000000000024,2/5
3.34,0.007,0.03,527,0.5323232323232323,-0.08730960365343304,-1.2200500188720669,2.700189753320683,-0.06372937116842742,-0.5229024297762493,-0.048419470460907554,0.7090653548840478,-0.060607501875468886,3/5
3.0,0.007,0.0221,625,0.6313131313131313,-0.11309857978304245,-1.4552819096199965,2.6832,-0.08988842168048361,-0.6090344934470147,-0.05492051795914166,0.6911150864639237,-0.04480000000000024,3/5
4.25,0.005,0.0221,307,0.3101010101010101,-0.153875697754825,-2.2231435911624393,3.755700325732899,-0.08578207102860096,-0.42746996858839637,-0.03725724986705681,0.766695576756288,-0.04480000000000013,3/5
3.0,0.0085,0.04,625,0.6313131313131313,-0.19409911460450677,-2.6155809695702743,2.0528,-0.1542631659507878,-0.5942127359638981,-0.07538432949551876,0.6742010911925176,-0.08060000000000007,3/5
2.5,0.007,0.015,742,0.7494949494949495,-0.20944712173413194,-2.323214134737545,2.6954177897574123,-0.18135213266610953,-0.6026759710207396,-0.0704988263633416,0.6455,-0.03141126594576922,2/5
4.25,0.007,0.04,307,0.3101010101010101,-0.22133320770768908,-3.6191616594764353,2.9087947882736156,-0.12338375284470456,-0.4025780548191169,-0.05340416791653546,0.7323628219484882,-0.08060000000000019,3/5
2.5,0.0085,0.04,742,0.7494949494949495,-0.22773333454399153,-2.8917011688085172,1.9393530997304582,-0.197184669998102,-0.5989628905344371,-0.08913855306681617,0.6671299513551077,-0.08060000000000007,2/5
4.25,0.007,0.015,307,0.3101010101010101,-0.23663471686712872,-3.1230376582841552,3.250814332247557,-0.1319124174053132,-0.3943345647448352,-0.04062017704871568,0.656312625250501,-0.03127184518942479,3/5
2.5,0.007,0.0221,742,0.7494949494949495,-0.24035739939329673,-2.9356782010942166,2.526954177897574,-0.2081147021963334,-0.612875593901082,-0.08706980852179369,0.68,-0.04480000000000024,2/5
5.0,0.007,0.015,191,0.19292929292929292,-0.26882251957025005,-3.9023221806373267,3.3821989528795813,-0.11831359468094599,-0.3305936005903104,-0.03128868749246283,0.6594427244582043,-0.03127184518942479,2/5
3.74,0.007,0.04,425,0.4292929292929293,-0.29577402838045846,-4.555408230808475,2.724705882352941,-0.1939035992219557,-0.5392730158845194,-0.0786991927657652,0.7193436960276338,-0.08060000000000019,3/5
3.74,0.005,0.0221,425,0.4292929292929293,-0.30183910530083824,-4.185285615980781,3.68,-0.19787892970778329,-0.5253806410560483,-0.06907548029212829,0.7608695652173914,-0.04480000000000013,2/5
3.34,0.007,0.015,527,0.5323232323232323,-0.3198148070764671,-3.834733476879072,2.9791271347248576,-0.23341994812538458,-0.5326854908520137,-0.07287908079833472,0.6528662420382165,-0.03127184518942479,3/5
4.25,0.007,0.03,307,0.3101010101010101,-0.3412917998442926,-5.402717540835608,3.0879478827361564,-0.19023788393658606,-0.4175502029668414,-0.06485355819909522,0.7236286919831224,-0.060607501875468886,3/5
3.34,0.007,0.0221,527,0.5323232323232323,-0.3478691933630176,-4.638794590438378,2.8311195445920303,-0.2538912943520928,-0.553634567687078,-0.08824581037061097,0.6910187667560321,-0.04480000000000024,3/5
2.5,0.01,0.04,742,0.7494949494949495,-0.3595309810185359,-4.559997595407762,1.6725067385444743,-0.31129069129320136,-0.6501521424660143,-0.11731680109792775,0.6261079774375503,-0.08060000000000019,1/5
3.0,0.01,0.04,625,0.6313131313131313,-0.371793780436673,-4.998589673962318,1.7696,-0.2954668845256379,-0.6382728880891545,-0.10963614632287821,0.6338155515370705,-0.08060000000000019,2/5
4.25,0.0055,0.0221,307,0.3101010101010101,-0.38071700848132883,-5.5155939664372715,3.6058631921824102,-0.2122054144424257,-0.4375348962048565,-0.061816883882534035,0.7470641373080398,-0.04480000000000013,3/5
3.34,0.0085,0.04,527,0.5323232323232323,-0.3940886681454182,-5.581326726121673,2.1688804554079697,-0.2876152728017572,-0.5503906786375483,-0.1033652707084387,0.673665791776028,-0.08060000000000007,3/5
5.0,0.0055,0.0221,191,0.19292929292929292,-0.39759670420801385,-6.21459045991919,3.74869109947644,-0.1749652511219586,-0.3905788491317703,-0.04417862475183021,0.75,-0.04480000000000013,2/5
3.74,0.0055,0.0221,425,0.4292929292929293,-0.43387538035900447,-6.064257365705836,3.510588235294118,-0.28440759254329867,-0.5398224405953737,-0.08819408863498623,0.7419571045576407,-0.04480000000000013,2/5
3.74,0.007,0.03,425,0.4292929292929293,-0.4616608305206509,-6.9487356739554205,2.8823529411764706,-0.3026125583541047,-0.5321743052533745,-0.10084165643148413,0.7118367346938775,-0.060607501875468886,3/5
3.0,0.0085,0.03,625,0.6313131313131313,-0.4747200036456278,-6.295288114084534,2.1616,-0.3772389327217055,-0.642273465655927,-0.12686579817743182,0.6617320503330866,-0.06060000000000017,2/5
2.5,0.0085,0.03,742,0.7494949494949495,-0.49194873812701423,-6.160240759366629,2.0377358490566038,-0.4259173173540426,-0.6617522132443565,-0.14267966648782093,0.6547619047619048,-0.06060000000000017,2/5
5.0,0.005,0.0221,191,0.19292929292929292,-0.4928245782271852,-7.553562404054454,3.8743455497382198,-0.21684137190168878,-0.39916983899362724,-0.04983893720200305,0.7648648648648648,-0.04480000000000013,2/5
5.0,0.0085,0.03,191,0.19292929292929292,-0.49535539922045374,-8.544701254416026,2.8900523560209423,-0.21795404896652323,-0.3045817456480958,-0.0580566397893757,0.6992753623188406,-0.06060000000000017,2/5
4.25,0.007,0.0221,307,0.3101010101010101,-0.5594850463649576,-8.420773188695382,3.1009771986970684,-0.31177585712043343,-0.4616303930185818,-0.08437083463597339,0.6964285714285714,-0.04480000000000024,3/5
3.74,0.007,0.015,425,0.4292929292929293,-0.5749068873088021,-7.285297969648744,3.108235294117647,-0.37679367286402327,-0.5010019683647948,-0.0957294031029462,0.6487509462528388,-0.03127184518942479,3/5
3.34,0.01,0.04,527,0.5323232323232323,-0.6003545563121424,-8.485251081762556,1.872865275142315,-0.43806951129474864,-0.5967642146332094,-0.13751974563923985,0.630192502532928,-0.08060000000000019,2/5
2.5,0.01,0.03,742,0.7494949494949495,-0.615381259086626,-7.600094526717857,1.7587601078167117,-0.5327459773000227,-0.7058330751929724,-0.16482924714401204,0.6160919540229886,-0.06060000000000028,1/5
3.0,0.01,0.03,625,0.6313131313131313,-0.6484800726604587,-8.46508259784958,1.8624,-0.5152447038587068,-0.6944345526039266,-0.15557062090174645,0.6237113402061856,-0.06060000000000028,2/5
4.25,0.0085,0.04,307,0.3101010101010101,-0.6496744930064408,-10.552613482977481,2.498371335504886,-0.36198021858636725,-0.44501367185684737,-0.10298411720162781,0.6883963494132985,-0.08060000000000007,1/5
3.34,0.0085,0.03,527,0.5323232323232323,-0.6990133190990899,-9.716762188765134,2.2903225806451615,-0.5099985592983678,-0.5981978298409043,-0.15062403529643653,0.6619718309859155,-0.06060000000000017,3/5
3.0,0.0085,0.015,625,0.6313131313131313,-0.7038400325489264,-8.090267646382193,2.4096,-0.55919986749462,-0.6745824847833413,-0.1436675837565493,0.602257636122178,-0.03137787571617463,2/5
3.0,0.0085,0.0221,625,0.6313131313131313,-0.7060243029660777,-9.006318406020648,2.28,-0.5609340023752588,-0.682381763208175,-0.16138636477003632,0.6428070175438596,-0.04549999999999994,2/5
2.5,0.0085,0.0221,742,0.7494949494949495,-0.7224546521855822,-8.73731144396867,2.146900269541779,-0.6253966580072734,-0.7040386805573696,-0.18123007523717394,0.6359070935342122,-0.04549999999999994,1/5
3.74,0.007,0.0221,425,0.4292929292929293,-0.7342160484201025,-10.498577179374507,2.981176470588235,-0.48109103068598513,-0.5623918467900108,-0.1319902273990593,0.6906077348066298,-0.04480000000000024,2/5
3.74,0.0085,0.04,425,0.4292929292929293,-0.7585833689613158,-11.627394969363227,2.324705882352941,-0.4970370878086407,-0.5642523426777761,-0.14628661545056088,0.6761133603238867,-0.08060000000000007,1/5
5.0,0.01,0.03,191,0.19292929292929292,-0.7588983826072271,-13.145142931672899,2.554973821989529,-0.33373432926750424,-0.3830624884449665,-0.07904706132587824,0.6557377049180327,-0.06060000000000028,1/5
2.5,0.0085,0.015,742,0.7494949494949495,-0.7798938717211789,-8.566751635513489,2.284366576819407,-0.675090240965939,-0.7080136659989427,-0.17339843517832254,0.5976401179941003,-0.03137787571617463,2/5
4.25,0.01,0.04,307,0.3101010101010101,-0.8258060983087961,-13.472064572204411,2.182410423452769,-0.45995182220807435,-0.4781639708080617,-0.1234356521848875,0.6432835820895523,-0.08060000000000019,1/5
5.0,0.0085,0.0221,191,0.19292929292929292,-0.8893629572740844,-14.610898735096129,2.9162303664921465,-0.3909725668216882,-0.3963628868931496,-0.0838162701880879,0.6606822262118492,-0.04549999999999994,2/5
3.34,0.01,0.03,527,0.5323232323232323,-0.9228790339188386,-12.646565837680095,1.9753320683111955,-0.6731035180963815,-0.6553958996424236,-0.18262907088232505,0.6205571565802114,-0.06060000000000028,2/5
3.34,0.0085,0.0221,527,0.5323232323232323,-0.929010948786431,-12.33993074862357,2.428842504743833,-0.6775686995408456,-0.6379142256928065,-0.17753817753581969,0.640625,-0.04549999999999994,2/5
2.5,0.01,0.0221,742,0.7494949494949495,-0.9365773562331617,-11.269861778952086,1.8342318059299192,-0.8106098685469584,-0.7679149318445916,-0.2192175405208897,0.5878030859662013,-0.04500567290808251,1/5
5.0,0.0085,0.015,191,0.19292929292929292,-0.941955649866539,-13.774810660975024,3.0,-0.4140287997226264,-0.4231592788047679,-0.07684782913415233,0.6073298429319371,-0.03137787571617463,2/5
4.25,0.0085,0.015,307,0.3101010101010101,-0.9484432409903343,-12.521501023578054,2.8338762214983713,-0.5280999297095422,-0.4936681633697608,-0.10855089499481962,0.6011494252873564,-0.03137787571617463,2/5
3.34,0.0085,0.015,527,0.5323232323232323,-0.9526838441639859,-11.369723698653985,2.554079696394687,-0.6948056597103802,-0.6329564513158435,-0.16180603542894978,0.5988112927191679,-0.03137787571617463,3/5
3.0,0.01,0.0221,625,0.6313131313131313,-0.9753078207928637,-12.346957864168253,1.944,-0.7746221416935914,-0.7569320941596496,-0.20442280763980192,0.594238683127572,-0.04500567290808251,2/5
4.25,0.0085,0.03,307,0.3101010101010101,-1.0173759596218155,-16.112766937057923,2.6579804560260585,-0.5663770249035173,-0.4986309467652664,-0.1399797031676404,0.6703431372549019,-0.06060000000000017,2/5
3.74,0.01,0.04,425,0.4292929292929293,-1.0370631735992064,-15.84053430554066,2.0047058823529413,-0.6791170898485593,-0.6139953061283294,-0.18418256824979573,0.6291079812206573,-0.08060000000000019,0/5
3.0,0.01,0.015,625,0.6313131313131313,-1.0419362841062436,-11.8748924120316,2.064,-0.8274593297366998,-0.7376448289465527,-0.1933707017958345,0.5550387596899224,-0.03137787571617463,1/5
2.5,0.01,0.015,742,0.7494949494949495,-1.0542117889425127,-11.505141044659112,1.9595687331536389,-0.9123165059853791,-0.7703585915215576,-0.21775738100706454,0.5495185694635488,-0.03137787571617463,1/5
3.74,0.0085,0.03,425,0.4292929292929293,-1.111220190840617,-16.668573002941677,2.4541176470588235,-0.7275473220920641,-0.6114434368562645,-0.19046101358545497,0.660594439117929,-0.06060000000000017,1/5
5.0,0.01,0.015,191,0.19292929292929292,-1.1940689861125822,-17.636349777826965,2.654450261780105,-0.5243900306651382,-0.45310853111912064,-0.09426399738093982,0.5581854043392505,-0.03137787571617463,2/5
3.74,0.0085,0.015,425,0.4292929292929293,-1.2276270567985177,-15.502618029523175,2.675294117647059,-0.8035146234965185,-0.5987224024752671,-0.17253428119800152,0.594547053649956,-0.03137787571617463,2/5
4.25,0.0085,0.0221,307,0.3101010101010101,-1.237489997872986,-18.62815889210708,2.7035830618892507,-0.6884475698917493,-0.5673121575386666,-0.15460852018830762,0.6421686746987951,-0.04549999999999994,2/5
3.34,0.01,0.0221,527,0.5323232323232323,-1.2419921580053417,-16.36195464514512,2.074003795066414,-0.9052689404324518,-0.7221483551730576,-0.22039872945512262,0.5901189387008234,-0.04500567290808251,2/5
4.25,0.01,0.03,307,0.3101010101010101,-1.2596828302735827,-19.768652866472667,2.3224755700325734,-0.7007409074033182,-0.5548230695847314,-0.16385697292768253,0.6269284712482468,-0.06060000000000028,1/5
5.0,0.01,0.0221,191,0.19292929292929292,-1.2660586639576952,-20.80454275838369,2.581151832460733,-0.5558474575410353,-0.4777618633211498,-0.11103068892479317,0.6044624746450304,-0.04480000000000013,2/5
3.74,0.0085,0.0221,425,0.4292929292929293,-1.3871726935827013,-19.777353059307092,2.5694117647058823,-0.90751334392951,-0.6546679153042037,-0.21481435068604937,0.6355311355311355,-0.04549999999999994,1/5
3.74,0.01,0.03,425,0.4292929292929293,-1.4047179231960896,-20.716186411422445,2.112941176470588,-0.9189408807987508,-0.6643317605622668,-0.22439705663176535,0.6158129175946548,-0.06060000000000028,0/5
3.34,0.01,0.015,527,0.5323232323232323,-1.4078707999126037,-16.68432630039505,2.18595825426945,-1.0257574315051912,-0.7078774289334213,-0.21927419407156334,0.5477430555555556,-0.03137787571617463,1/5
4.25,0.01,0.015,307,0.3101010101010101,-1.4307580844930325,-18.91395229432215,2.45928338762215,-0.7954068329914868,-0.5487093823478908,-0.15206673404487814,0.5443708609271524,-0.03137787571617463,2/5
4.25,0.01,0.0221,307,0.3101010101010101,-1.7163184663566622,-25.74004398881274,2.3583061889250816,-0.9529906464821788,-0.640115748120288,-0.20025414938917763,0.5842541436464088,-0.04500567290808251,2/5
3.74,0.01,0.0221,425,0.4292929292929293,-1.7667143589985204,-24.86230133512385,2.192941176470588,-1.1542559644756292,-0.7275122393423759,-0.2563795707589037,0.5815450643776824,-0.04500567290808251,0/5
3.74,0.01,0.015,425,0.4292929292929293,-1.8204577743009307,-22.770886628249663,2.2988235294117647,-1.1891100676231052,-0.6840332732585721,-0.2348774948471828,0.5373592630501536,-0.03137787571617463,0/5
