date,SOXL,SOXS,UVXY
2022-01-06,0.01925693141689526,0.001573033707865169,0.050614101592115296
2022-01-07,0.007050781250000096,0.0,-0.06999999999999997
2022-01-10,0.05000000000000002,-0.06759398496240587,-0.08000000000000006
2022-01-11,0.031203058999524802,-0.05630434782608695,-0.0800000000000001
2022-01-12,0.012144177449168236,-0.0005926670015069004,-0.0002299386512077603
2022-01-13,-0.0500000000000001,0.05878644804990423,0.049999999999999864
2022-01-14,0.03999999999999984,,
2022-01-18,,0.03999999999999994,-8.500145032286355e-17
2022-01-19,0.0015705614567526165,-7.979727989493313e-17,5.898059818321144e-17
2022-01-20,-0.08000000000000013,,0.04999999999999991
2022-01-21,,0.05511879049676026,0.00817001946787789
2022-01-24,,0.05,0.049999999999999926
2022-01-25,,-1.249000902703301e-16,-0.048642230252968585
2022-01-26,0.060022002200220095,,-0.07999999999999999
2022-01-27,,0.05000000000000003,0.05037463976945237
2022-01-28,,0.009097222222222213,0.06356460569419743
2022-01-31,0.050000000000000114,,-0.054744156664561006
2022-02-01,,-0.02947368421052631,-0.07884180790960449
2022-02-02,,,-0.023919951631331277
2022-02-03,,,0.049999999999999795
2022-02-04,0.053270142180094696,-0.06999999999999998,-7.28583859910259e-17
2022-02-07,-0.04219792865362489,,0.05000000000000005
2022-02-08,0.020000000000000018,-0.06,-0.037638376383763834
2022-02-09,0.020000000000000087,-0.053020833333333336,-0.010634920634920607
2022-02-10,4.683753385137379e-17,,
2022-02-11,,0.05000000000000011,0.0673323142864923
2022-02-14,-0.04759612999255799,,
2022-02-15,0.020936127313314477,-0.05457002457002457,-2.0816681711721685e-17
2022-02-16,0.039671918149009874,-6.938893903907228e-18,-0.08000000000000006
2022-02-17,,0.030000000000000075,0.049999999999999836
2022-02-18,0.05204214751630738,-0.02777282850779523,
2022-02-22,0.008355739400206907,,
2022-02-23,6.938893903907228e-17,0.0032450331125827257,0.04999999999999995
2022-02-24,0.054934029288096375,,
2022-02-25,0.040000000000000105,-0.009953917050691246,2.2551405187698492e-17
2022-02-28,-0.06999999999999992,0.05,0.050000000000000086
2022-03-01,-0.06999999999999995,0.0500000000000002,0.05000000000000005
2022-03-02,0.0628887134964484,-0.08,
2022-03-03,,-3.469446951953614e-18,-0.07000000000000012
2022-03-04,,,9.367506770274758e-17
2022-03-07,,0.05000000000000008,0.05000000000000028
2022-03-08,,,0.05053555750658475
2022-03-09,0.02800682087277733,,0.02805447470817121
2022-03-10,0.053270142180094876,-0.04810865191146878,-0.07000000000000012
2022-03-11,-0.05000000000000002,0.029999999999999992,0.04000000000000012
2022-03-14,,0.05320754716981128,0.050937499999999816
2022-03-15,0.029999999999999943,,-0.035535983895319506
2022-03-16,-0.07000000000000023,,
2022-03-17,0.049999999999999836,,-0.030000000000000082
2022-03-18,0.03991340535969896,-0.027712082262210794,-0.0680433397068197
2022-03-21,,0.010725388601036273,0.06237288135593205
2022-03-22,-0.018268604359809523,0.05,0.00981785728773673
2022-03-23,,0.050025062656641604,7.979727989493313e-17
2022-03-24,0.029999999999999888,-0.08,-0.038181818181818136
2022-03-25,-6.591949208711867e-17,0.002922521302409626,0.003639626704953342
2022-03-28,-1.734723475976807e-17,-0.03301217753893007,-0.05985611510791365
2022-03-29,0.026047430830039645,,-0.005382631940009021
2022-03-30,-0.07178368121442122,0.04696935533463164,0.007875092387287506
2022-03-31,-0.061615633557381214,0.049999999999999926,0.05000000000000005
2022-04-01,,-0.0010582875144451234,-3.469446951953614e-17
2022-04-04,0.03664633826712868,,-0.03999999999999997
2022-04-05,,0.04517711938324775,0.023239946636173167
2022-04-06,0.05700457815565734,0.005178178618565808,-0.08000000000000003
2022-04-07,6.245004513516506e-17,-0.049999999999999954,5.0306980803327406e-17
2022-04-08,,0.04999999999999981,0.0245977011494252
2022-04-11,-0.0047689463955638625,0.01,0.02000000000000001
2022-04-12,-0.0347888173574233,,0.050000000000000065
2022-04-13,,,-0.04999999999999981
2022-04-14,,0.02000000000000004,0.030000000000000023
2022-04-18,-0.007499425041889739,,-5.724587470723463e-17
2022-04-19,0.0400000000000001,-0.016533996683250417,-0.035819397993311096
2022-04-20,,0.05103996467211318,0.05000000000000011
2022-04-21,-0.08000000000000004,0.05134192043282957,0.05000000000000019
2022-04-22,-0.0474294426566936,0.05000000000000015,0.050101010101010326
2022-04-25,,-2.42861286636753e-17,-3.0357660829594124e-16
2022-04-26,,0.020000000000000066,0.050000000000000114
2022-04-27,0.008062952754528792,,
2022-04-28,0.06083100999583364,-0.04999999999999984,-0.08000000000000013
2022-04-29,-0.06000000000000017,,
2022-05-02,5.724587470723463e-17,,0.05826920949178852
2022-05-03,0.05504676697844663,-2.949029909160572e-17,-0.04304136253041367
2022-05-04,0.05000000000000013,-0.036965845909452025,-2.0816681711721685e-17
2022-05-05,1.457167719820518e-16,0.052043189368770816,0.005422578655151104
2022-05-06,,0.051556086869894394,0.05459240693693385
2022-05-09,,0.050454377604981226,-2.8275992658421956e-16
2022-05-10,0.05994613609907793,,-0.022753468958578604
2022-05-11,-0.06000000000000011,,
2022-05-12,,,0.0499999999999998
2022-05-13,0.019793035247580762,,0.011008403361344354
2022-05-16,0.050000000000000044,-5.724587470723463e-17,-0.026544502617801072
2022-05-17,0.04999999999999996,0.0032926563521462494,-0.011509817197020988
2022-05-18,-0.08000000000000015,0.05281195954191546,0.05000000000000001
2022-05-20,,0.05059626436781604,
2022-05-23,,5.898059818321144e-17,-0.001905972045743329
2022-05-24,,1.8388068845354155e-16,-0.05000000000000001
2022-05-25,,,-0.032597402597402576
2022-05-26,0.02302189658300073,,0.026775139255350338
2022-05-27,0.017395337017978532,-0.042958579881656876,-0.013245988093030896
2022-05-31,,3.8163916471489756e-17,
2022-06-01,1.734723475976807e-17,-0.006200427451911732,0.0500000000000002
2022-06-02,0.03999999999999995,,-0.013756495916852263
2022-06-03,0.0015331435542903088,-0.004562521935201681,-0.0053331879950584485
2022-06-06,-0.05091020910209114,,0.015317875841435926
2022-06-07,0.020000000000000052,2.0122792321330962e-16,-0.036860282574568345
2022-06-08,-0.041284722222222243,0.016479076479076565,0.02157143958670687
2022-06-09,-0.07000000000000013,0.03000000000000004,
2022-06-10,7.632783294297951e-17,0.002488654662567706,
2022-06-13,0.05672862453531602,-1.1622647289044608e-16,-8.673617379884035e-17
2022-06-14,-6.071532165918825e-17,,
2022-06-15,3.0531133177191805e-16,0.05000000000000007,
2022-06-16,,0.02002886846253292,1.9255430583342559e-16
2022-06-17,0.061036814425244106,0.0007040554801746139,-0.05102941176470597
2022-06-21,-0.016490765171503958,,0.019999999999999983
2022-06-22,1.3877787807814457e-17,9.71445146547012e-17,
2022-06-23,,,0.004635825090961502
2022-06-24,0.008991650610147756,,0.010000000000000024
2022-06-27,,0.05197170324687095,0.012137240886347496
2022-06-28,-0.06,,
2022-06-29,,,0.0019582882091311385
2022-06-30,1.9949319973733282e-16,0.0006141015921151266,
2022-07-05,0.05000000000000006,-2.255140518769849e-16,-0.048413028413028455
2022-07-06,0.012929292929292971,0.0005203298265568802,-0.012184996358339396
2022-07-07,0.007738362749161813,,0.009999999999999972
2022-07-08,-0.00422799422799424,-0.014812479256554854,0.01560609810053011
2022-07-11,,,0.01271723078740613
2022-07-12,0.003260530421216861,0.030389410866585483,
2022-07-13,0.005202765114269498,,
2022-07-14,0.05076095311299002,-0.08000000000000004,
2022-07-15,,-0.036242083040112595,
2022-07-18,-0.0800000000000001,0.05000000000000007,0.02470312884947032
2022-07-19,0.020100010001000073,-0.04624698687833705,0.02999999999999988
2022-07-20,0.022432130414776884,0.056964313123329335,0.009266347687400263
2022-07-21,0.029999999999999822,-0.03528415680816526,
2022-07-22,-0.05183650615901465,0.059395058877857315,
2022-07-25,0.033500583430571766,-0.01962184873949583,
2022-07-26,-0.03389126450824695,0.02814670731105273,
2022-07-27,0.06825416325416345,-0.07000000000000017,
2022-07-28,0.05000000000000025,-0.05694082985514369,
2022-07-29,0.009999999999999962,-0.03166920345002533,
2022-08-01,-0.013992015968063846,0.049999999999999996,
2022-08-02,-0.020070711910673618,0.003375295043273163,
2022-08-03,0.028240787246312335,-0.06662640680757625,
2022-08-04,0.01966889369673381,-0.00493458240091129,-0.018147086914995225
2022-08-05,-1.1449174941446927e-16,-0.00011823915778705688,
2022-08-08,1.8561541192951836e-16,-0.010095564113535817,
2022-08-09,,-0.014825139474821067,-0.005592255970253325
2022-08-10,0.009999999999999941,,
2022-08-11,-0.056392961876832834,0.057821782178217776,
2022-08-12,0.021730007254869312,,
2022-08-15,0.03999999999999997,-0.026710526315789483,
2022-08-16,0.049999999999999954,-0.010276728409833458,
2022-08-17,0.0500000000000001,-0.02269179004037686,
2022-08-18,-0.0002334203457798091,0.004247914869140063,
2022-08-19,,0.009459967065971674,
2022-08-22,-0.03525222551928805,0.012202115946191779,
2022-08-23,-0.008099547511312219,,
2022-08-24,0.01550703165825391,-0.016010444581873153,
2022-08-25,0.020000000000000115,,
2022-08-26,-0.08000000000000013,0.037960461692507774,
2022-08-29,0.051984021304926735,0.007363010637346919,-0.03680933852140078
2022-08-30,,0.01933689049968116,0.0058287122612446455
2022-08-31,0.03299229152067276,-0.01352801256577146,0.009258231166628217
2022-09-01,0.05000000000000013,-0.04076190476190472,-0.055024061597690174
2022-09-02,,0.05000000000000006,0.04999999999999999
2022-09-06,-5.377642775528102e-17,0.032641648270787374,0.037838623994595096
2022-09-07,0.04999999999999999,-0.04989906832298137,-0.04614124872057329
2022-09-08,-0.001821561338289996,,0.007512690355329837
2022-09-09,0.010578172295344105,-0.004416775884665859,0.0003885003885004278
2022-09-12,0.004089979550102284,0.002018460466736406,0.0140846093065967
2022-09-13,-0.057900732302685,0.04218012839372058,0.034567988534647556
2022-09-14,0.004125316914161457,0.04999999999999995,0.0037089201877933548
2022-09-15,0.05486374896779509,0.0013808801213959204,
2022-09-16,0.04340605725858415,-0.02948660714285714,
2022-09-19,-1.0581813203458523e-16,0.0500000000000001,-0.03601805416248753
2022-09-20,-3.642919299551295e-17,-0.0014098939220758902,0.014897231962142628
2022-09-21,0.01857142857142858,0.017058823529411668,0.030714995034756817
2022-09-22,,0.004918436441982069,-0.029064546304957903
2022-09-23,,-1.734723475976807e-16,0.05000000000000005
2022-09-26,-0.024077471967380245,0.05984126984126982,
2022-09-27,-0.01592252803261995,0.05000000000000001,0.05202811544485055
2022-09-28,0.030000000000000113,-0.03983536384590057,-0.045025041736227074
2022-09-29,,-0.018414882772680795,-0.01079365079365071
2022-09-30,-0.06999999999999997,0.05001644490955322,0.05
2022-10-03,0.013838383838383664,,0.013344425956738768
2022-10-04,0.021001001001001048,0.0028450949612382447,0.005259422225714416
2022-10-05,0.05000000000000021,-0.08000000000000004,-0.02564459930313589
2022-10-06,,,0.05000000000000021
2022-10-07,,0.05000000000000007,0.025951735251346288
2022-10-10,,-0.03388292543294706,
2022-10-11,0.06769184754861077,-0.049851782614501315,
2022-10-12,0.007699291132943608,-0.0050115651503469544,-0.009774436090225564
2022-10-13,-0.011504257466558754,,-0.043781932353360926
2022-10-14,,0.05010101010101003,0.02387435182687416
2022-10-17,0.027300944669365706,-0.01950335713524463,0.01000000000000003
2022-10-18,,-2.0816681711721685e-17,-0.01086906803887933
2022-10-19,5.551115123125783e-17,0.0030243847048984675,0.01857557421093344
2022-10-20,-0.08000000000000002,,0.023240951008880052
2022-10-21,0.053758740575803925,,
2022-10-24,0.050000000000000135,-0.016964371305320358,
2022-10-25,0.005568461809222073,,
2022-10-26,-0.03994675088172256,,
2022-10-27,,0.050000000000000114,
2022-10-28,0.03999999999999988,,
2022-10-31,,-0.0043002974037457285,
2022-11-01,0.01704103671706269,-0.008240343347639486,
2022-11-02,0.032345276872964075,-2.2551405187698492e-17,
2022-11-03,-0.031426721874121995,0.004056224899598372,
2022-11-04,0.00040462427745664373,,
2022-11-07,0.032804098779331,-0.053578869047619125,
2022-11-08,-0.08000000000000018,0.051857707509881425,
2022-11-09,1.1102230246251565e-16,0.04383167195872575,0.029999999999999936
2022-11-10,0.010000000000000063,,0.01606645230439458
2022-11-11,0.019555585685339584,,
2022-11-14,-0.028497484093339055,0.043164556962025355,
2022-11-15,4.336808689942018e-17,0.01647081978938772,
2022-11-16,9.71445146547012e-17,0.004497468553069652,
2022-11-18,0.011249005568814653,-0.009805134913048501,
2022-11-21,0.009164578111946532,-0.005451076587626056,
2022-11-22,0.010000000000000007,-0.03738552437223044,
2022-11-23,-0.018223226994892386,,
2022-11-28,-0.03168491996630161,0.01256263119529551,
2022-11-29,-0.022647554806070808,0.01295566103606918,
2022-11-30,0.07434145191316267,-0.06982475975127198,
2022-12-01,0.004139194139194198,0.00043617703656189874,
2022-12-02,0.01856139460099848,-0.026540018685767785,
2022-12-05,-0.04159489633173843,0.02620036508235262,0.024545858047855397
2022-12-06,-0.023412969283276477,0.018233710964768512,0.00654943214528707
2022-12-07,0.004285585601815896,0.003390011013209779,0.03648208954883472
2022-12-08,0.02215996442411529,-0.0040601503759398055,
2022-12-09,-0.023231017770597724,0.04999999999999998,
2022-12-12,0.03276558880623115,-0.04905966885348338,
2022-12-13,-0.00635302698760025,,
2022-12-14,-0.0800000000000001,0.09123359253327129,
2022-12-15,,0.03207978823974292,
2022-12-16,0.012818671454219109,0.004172991738514525,
2022-12-19,-0.006791044776119472,0.05000000000000025,-0.0012301974926004523
2022-12-20,-0.009398496240601639,0.01635528732616123,-0.016734693877550916
2022-12-21,0.007553171466215062,0.0018812989921612126,0.005639534883720903
2022-12-22,,-0.03477147162230036,-0.03600000000000004
2022-12-23,0.027231404958677742,-0.021381174735807324,-0.03724137931034483
2022-12-27,-0.0037711864406779014,0.008798654493032127,-0.014730059212817887
2022-12-28,-0.00320441988950285,0.02071217731612192,0.03867129570099863
2022-12-29,0.007018301016266499,,0.0014727540500736377
2022-12-30,0.01999999999999994,-0.023349561830574454,0.0016874795777749967
2023-01-03,,0.04999999999999991,
2023-01-04,0.051988011988011916,3.469446951953614e-18,
2023-01-05,0.0026262626262626154,0.020000000000000077,
2023-01-06,,-0.08000000000000015,
2023-01-09,-0.04451750640478232,,
2023-01-10,0.03503784714311019,-0.036404098623118886,
2023-01-11,0.049999999999999954,-0.042656042496679966,
2023-01-12,,-0.026200482259731393,
2023-01-13,0.020000000000000066,-0.00898056597340607,
2023-01-17,0.007704667176740555,-0.00872924568935569,
2023-01-18,-0.03676829268292685,0.03728048372027439,
2023-01-19,0.012950819672131273,0.0017881101087208976,
2023-01-20,0.0317944397641114,-0.08000000000000008,-0.010869565217391306
2023-01-23,0.018584097175646616,,-0.0018577075098814306
2023-01-24,-0.014413177762525795,0.037161365456001016,
2023-01-25,0.05597201191193324,-0.056051364365971135,-0.05919385796545108
2023-01-26,,-0.04933389902418325,-0.027020690463630537
2023-01-27,0.027742003367003505,-0.01701619778346125,
2023-01-30,-0.019432375613174506,0.022987622705932548,-0.009784735812133074
2023-01-31,0.019999999999999993,-0.010218358269308473,-0.014198782961460448
2023-02-01,0.051010362694300655,-0.04617922425323244,
2023-02-02,0.00483171705647439,0.0020734908136482866,
2023-02-03,-0.050219526285384036,,0.002936760602130266
2023-02-06,-0.026886674968866705,0.049999999999999975,0.018217468805704132
2023-02-07,0.006754370047783391,-0.0800000000000001,-0.03786720321931587
2023-02-08,-0.028840494408475484,0.022170874594819538,0.050000000000000114
2023-02-09,-0.07999999999999996,0.05063829787234036,0.04999999999999998
2023-02-10,0.00381194409148669,0.008520840589806122,-0.012805935460802643
2023-02-13,0.02612247626688046,-0.012177301509985387,-0.0129007633587787
2023-02-14,0.05026570048309201,,
2023-02-15,0.04202942668696087,-0.0383203328133125,-0.022727272727272728
2023-02-16,-0.015457853244390626,0.05000000000000012,0.00014198782961456421
2023-02-17,0.00037844772289927567,0.01647020665369297,
2023-02-21,-0.05548205489092191,0.04406798359016799,
2023-02-22,-0.008388928317956072,0.030021000020999937,-0.032704174228675234
2023-02-23,0.05000000000000001,-0.02568265682656826,0.050000000000000086
2023-02-24,0.028565156378086324,-0.006587615283267457,-0.020291409671940645
2023-02-27,-0.0015277357182753824,0.010000000000000033,0.01861840287372206
2023-02-28,-0.0016506915917525976,6.765421556309548e-17,-0.010020040080160322
2023-03-03,0.02561736579491814,,
2023-03-06,-0.06521008403361356,0.03,
2023-03-07,-2.0816681711721685e-17,0.010511443549418199,
2023-03-08,0.030000000000000072,-0.028943560057887115,
2023-03-09,-0.07000000000000009,0.05162790697674417,
2023-03-10,,0.0528972823583604,
2023-03-13,0.0509123584651011,1.3010426069826053e-16,
2023-03-14,-0.0159758551307847,0.049999999999999795,0.017418966410439444
2023-03-15,0.05000000000000005,-0.016318453750575328,0.05298289600714713
2023-03-16,0.022152273338713918,-0.06000000000000003,
2023-03-17,0.021421568627450902,0.02039678095119555,0.050000000000000024
2023-03-20,0.05000000000000021,-0.03161725067385441,
2023-03-21,0.024652406417112475,-0.029999999999999916,-0.02663585951940853
2023-03-22,6.418476861114186e-17,0.0026074498567335274,1.0408340855860843e-16
2023-03-23,-0.013696275071633256,0.050000000000000086,0.051807859333598404
2023-03-24,-0.007259528130671565,0.00020019147814671033,
2023-03-27,-0.009559902200489093,-0.003127133038081102,-0.03167315175097277
2023-03-28,0.03583657587548646,-0.0274027402740274,-0.014835785319344305
2023-03-29,0.04999999999999991,-0.049670079635950035,-0.02526315789473684
2023-03-30,-0.008123885105842363,0.016928104575163402,-0.010000000000000009
2023-03-31,0.011288787548329446,-0.011445783132530122,-0.007202647459606813
2023-04-05,,-0.007227425135853793,
2023-04-10,0.030000000000000037,,
2023-04-11,-0.006433353621424182,0.01999999999999999,
2023-04-12,,0.025914062908881586,
2023-04-13,0.015535290206136657,-0.022928608650338717,
2023-04-14,-0.0025673940949936407,0.0011375402773250512,
2023-04-17,0.0181609953568981,-0.010385027340887292,
2023-04-18,-0.0018987341772152616,0.006364955033362452,
2023-04-19,0.026160433988782532,-0.001466982997231997,
2023-04-27,,,-0.005305039787798409
2023-04-28,,,-0.027100271002710025
2023-05-01,0.010000000000000063,-0.005944195316392552,0.05
2023-05-02,,,0.00028277634961448514
2023-05-03,,,1.3704315460216776e-16
2023-05-05,,,-0.01881720430107527
2023-05-08,0.030000000000000096,-0.02035749751737835,-0.02185792349726776
2023-05-09,-0.0034910006581394654,0.007583075752761169,0.009239708917128173
2023-05-11,,,-0.04573065902578802
2023-05-17,,,-0.020771513353115726
2023-05-18,0.01000000000000008,-0.026812918951858625,
2023-05-19,0.00828080229226384,-3.9976807348508087e-05,
2023-05-22,0.019270355929498394,-0.007389162561576354,
2023-05-23,,,0.0193048128342247
2023-05-24,,,0.013171942892613343
2023-05-25,,,0.009710144927536243
2023-05-26,,,0.05000000000000003
2023-05-30,-0.044291901255954905,0.042216440204298,
2023-05-31,-0.021021897810219195,0.014338412651371209,
2023-06-01,0.006124986124986161,-0.04000000000000003,
2023-06-02,,0.009873417721518956,-0.03612403100775204
2023-06-05,-0.009891662741403713,0.014710537613504873,-0.023076923076923075
2023-06-06,0.0022433766495419125,0.013471074380165135,-0.05276595744680862
2023-06-07,-0.025971520440973818,0.03336138701443127,-0.0052571742529901565
2023-06-08,0.020660813744926072,-0.02445193929173693,
2023-06-09,-0.019736842105263126,0.027983260194057245,
2023-06-12,0.009999999999999969,-0.04382775119617225,
2023-06-13,-0.001200966722439037,0.006287660666866819,
2023-06-14,,-0.007875383575180705,
2023-06-15,0.022999977198622765,-0.010162601626016262,
2023-06-16,,0.03510051005100506,
2023-06-20,0.027571833265884124,-0.0166060987590733,
2023-06-21,,-9.1910919936732e-06,
2023-06-22,0.015843810215067842,-0.010958904109589041,
2023-06-28,-0.010483063036254599,0.024258373205741736,
2023-06-29,0.01586243864850834,-0.004628393159466537,
2023-07-10,,,0.0028419123771448035
2023-07-11,,,0.016981869860134863
2023-07-12,,,0.005915492957746498
2023-07-13,,,0.002088877442985144
2023-07-18,0.019999999999999966,-0.028816568047337333,
2023-07-19,-0.017431421446383974,0.01987501562304706,
2023-07-20,-0.02854700854700864,0.01280824356353063,
2023-07-21,0.024706739138157664,-0.019026516451851123,
2023-07-24,-0.0012089671737389937,0.011761682876233998,
2023-07-28,,,-0.009999999999999808
2023-07-31,,,-0.010852885166490963
2023-08-01,,,0.0017070223768789056
2023-08-02,,,-0.0015817864508963792
2023-08-03,,-0.01538213132400442,-0.07000000000000015
2023-08-07,0.003137254901960717,,-0.019441340782122875
2023-08-08,0.04999999999999995,-0.013843321195663236,-0.07999999999999999
2023-08-09,-0.0018947368421053448,-0.0009658336351563808,-0.05000000000000016
2023-08-10,,,0.05344243132670965
2023-08-11,-0.015813953488372088,0.013626003626003708,-0.04098901098901099
2023-08-14,,,0.011155660377358483
2023-08-15,-0.01375616315553551,0.010000000000000077,-1.3877787807814457e-17
2023-08-16,-0.04420503084954919,0.026451141952496954,0.05414027149321282
2023-08-17,-0.01013752455795684,0.0186625840284376,0.03460901554334403
2023-08-18,0.028436939141785002,-0.02775368603642671,-0.049880395215808615
2023-08-21,0.02000000000000004,-0.06311258278145704,0.0017773019271949547
2023-08-22,-0.03791802515137395,0.040607579554948064,0.017156296189576724
2023-08-23,0.017745034442282162,-0.01,0.0009808342728297205
2023-08-24,,0.019944601407124195,0.02469361711331742
2023-08-25,0.053796627491057666,-0.047790928677355266,-0.08000000000000011
2023-08-28,0.01887246714481553,-0.009245879602018172,-0.016207865335737988
2023-08-29,0.010134333467666738,-0.031534391534391644,-0.015062656641604054
2023-08-30,0.004757703618463212,-0.005274261603375528,-0.029696578437701744
2023-08-31,-0.0027956667165894224,0.013922829581993566,0.0011061212930372384
2023-09-01,0.01585578118524677,-0.01148234481567811,
2023-09-06,0.0027628778203492256,-0.007001803379512367,
2023-09-18,0.005084642260063362,-0.002737226277372263,
2023-09-21,,,-1.734723475976807e-18
2023-09-22,,,0.05
2023-09-26,,,0.05000000000000005
2023-09-27,,,-0.05749999999999994
2023-09-28,,,-1.9081958235744878e-17
2023-09-29,-0.019121447028423822,0.03227045387680872,0.05142473118279575
2023-10-02,-2.7929047963226594e-16,0.02015904467517378,3.8163916471489756e-17
2023-10-03,-0.01491237987563609,0.028397834775130165,
2023-10-04,0.032045978122533056,-0.03911111111111111,-1.1796119636642288e-16
2023-10-05,0.02458581483486747,-0.018219578967242456,-0.03123995407577494
2023-10-06,0.006830355092103546,-0.050166358595194055,-0.05085645355850431
2023-10-09,0.04079132337196852,-0.025361781076066927,-0.06443384982121583
2023-10-10,0.004138181034398097,0.010960614793467889,0.010335051546391789
2023-10-11,0.00033214153136793055,0.01754799176600134,2.42861286636753e-16
2023-10-12,-0.018550724637681128,0.02519614272854527,0.05911262798634816
2023-10-13,-0.022626050420168162,0.03459637244378398,0.05494852544642581
2023-10-16,0.016060606060606195,0.0020754716981133126,-0.03331642358909311
2023-10-17,-0.00595622384696716,-0.005545286506469501,2.42861286636753e-17
2023-10-18,-0.000540691642341537,0.007782705099778239,-2.42861286636753e-17
2023-10-19,,0.03744310270626071,0.028484631005922165
2023-10-20,-0.0026530612244895294,0.020000000000000014,-0.017907949790795036
2023-10-23,-0.023647416413373874,0.02159489633173847,
2023-10-24,0.010000000000000083,0.013882248782647155,-0.03527283170591624
2023-10-25,-0.06999999999999995,0.03053705297696552,
2023-10-26,1.734723475976807e-18,0.002791572610985643,0.050000000000000065
2023-10-27,-0.012336401912509879,0.02999999999999997,0.05217513948520119
2023-10-30,0.021594869614046244,-1.0061396160665481e-16,-0.049539842873176254
2023-10-31,0.04203633137764867,-0.00797704447632706,-0.06315661182205978
2023-11-01,0.019999999999999976,-0.04255054432348364,-0.019352037408149593
2023-11-02,0.0055964005360904095,-0.008518518518518517,0.0003278542382411376
2023-11-03,0.010178975253602113,-0.02535747446610973,0.019739002697965958
2023-11-06,0.00330760749724359,0.004893498262482315,-0.00872031475135681
2023-11-07,-0.004879301489470824,0.02442896935933138,
2023-11-08,,-0.00030507091113152716,
2023-11-13,0.020000000000000046,-0.011132344465677835,
2023-11-15,,0.030751445086705114,
2023-11-16,,-0.007636317407484539,
2023-12-12,0.010000000000000049,0.00026425591098745704,
2023-12-13,0.008760847915777472,-0.03594202898550734,
2023-12-14,0.0014874888603980754,,
2023-12-15,-0.014839755580496381,0.035515575790212243,
2023-12-18,0.024297520661157066,-0.020027591456162914,
2023-12-27,,,-0.018561484918793503
2023-12-28,,,-0.00641933352213719
2024-01-09,-0.004510236198637005,-0.01793650793650799,
2024-01-11,0.040351493848857736,-0.02950871632329634,
2024-01-12,0.012142857142857049,-0.007152268021833295,
2024-01-16,-0.01631128583860721,0.050016694490818,
2024-01-17,0.03999999999999994,-0.03554868624420402,
2024-01-18,0.01999999999999997,-0.017042253521126816,
2024-01-19,0.02000000000000004,-0.07999999999999993,0.005136550692106321
2024-01-22,0.02915206331260595,-0.021775944852867962,
2024-01-23,0.020000000000000052,-0.022222222222222223,
2024-01-24,-0.018309819676726097,0.03569892473118287,
2024-01-25,-0.033524264120922714,0.028835725677830944,
2024-01-26,-0.03509433962264158,0.04999999999999989,
2024-01-29,0.02089997613481809,-0.02920253114805651,
2024-01-30,,0.0164772970553317,
2024-01-31,0.062460765501451104,-0.016653544422102116,
2024-02-01,0.04999999999999993,-0.016696840904491306,
2024-02-06,-0.0026635099141756827,-0.008980592876946051,
2024-02-07,0.020000000000000108,-0.008218623481781375,0.0005416544420693489
2024-02-08,0.000670872093796902,0.007811816192560215,
2024-02-09,0.01448082238674048,-0.01262443438914023,
2024-02-12,-0.048858516831182024,0.049999999999999864,
2024-02-13,-0.017620513143068506,0.025106382978723404,
2024-02-14,0.02469940042132542,-0.020393017029988223,
2024-02-15,-0.0016190957312453153,0.007906916373735555,-0.0022446689113356025
2024-02-16,,,0.025405405405405528
2024-02-20,,-0.0018990318990319416,0.015250739598565634
2024-02-21,0.030000000000000072,-0.01738727480995522,-0.004173027989821873
2024-02-23,,-0.009324009324009236,
2024-02-26,0.018260113092649206,0.012525252525252526,
2024-03-06,5.724587470723463e-17,0.014520123839009259,
2024-03-07,0.0037946356176823434,-0.03092783505154639,
2024-03-08,-0.0800000000000001,0.09264133647877573,
2024-03-11,-0.016953379790793536,0.027005988023952068,-0.03816326530612238
2024-03-13,-0.009679500967950156,-0.0007565328804266785,0.009733404425486567
2024-03-14,,0.01932230896219814,6.245004513516506e-17
2024-03-15,-0.01201201201201192,0.020000000000000052,-0.02690607734806647
2024-03-18,-0.03099361896080217,0.02450488262122605,0.010013774104683175
2024-03-19,0.03420907525794286,-0.028130081300812976,-0.010370370370370372
2024-03-20,0.05593433124094634,-0.04240896358543429,-0.03361977988843654
2024-03-21,-0.027469056764831617,0.04999999999999999,0.014513031550068584
2024-03-22,0.030324295587453615,-0.020323719118899894,
2024-03-25,-0.00473402957082464,0.010000000000000057,
2024-03-26,-0.018446180555555587,0.01999999999999995,
2024-03-27,0.030000000000000127,-0.02003003003003006,
2024-04-05,0.01218096074148196,0.008338192419825126,-1.97758476261356e-16
2024-04-08,-0.017392334497888712,0.05000000000000003,-0.0017130307467057519
2024-04-09,0.04044493882091202,-0.02654867256637168,-0.04318840579710158
2024-04-10,-0.004147465437788012,0.05000000000000002,0.050000000000000086
2024-04-11,0.040000000000000195,-0.058292682926829265,-0.08000000000000013
2024-04-12,,0.040000000000000084,8.326672684688674e-17
2024-04-16,0.041759150896872585,-0.02331321996708722,1.196959198423997e-16
2024-04-17,-0.0357751392870667,0.02240693300099247,
2024-04-18,-0.040535307517084285,0.049999999999999906,0.058588025207607454
2024-04-19,-0.07,0.023956399740988545,0.013898511832154382
2024-04-22,0.049999999999999996,-0.02593954432664114,-0.04046543651886547
2024-04-23,0.013489423956821808,0.0018543363679924124,-0.015478149189489315
2024-04-24,-0.014494382022472075,-0.004916204715125751,0.005370579531226667
2024-04-25,0.0500000000000001,,-0.053501867279517556
2024-04-26,0.005810675631971359,-0.009272267490868222,-0.0135377174081044
2024-04-29,0.014410997063458561,-0.019897669130187607,
2024-04-30,-0.051524436566219384,0.04999999999999991,
2024-05-01,0.006129032258064536,4.5102810375396984e-17,
2024-05-02,0.020670727869319193,-0.016040126715945024,
2024-05-03,0.013108728943338272,-0.012619951248110033,
2024-05-06,0.029855899445804968,-0.01953240603728914,
2024-05-07,-0.02388234528535164,0.04000000000000016,
2024-05-08,0.006855505125401307,-0.0008453966415750032,
2024-05-21,0.016956889920160347,-0.002491990032039872,
2024-05-24,-0.0009542428897267418,0.004272623138602534,
2024-05-28,-0.0010616089847278048,0.023418870904066223,
2024-05-29,,0.01664701728531517,
2024-05-30,,4.753416518114492e-05,
2024-05-31,,-0.04190812720848072,
2024-06-03,-8.326672684688674e-17,-0.011184725677278587,
2024-06-04,0.013318020463562322,-0.0031439922234901135,-0.009895518502167577
2024-06-05,0.018403361344537836,-0.043246753246753214,-0.007980845969672785
2024-06-06,,0.0021782178217822565,0.008056880409821526
2024-06-07,0.002343090641767529,0.008150813529160448,
2024-06-10,-0.00026279652516360616,-0.0046520146520146015,
2024-06-11,0.01287011079962643,0.00798719487795125,
2024-06-12,0.003789875202827372,0.008863936591809753,
2024-06-21,,0.016844003606853064,
2024-06-24,-0.041680358476475124,0.029999999999999926,
2024-06-25,0.03900505963797124,-0.030690537084398978,
2024-06-26,0.0045846323124885385,-0.0135406339959461,
2024-06-27,-0.007692591227423469,0.001594896331738437,
2024-06-28,-0.01945897204688915,,
2024-07-01,,-0.03607809847198642,
2024-07-05,0.011576219018305627,-0.010154738878143133,
2024-07-08,0.026653566380528897,-0.021640664318067437,
2024-07-12,-0.029687548820496904,0.0500000000000001,
2024-07-15,-0.02962732919254691,0.050000000000000086,
2024-07-16,0.030838831291234756,-0.027935851008794615,
2024-07-17,-0.08000000000000007,0.030731698611557154,
2024-07-18,-1.9081958235744878e-17,,
2024-07-19,-0.03667442047571134,0.046843933083352524,
2024-07-22,,,-0.016380263717567057
2024-07-23,-0.010300605114190826,0.026120752180296886,0.01780911062906736
2024-07-24,-0.06999999999999998,0.039999999999999966,0.050000000000000024
2024-07-25,,0.01672186676703056,-0.06902706656912937
2024-07-26,3.9898639947466563e-17,0.01270103886110033,-0.007722473604826396
2024-07-29,-0.019418577716006497,,
2024-07-30,-0.07000000000000017,0.0254470480786269,-0.0078124837624442105
2024-07-31,0.049999999999999906,,0.010399520575309585
2024-08-01,-0.08000000000000007,0.05113878511138778,0.04999999999999987
2024-08-02,,,0.030513423336996588
2024-08-05,0.0731797057264446,,
2024-08-06,3.2959746043559335e-17,,
2024-08-07,,0.05847792045098646,
2024-08-09,,-1.5612511283791264e-17,
2024-08-12,,0.02524569598540231,0.07061959654178664
2024-08-13,0.020114135707356047,-0.0588964474678761,-0.0635507246376812
2024-08-14,,0.005159817351598142,
2024-08-15,0.017122198011745728,-0.04977343402932041,0.006108566450154944
2024-08-16,0.025981918633852366,-0.016652059596844876,-0.015706806282722488
2024-08-19,0.029999999999999926,-0.049230769230769286,-0.0037048880767473445
2024-08-20,0.021128634795465694,-0.005352463628325688,0.050000000000000086
2024-08-21,0.03746282465829205,-9.367506770274758e-17,
2024-08-22,-0.05000000000000007,0.03238376978614676,
2024-08-23,0.02248138957816384,-0.005826242722794535,0.04999999999999994
2024-08-26,-0.010758331146680572,0.03153932487265837,-0.014096231036561097
2024-08-27,0.004289831857191336,0.005564304461942128,-0.019733275032793953
2024-08-28,0.017033441208198413,-0.030585343778931972,0.017916419092889845
2024-08-29,-0.06000000000000004,,0.03843436517745971
2024-08-30,0.024184100418409873,0.0018856666406109578,0.004168563101369604
2024-09-03,,0.03869367628930477,0.04999999999999992
2024-09-04,-0.028349290194783758,,
2024-09-05,-0.014116286752560287,,
2024-09-06,,0.03652525252525239,0.019587425846963123
2024-09-09,0.050000000000000065,-0.024453781512604966,
2024-09-10,0.03120614386200849,-0.03245250431778926,6.245004513516506e-17
2024-09-11,,-0.07000000000000008,-0.06999999999999998
2024-09-12,0.016111682749798493,-2.203098814490545e-16,
2024-09-13,0.01710545550403198,-0.011978021978022061,0.050000000000000086
2024-09-16,0.02595238095238106,-0.005715320536037741,-0.012165558978959701
2024-09-17,,0.050989010989011235,0.008872291891015627
2024-09-18,0.07487871179024032,-0.07000000000000006,-0.0700000000000001
2024-09-19,0.018622161566872606,-0.014769814136115576,-0.020131615457568794
2024-09-20,0.025529061102831593,-0.026450511945392493,0.004859002351713838
2024-09-23,0.01059014458542338,-0.0023066243118439207,0.0027946409350504227
2024-09-24,0.014340690435766773,-0.021033379058070418,-0.0016715298040850812
2024-09-25,-0.011117287381878784,0.014825964252116762,0.04999999999999992
2024-09-26,,-0.050000000000000086,
2024-09-27,-0.013010668748373666,0.020384323717657145,
2024-09-30,8.673617379884035e-18,-0.0058200784516574434,
2024-10-01,,0.00983594302363797,
2024-10-02,0.01708197829816009,0.0028763183125599234,
2024-10-03,0.0015062287655719271,,
2024-10-04,-0.002451648052301918,0.0123788546255507,-0.01291757840991969
2024-10-07,-0.0024119823367944465,0.017599970650818114,0.018883102186730574
2024-10-08,0.009999999999999943,-0.007930174563590943,0.010085683344123013
2024-10-09,0.009999999999999946,-0.02270381836945305,
2024-10-10,,,-0.009355509355509514
2024-10-11,,,-0.006355932203389871
2024-10-16,,0.011449975833736211,
2024-10-17,-0.0226175591193258,,
2024-10-18,-0.0050861825374399474,0.019738469205982732,
2024-10-21,0.02458058975093058,-0.017664242997891814,
2024-10-22,0.018082538199580563,-0.01200371839840536,
2024-10-25,,,0.042801587798146606
2024-10-28,,,0.001836734693877547
2024-10-29,,,0.00795454545454554
2024-11-01,-0.01163323463983217,0.019999999999999928,0.04019714479945618
2024-11-04,-0.02912931015236034,0.03220458553791894,
2024-11-05,0.010157176721165383,-0.008497316636851519,
2024-11-06,,,-0.012172949002217257
2024-11-07,0.007322954517673897,-0.0015303983228511266,-0.0009398496240602304
2024-11-08,,,0.01223975445473818
2024-11-18,0.008486481777894125,-0.0009756097560975219,
2024-11-19,0.007848625390544834,,
2024-11-20,,,-1.0408340855860843e-16
2024-11-21,,,-0.014144259496372096
2024-11-22,0.003881439661256155,-0.0009690985786104753,-0.016689038031319894
2024-11-25,,,-0.023442150744119185
2024-11-26,,,0.0035226706527156006
2024-11-27,0.03261389096340545,-0.02213317847464189,-0.020691530691530596
2024-12-02,0.0050150859241767844,,
2024-12-03,-0.009358288770053513,0.012898863861430708,
2024-12-04,0.005802389409105658,-0.004193849021435228,
2024-12-12,0.004240282685512403,-0.0019422725327731972,
2024-12-16,0.01845189374779681,,
2024-12-17,0.012342054881940038,0.004205286050779424,
2024-12-18,,0.06871790887912912,
2024-12-19,-0.024345035862589626,0.03999999999999993,0.022832514857014638
2024-12-20,-0.00657167373416933,-5.724587470723463e-17,
2024-12-23,0.040000000000000056,,-0.08000000000000007
2024-12-26,0.0097076878105817,0.0020050125313283208,
2024-12-27,0.023959731543624158,-0.015654648956356734,0.009884388112565666
2024-12-30,0.006936775678957716,-0.005013673655423883,-0.045885237861697035
2024-12-31,,,0.04999999999999992
2025-01-03,,,-0.022013085052843398
2025-01-06,-0.007832202488759132,,0.03350074449676042
2025-01-07,-0.045407124681933884,0.05000000000000003,0.050000000000000086
2025-01-08,,,0.0500000000000001
2025-01-10,0.004959776145505478,0.01742810607217373,4.683753385137379e-17
2025-01-13,0.040000000000000174,-0.022941970310391364,
2025-01-14,,-0.010521961698432322,0.002903225806451762
2025-01-15,0.005509925253851702,0.006620416253716569,-0.014992784992785016
2025-01-16,,,0.005275590551181149
2025-01-17,,,0.019087447685578456
2025-01-29,0.0022088040514217644,0.006265144769151933,
2025-01-30,0.027102685693216964,-0.02078904344837825,
2025-01-31,-0.07000000000000012,0.05000000000000003,0.050000000000000114
2025-02-03,-0.016813144822315676,0.03309710078232847,0.051410788381742636
2025-02-04,0.0033925723399408445,0.002505854800936784,-0.016020671834625293
2025-02-05,0.007813555953090773,-0.03842000990589409,-0.030334728033472716
2025-02-06,0.017312614259597806,-0.00875901875901866,-0.008375241779497134
2025-02-07,-0.011994002998500761,0.02518485591416047,0.051923523323992346
2025-02-10,0.018267795926598072,-0.014031095942358745,-0.01014957264957253
2025-02-11,-0.008725245284385057,0.012599901332017776,
2025-02-24,,0.020000000000000018,
2025-02-25,-0.026750483558994228,0.04000000000000004,
2025-02-26,-1.734723475976807e-18,0.05000000000000008,
2025-02-27,,0.041547080108094915,0.05725012683916797
2025-02-28,-0.003285586392121889,,
2025-03-03,,0.05302504171678038,0.05
2025-03-04,,-0.0599999999999999,-0.0700000000000001
2025-03-05,,0.04999999999999993,0.05
2025-03-06,-0.07000000000000006,,0.0527887788778877
2025-03-07,0.0019667013527575467,,
2025-03-10,-2.0122792321330962e-16,0.012211495485831777,0.04999999999999999
2025-03-11,0.010673360897814323,1.1275702593849246e-16,
2025-03-12,0.050000000000000204,-0.012766495621812535,
2025-03-13,,0.05287878787878811,0.05346671796844919
2025-03-14,0.012498644244755792,-0.02007226013649137,-0.0466170388751035
2025-03-17,0.025860864281917084,,
2025-03-18,0.005838779956427119,0.014051689332957893,-0.007731794617040629
2025-03-19,0.051574176377287825,-0.0800000000000001,-0.0249886621315193
2025-03-20,-0.001326537126245475,0.02497277991961415,
2025-03-21,0.014553021233370324,-0.0045004689876832656,1.491862189340054e-16
2025-03-24,-0.0007704560816400359,-0.0035964912280702158,-0.015385764061722268
2025-03-25,,,0.0019385776961534304
2025-03-27,-2.6020852139652106e-17,,
2025-03-28,-0.02293900184842898,0.01526687641441744,
2025-03-31,0.0500000000000002,-0.05183632059519785,
2025-04-01,-2.2551405187698492e-17,6.938893903907228e-17,0.0008408903544930985
2025-04-03,,0.04999999999999991,-0.06999999999999994
2025-04-07,-0.055712777191129985,,
2025-04-08,-0.03669201067716585,,
2025-04-10,,0.05909030028831353,0.07558128908186756
2025-04-11,0.0507991360691145,,
2025-04-14,,0.04999999999999998,
2025-04-15,0.006894639556377247,0.024728132387707002,
2025-04-16,,0.04999999999999999,0.04999999999999997
2025-04-17,,5.724587470723463e-17,-0.02024965325936203
2025-04-21,0.030550996483001174,-0.018196169343710326,0.008147778055347362
2025-04-22,0.0009051254089420639,,0.0033891213389121363
2025-04-23,,,0.002167863965583945
2025-04-24,0.050000000000000065,,-0.02318295739348364
2025-04-25,0.007636492005038541,0.0011821086261980165,-0.0507023411371237
2025-04-28,8.500145032286355e-17,-1.6653345369377348e-16,0.05000000000000002
2025-04-29,0.00034353313081924436,0.0019866186309829593,-0.01949579831932777
2025-04-30,0.0500000000000002,-0.08000000000000011,-0.06377291733676436
2025-05-01,-0.028536733454766264,0.019999999999999966,-0.008633441856582415
2025-05-02,-0.008674694350369846,-0.006413994169096209,-0.024518828451883017
2025-05-05,-0.006262550938166052,0.0069605568445475635,0.032457865168539206
2025-05-06,0.0068409968409968765,-0.019347705914870093,
2025-05-07,-2.0816681711721685e-17,-0.05999999999999993,
2025-05-08,0.05000000000000001,-0.022601726263871906,
2025-05-09,0.007179125528913997,0.0005910597146141783,
2025-05-12,0.006973339577804603,,
2025-05-13,0.005104812708206125,,
2025-05-14,,0.0023509430860170367,
2025-05-15,0.0007220806691985056,-0.009369676320272573,
2025-05-16,0.023280481137233616,-0.02104377104377104,
2025-05-19,0.018452398781888212,-0.013311148086522463,
2025-05-20,0.020000000000000073,-0.007957351290684676,
2025-05-22,-0.005901060070671255,,
2025-05-23,0.02431818181818191,,0.027020280811232616
2025-05-27,-0.008935730808946192,-0.004878048780487805,
2025-05-28,0.007331654622491284,0.010000000000000016,0.009999999999999986
2025-05-29,-0.027303754266211427,0.042835259628885826,0.02605882140638423
2025-05-30,,1.0408340855860843e-16,
2025-06-02,0.0017892374032722966,-0.020801924619085962,-0.008559434379142826
2025-06-03,0.010000000000000089,,
2025-06-04,0.019087447685578525,-0.004574565416285453,
2025-06-05,-0.06000000000000018,0.05000000000000006,
2025-06-06,-0.02280954912533851,0.04169906084878365,
2025-06-09,-0.002441605034197575,0.011097922848664699,
2025-06-10,0.018674528086292826,-0.0168872802481903,
2025-06-11,-0.033266239707227856,0.04999999999999996,
2025-06-12,-0.006833170856732262,0.013697478991596663,
2025-06-13,,0.03126630738875636,
2025-06-16,-0.005355080962641675,0.00784250269687167,
2025-06-17,-0.015780189959294456,0.04051144354941832,0.04999999999999993
2025-06-18,-0.02313974591651534,,0.050000000000000044
2025-06-20,,,-0.007683489733179257
2025-06-23,4.163336342344337e-17,-0.038447729672650456,-0.03268690530131389
2025-06-24,0.009999999999999986,-0.014319809069212413,-0.012133468149646135
2025-06-25,0.010000000000000047,-0.009141962447149479,-0.0031612956587367576
2025-06-26,0.0029315234362552577,-8.827238335434515e-05,
2025-06-27,,0.02028253009802834,
2025-08-04,0.011275663706164124,-0.008985879332477536,
2025-08-05,0.028789346246973317,-0.025062656641604012,-0.020910209102091057
2025-08-06,0.030000000000000023,-0.025454545454545452,-0.027706185567010204
2025-08-07,-0.003100436681222762,0.01592867450010306,0.05010101010100996
2025-08-08,0.016190437084746174,-0.005333333333333333,-0.009587997543909071
2025-08-18,0.0064478418908798935,0.0013294797687861473,
2025-08-25,0.005706081848213931,-0.001466275659824047,0.0025062447960034215
2025-08-26,0.0007946223396259388,0.0025816023738871674,-0.0033557046979866252
2025-08-27,0.01652036135907099,-0.013333333333333334,
2025-10-08,0.0,,
2025-10-09,0.00023764258555145236,0.006445248740330756,
2025-10-10,-0.08000000000000004,0.1045400685150179,
2025-10-13,0.019864364445058683,,
2025-10-14,-4.85722573273506e-17,0.014616412723870653,
2025-10-15,-1.196959198423997e-16,0.05000000000000006,-0.004152046783625783
2025-10-16,-0.018808416931734753,0.049999999999999954,0.050000000000000065
2025-10-17,0.03049677098857429,-0.020000000000000122,
2025-10-20,-0.005153768164920576,0.01000000000000003,
2025-10-21,0.017938052905932873,-0.01272264631043257,-0.005210084033613255
2025-10-22,,,0.05933701657458587
2025-10-23,0.031575923206017126,,-0.024291010194624693
2025-10-24,0.007749231444883648,-0.006103818938043513,0.005419309372797682
2025-10-27,0.013247059226703273,-0.00872093023255814,-0.006207381585787182
2025-10-28,0.010553741574535577,-0.016097575175384897,
2025-10-29,-0.008803521408563381,0.03751431110376323,
2025-11-05,0.005072696821612745,,
2025-11-06,0.01439081939081947,6.938893903907228e-18,0.00047007174215655916
2025-11-07,0.051669203450025424,,
2025-11-10,0.03499724840673873,-0.01999999999999995,-0.021919483014583883
2025-11-11,-0.0020878865380143767,0.011821493624772446,-0.00585320131223378
2025-11-12,0.0036291240045505675,-0.0013636363636363377,-0.012498526117203075
2025-11-14,-0.03387697079348657,,
2025-11-17,-0.08000000000000018,,
2025-11-18,,-0.01537037037037036,-0.058562091503268125
2025-11-19,-1.43982048506075e-16,,
2025-11-20,-0.08000000000000004,0.06909192042191634,0.0629373190285282
2025-11-21,,,-0.06759898401314825
2025-11-24,0.02954386668672407,,
2025-11-26,0.0019871190107802004,-0.02173913043478261,-0.015777910924705395
2025-12-01,0.011501416430594965,-0.005813953488372093,0.008982661374556083
2025-12-02,0.0005435801312090576,,0.010253707645011956
2025-12-03,0.020000000000000066,-0.043029315960911946,
2025-12-04,0.004684151712351255,0.017314921365554507,
2025-12-05,-0.001033312115425471,0.010132908027644863,
2025-12-15,-0.019229504345783473,0.030101010101010184,-0.017357093265447814
2025-12-16,0.005927389478883548,-0.0031884057971014457,-0.0015430993397094576
2025-12-17,-0.03387382401770898,0.049999999999999864,0.03311713586661738
2025-12-18,-0.00719342604298359,,0.013542712673147543
2025-12-19,0.018893562632939374,,
2025-12-22,-0.004390018484288302,0.010000000000000026,
2025-12-23,0.010000000000000066,-0.009836065573770491,
2026-01-09,,-0.020833333333333332,
2026-01-12,0.009999999999999992,-0.012765957446808512,
2026-01-13,-0.00671583087512286,0.02696925587755275,
2026-01-15,,0.020000000000000115,
2026-01-22,,0.0025445292620865138,-0.013679110857794354
2026-01-23,-0.01837060702875397,0.050215777146558956,0.04000000000000009
2026-01-26,-0.0037680209698557807,0.009854368932038908,0.01725164194839796
2026-01-27,-0.010104071477006552,0.01871391076115487,0.020000000000000007
2026-01-28,,-0.02577689462935358,
2026-01-30,-0.08000000000000015,0.050818412938821944,
2026-02-02,-0.015812351178350496,,
2026-02-03,,0.050471204188481805,0.04999999999999973
2026-02-04,,0.04999999999999997,0.07256056656573094
2026-02-09,-0.004340095808197249,,-0.0033679483581253024
2026-02-10,,,0.019265525394557823
2026-02-11,0.021027598355842475,-0.021514662672120714,0.0
2026-02-12,-0.057465224111282964,0.05807705790756661,0.03000000000000012
2026-02-13,,,-2.42861286636753e-17
2026-02-17,,-9.020562075079397e-17,-0.07000000000000003
2026-02-18,-0.024532199270959953,0.05000000000000011,
2026-02-19,0.009770256372301953,0.05,0.020791314118879696
2026-02-20,-0.014181687884414448,,
2026-02-23,0.02107082759675673,0.021942328311043244,0.015942202357799296
2026-02-24,0.004227994227994333,0.0009638554216867597,
2026-02-25,,0.02814229249011843,-0.022068598776920988
2026-02-26,,,-0.021333333333333232
2026-02-27,-0.005709754163362402,0.01461719939117197,0.05000000000000025
2026-03-03,0.05852902249952728,-0.0030415680973301575,-0.08000000000000008
2026-03-04,-0.009674009674009634,0.030383631713555088,0.02192956713132805
2026-03-05,-0.08000000000000017,-0.011481115773883019,0.057889673933761855
2026-03-06,-0.05000000000000007,0.050000000000000024,0.050000000000000114
2026-03-09,0.06011895320613894,-0.07000000000000012,
2026-03-10,-0.03416122004357292,0.04999999999999999,0.07946406775140963
2026-03-11,-0.01579004453961168,0.04999999999999988,0.050000000000000176
2026-03-12,,0.0005492274995821529,0.020000000000000052
2026-03-13,-0.003614992749216662,0.020717032160576566,0.031815175794573075
2026-03-16,0.010703833652783788,0.01000000000000002,
2026-03-17,0.0026255333114539887,-0.0018023330606112727,0.014263189385140734
2026-03-18,,,0.049999999999999954
2026-03-20,,0.00524286882072017,0.028927993017656355
2026-03-23,-0.05348107109879961,,
2026-03-24,-0.0029499667741777983,-2.0816681711721685e-17,0.051816543160424625
2026-03-25,-0.008854166666666632,0.016404867256637198,0.022517613094200827
2026-03-26,-0.03541195155846724,0.029999999999999923,
2026-03-27,,0.030000000000000006,0.049999999999999954
2026-03-30,,0.0500000000000001,0.01843943997790148
2026-03-31,0.051031946678924585,,-0.08000000000000008
2026-04-01,-0.012579277709616046,,0.00956429535376917
2026-04-02,0.02000000000000001,,
2026-04-06,0.014597278411180548,-0.00700198356474927,0.015889941544043513
2026-04-07,0.05146661734788236,-0.05000000000000013,-1.5439038936193583e-16
2026-04-08,0.05000000000000008,-0.059390681003584175,-0.03529960053262315
2026-04-09,0.04999999999999993,-0.036098310291858594,-0.04699784534354807
2026-04-10,-0.007959544358011666,,0.025358481234187553
2026-04-13,0.03000000000000006,-0.0436624063464081,-0.03678562452877609
2026-04-14,0.019999999999999886,-0.03132797833778865,0.013630980571795478
2026-04-15,-2.896988204881268e-16,-0.030333489901362212,-0.007826746163460116
2026-04-16,-0.00526689876729028,-0.011154219204655593,
2026-04-17,0.026900436558231038,-0.015064935064935095,
2026-04-20,0.031363112089755694,-0.02632715615714069,
2026-04-21,,-0.003928170594837155,
2026-04-29,0.01062491036121869,9.71445146547012e-17,
2026-04-30,0.009777650721047061,-0.034444444444444444,
2026-05-01,0.039999999999999925,,
2026-05-04,-0.0129548989113528,0.0018360333824249432,
2026-05-05,-0.011108820103794884,0.0005820105820104598,
2026-05-06,0.051832467288549774,,
2026-05-08,0.04337080574234723,,
2026-05-11,,-0.02840236686390539,
2026-05-12,,0.056635784597568004,
2026-05-13,,-2.42861286636753e-17,
2026-05-15,0.05000000000000005,5.898059818321144e-17,
2026-05-18,,0.04999999999999991,
2026-05-19,,-0.06999999999999998,
2026-05-20,0.019999999999999962,-0.007674418604651194,
2026-05-21,0.05087640963993361,0.005421115065243008,
2026-05-22,0.0015469179426775802,0.012583979328165299,
2026-05-26,3.642919299551295e-17,,
2026-05-28,,-0.018410174880763144,
2026-05-29,-0.007113007913221278,0.01831146596940127,
2026-06-01,,-0.01317965023847378,
2026-06-02,0.023415792491465394,,
2026-06-03,,-0.021936127744511015,
2026-06-04,,-0.043853564547206146,
2026-06-05,,0.053189273944267125,
2026-06-08,,0.013460921101370581,
2026-06-09,-0.07000000000000015,,
2026-06-10,,,0.009242516799022313
2026-06-11,0.05164262212098208,,-0.06999999999999992
2026-06-12,1.0061396160665481e-16,,-0.02607937050975033
2026-06-15,0.0506753482737737,-0.04758793969849241,-0.02314990512333977
2026-06-16,-0.060000000000000005,6.938893903907228e-17,0.013511709574641376
2026-06-17,,-0.03887323943661988,0.0406777498704302
2026-06-18,0.026369905371862346,-1.5959455978986625e-16,-0.011689355147579152
2026-06-22,0.00905650840718405,0.012576481143816626,
2026-06-23,9.020562075079397e-17,0.050000000000000086,
2026-06-24,,0.052416281036970734,
2026-06-25,,-0.05952879581151852,
2026-06-26,0.05000000000000015,0.039999999999999966,
2026-06-29,,-0.08000000000000015,
2026-06-30,0.04238390092879287,,-0.033672670321064975
2026-07-01,-0.04913726182074818,,0.019599350255088056
2026-07-02,-0.050000000000000114,,
2026-07-06,-0.048205382858277926,,
2026-07-07,,5.551115123125783e-17,
2026-07-08,0.006974840860867006,,
2026-07-09,-0.0407096007850023,0.057721518987341916,
2026-07-10,0.051171384070035936,,
2026-07-13,,0.05000000000000016,
2026-07-14,,-0.00620370370370372,
2026-07-15,,0.05205078545298063,
2026-07-16,,0.05010101010101024,
2026-07-17,0.0679800567959128,,
2026-07-20,0.05427144284287151,0.004291307752545199,
2026-07-21,0.03249255503239578,-0.032863468101461145,
2026-07-22,-0.01409266115148468,,
2026-07-24,,0.0020240480961924243,
2026-07-27,,0.060418558880952,
2026-07-28,,-1.3530843112619095e-16,
2026-07-29,,0.05028985507246374,
2026-07-30,0.021118362490079184,,-0.025709624796085
2026-07-31,,,-0.04493660185967871
